datetime,timestamp,open,high,low,close,volume
2025-10-13 14:30:00,1760365800000,7.6,11.985,7.6,11.117,792456.54
2025-10-13 14:35:00,1760366100000,11.133,11.5,10.781,10.853,165002.16
2025-10-13 14:40:00,1760366400000,10.863,11.0,10.126,10.13,166011.85
2025-10-13 14:45:00,1760366700000,10.126,10.22,9.066,9.7,252408.11
2025-10-13 14:50:00,1760367000000,9.695,10.343,9.454,9.533,144457.47
2025-10-13 14:55:00,1760367300000,9.533,10.0,9.475,9.813,85625.73
2025-10-13 15:00:00,1760367600000,9.812,10.122,9.486,9.675,93758.91
2025-10-13 15:05:00,1760367900000,9.675,9.8,9.45,9.687,55602.8
2025-10-13 15:10:00,1760368200000,9.673,10.075,9.567,9.771,56642.82
2025-10-13 15:15:00,1760368500000,9.773,10.35,9.58,10.123,83172.2
2025-10-13 15:20:00,1760368800000,10.124,10.35,9.707,9.825,81792.71
2025-10-13 15:25:00,1760369100000,9.821,9.978,9.742,9.82,44873.67
2025-10-13 15:30:00,1760369400000,9.818,10.047,9.617,9.729,45596.25
2025-10-13 15:35:00,1760369700000,9.733,9.779,9.585,9.713,24163.78
2025-10-13 15:40:00,1760370000000,9.71,9.745,9.58,9.722,18732.58
2025-10-13 15:45:00,1760370300000,9.718,9.926,9.707,9.789,29387.02
2025-10-13 15:50:00,1760370600000,9.79,9.85,9.595,9.705,29488.43
2025-10-13 15:55:00,1760370900000,9.707,9.82,9.65,9.735,16738.31
2025-10-13 16:00:00,1760371200000,9.734,9.743,9.52,9.575,22881.19
2025-10-13 16:05:00,1760371500000,9.58,9.72,9.558,9.643,26267.71
2025-10-13 16:10:00,1760371800000,9.642,9.66,9.067,9.377,39393.77
2025-10-13 16:15:00,1760372100000,9.383,9.418,9.025,9.169,43281.04
2025-10-13 16:20:00,1760372400000,9.174,9.434,9.121,9.346,28349.03
2025-10-13 16:25:00,1760372700000,9.345,9.496,9.272,9.345,17591.44
2025-10-13 16:30:00,1760373000000,9.35,9.49,9.2,9.464,22980.17
2025-10-13 16:35:00,1760373300000,9.464,9.836,9.341,9.601,38537.16
2025-10-13 16:40:00,1760373600000,9.609,9.8,9.553,9.751,27793.83
2025-10-13 16:45:00,1760373900000,9.756,10.182,9.652,9.994,74524.66
2025-10-13 16:50:00,1760374200000,9.995,10.071,9.811,9.935,23725.7
2025-10-13 16:55:00,1760374500000,9.933,9.939,9.501,9.632,46778.13
2025-10-13 17:00:00,1760374800000,9.639,9.645,9.406,9.442,23801.67
2025-10-13 17:05:00,1760375100000,9.442,9.827,9.434,9.626,31296.33
2025-10-13 17:10:00,1760375400000,9.626,9.683,9.564,9.642,12566.68
2025-10-13 17:15:00,1760375700000,9.651,9.658,9.504,9.558,9560.41
2025-10-13 17:20:00,1760376000000,9.562,9.586,9.291,9.408,18844.41
2025-10-13 17:25:00,1760376300000,9.409,9.537,9.371,9.49,9253.11
2025-10-13 17:30:00,1760376600000,9.487,9.589,9.371,9.396,12616.48
2025-10-13 17:35:00,1760376900000,9.395,9.431,9.344,9.414,10578.31
2025-10-13 17:40:00,1760377200000,9.414,9.481,9.35,9.384,14434.66
2025-10-13 17:45:00,1760377500000,9.384,9.47,9.36,9.387,8392.8
2025-10-13 17:50:00,1760377800000,9.372,9.425,9.25,9.425,11974.15
2025-10-13 17:55:00,1760378100000,9.425,9.657,9.391,9.575,27312.82
2025-10-13 18:00:00,1760378400000,9.575,9.63,9.434,9.466,21885.33
2025-10-13 18:05:00,1760378700000,9.466,9.472,9.316,9.345,19878.8
2025-10-13 18:10:00,1760379000000,9.342,9.416,9.302,9.398,11261.32
2025-10-13 18:15:00,1760379300000,9.393,9.455,9.322,9.377,6974.97
2025-10-13 18:20:00,1760379600000,9.377,9.415,9.33,9.376,6484.3
2025-10-13 18:25:00,1760379900000,9.367,9.391,9.342,9.359,11471.24
2025-10-13 18:30:00,1760380200000,9.363,9.376,9.246,9.32,18373.24
2025-10-13 18:35:00,1760380500000,9.322,9.439,9.317,9.389,11713.39
2025-10-13 18:40:00,1760380800000,9.393,9.445,9.377,9.426,8391.59
2025-10-13 18:45:00,1760381100000,9.431,9.551,9.407,9.542,7186.12
2025-10-13 18:50:00,1760381400000,9.549,9.588,9.495,9.557,13206.68
2025-10-13 18:55:00,1760381700000,9.557,9.615,9.516,9.592,8183.44
2025-10-13 19:00:00,1760382000000,9.589,9.883,9.517,9.729,46469.96
2025-10-13 19:05:00,1760382300000,9.73,9.772,9.652,9.665,23319.32
2025-10-13 19:10:00,1760382600000,9.666,9.672,9.398,9.49,17088.32
2025-10-13 19:15:00,1760382900000,9.491,9.568,9.428,9.515,11875.03
2025-10-13 19:20:00,1760383200000,9.516,9.596,9.463,9.496,15948.23
2025-10-13 19:25:00,1760383500000,9.496,9.526,9.423,9.483,12164.93
2025-10-13 19:30:00,1760383800000,9.483,9.524,9.48,9.485,4761.17
2025-10-13 19:35:00,1760384100000,9.485,9.574,9.48,9.539,9641.58
2025-10-13 19:40:00,1760384400000,9.537,9.642,9.534,9.605,14176.1
2025-10-13 19:45:00,1760384700000,9.601,9.663,9.506,9.521,17674.27
2025-10-13 19:50:00,1760385000000,9.52,9.549,9.416,9.43,11978.63
2025-10-13 19:55:00,1760385300000,9.432,9.48,9.431,9.455,6396.77
2025-10-13 20:00:00,1760385600000,9.457,9.505,9.35,9.45,16185.79
2025-10-13 20:05:00,1760385900000,9.45,9.582,9.45,9.581,8321.09
2025-10-13 20:10:00,1760386200000,9.58,9.58,9.462,9.469,7030.06
2025-10-13 20:15:00,1760386500000,9.465,9.533,9.4,9.52,6566.48
2025-10-13 20:20:00,1760386800000,9.52,9.558,9.495,9.545,5499.17
2025-10-13 20:25:00,1760387100000,9.545,9.594,9.471,9.475,4236.37
2025-10-13 20:30:00,1760387400000,9.474,9.484,9.42,9.42,4975.41
2025-10-13 20:35:00,1760387700000,9.42,9.517,9.401,9.496,11242.43
2025-10-13 20:40:00,1760388000000,9.493,9.568,9.443,9.495,20508.95
2025-10-13 20:45:00,1760388300000,9.495,9.504,9.44,9.469,3497.78
2025-10-13 20:50:00,1760388600000,9.466,9.584,9.44,9.502,17172.62
2025-10-13 20:55:00,1760388900000,9.504,9.56,9.504,9.55,6120.9
2025-10-13 21:00:00,1760389200000,9.551,9.77,9.527,9.754,26036.05
2025-10-13 21:05:00,1760389500000,9.752,10.0,9.752,9.821,43381.45
2025-10-13 21:10:00,1760389800000,9.816,9.881,9.731,9.82,27825.75
2025-10-13 21:15:00,1760390100000,9.819,9.87,9.675,9.682,16471.0
2025-10-13 21:20:00,1760390400000,9.683,9.73,9.601,9.693,11451.53
2025-10-13 21:25:00,1760390700000,9.682,9.727,9.642,9.702,8293.82
2025-10-13 21:30:00,1760391000000,9.699,9.78,9.562,9.598,13732.25
2025-10-13 21:35:00,1760391300000,9.597,9.602,9.3,9.473,27331.72
2025-10-13 21:40:00,1760391600000,9.476,9.546,9.453,9.546,4169.59
2025-10-13 21:45:00,1760391900000,9.546,9.546,9.446,9.51,4632.29
2025-10-13 21:50:00,1760392200000,9.509,9.539,9.486,9.496,4274.51
2025-10-13 21:55:00,1760392500000,9.497,9.526,9.463,9.466,2498.33
2025-10-13 22:00:00,1760392800000,9.468,9.503,9.438,9.444,5771.76
2025-10-13 22:05:00,1760393100000,9.444,9.533,9.442,9.515,4803.31
2025-10-13 22:10:00,1760393400000,9.515,9.692,9.511,9.631,8488.17
2025-10-13 22:15:00,1760393700000,9.638,9.666,9.58,9.602,5913.61
2025-10-13 22:20:00,1760394000000,9.607,9.608,9.481,9.498,5681.39
2025-10-13 22:25:00,1760394300000,9.5,9.557,9.497,9.505,5574.8
2025-10-13 22:30:00,1760394600000,9.503,9.547,9.485,9.509,3445.09
2025-10-13 22:35:00,1760394900000,9.51,9.51,9.473,9.475,3070.83
2025-10-13 22:40:00,1760395200000,9.473,9.504,9.444,9.493,3575.84
2025-10-13 22:45:00,1760395500000,9.493,9.557,9.3,9.549,11947.16
2025-10-13 22:50:00,1760395800000,9.544,9.59,9.485,9.51,7056.27
2025-10-13 22:55:00,1760396100000,9.51,9.516,9.446,9.452,3524.17
2025-10-13 23:00:00,1760396400000,9.444,9.46,9.378,9.448,6347.65
2025-10-13 23:05:00,1760396700000,9.451,9.451,9.36,9.382,5519.63
2025-10-13 23:10:00,1760397000000,9.382,9.446,9.382,9.404,4523.42
2025-10-13 23:15:00,1760397300000,9.406,9.427,9.387,9.424,3348.31
2025-10-13 23:20:00,1760397600000,9.425,9.443,9.403,9.434,3331.69
2025-10-13 23:25:00,1760397900000,9.435,9.52,9.435,9.467,3418.49
2025-10-13 23:30:00,1760398200000,9.468,9.539,9.468,9.48,3151.79
2025-10-13 23:35:00,1760398500000,9.478,9.48,9.415,9.437,3047.65
2025-10-13 23:40:00,1760398800000,9.437,9.45,9.414,9.45,1757.29
2025-10-13 23:45:00,1760399100000,9.45,9.45,9.41,9.43,3640.5
2025-10-13 23:50:00,1760399400000,9.431,9.482,9.422,9.454,2504.75
2025-10-13 23:55:00,1760399700000,9.455,9.529,9.445,9.458,5696.43
2025-10-14 00:00:00,1760400000000,9.449,9.449,9.387,9.387,3166.0
2025-10-14 00:05:00,1760400300000,9.387,9.471,9.228,9.455,14675.07
2025-10-14 00:10:00,1760400600000,9.456,9.514,9.429,9.44,7665.39
2025-10-14 00:15:00,1760400900000,9.441,9.456,9.343,9.361,6188.84
2025-10-14 00:20:00,1760401200000,9.36,9.404,9.358,9.395,3707.5
2025-10-14 00:25:00,1760401500000,9.388,9.405,9.315,9.399,5693.01
2025-10-14 00:30:00,1760401800000,9.405,9.429,9.361,9.403,5474.58
2025-10-14 00:35:00,1760402100000,9.408,9.44,9.383,9.399,2696.25
2025-10-14 00:40:00,1760402400000,9.394,9.491,9.351,9.444,8195.86
2025-10-14 00:45:00,1760402700000,9.448,9.478,9.448,9.468,1680.31
2025-10-14 00:50:00,1760403000000,9.47,9.576,9.454,9.5,12789.86
2025-10-14 00:55:00,1760403300000,9.506,9.56,9.5,9.525,5786.06
2025-10-14 01:00:00,1760403600000,9.524,9.65,9.52,9.65,6571.66
2025-10-14 01:05:00,1760403900000,9.65,9.71,9.547,9.61,10786.71
2025-10-14 01:10:00,1760404200000,9.61,9.62,9.584,9.594,2557.65
2025-10-14 01:15:00,1760404500000,9.595,9.71,9.499,9.505,9576.61
2025-10-14 01:20:00,1760404800000,9.499,9.563,9.4,9.55,10676.18
2025-10-14 01:25:00,1760405100000,9.556,9.628,9.547,9.608,4692.66
2025-10-14 01:30:00,1760405400000,9.61,9.659,9.606,9.647,4241.74
2025-10-14 01:35:00,1760405700000,9.648,9.684,9.598,9.646,3253.21
2025-10-14 01:40:00,1760406000000,9.65,9.7,9.63,9.687,4640.23
2025-10-14 01:45:00,1760406300000,9.681,9.855,9.578,9.622,13967.99
2025-10-14 01:50:00,1760406600000,9.612,9.646,9.531,9.552,13366.22
2025-10-14 01:55:00,1760406900000,9.563,9.624,9.509,9.55,5895.86
2025-10-14 02:00:00,1760407200000,9.563,9.666,9.558,9.581,3259.57
2025-10-14 02:05:00,1760407500000,9.581,9.694,9.574,9.65,9699.01
2025-10-14 02:10:00,1760407800000,9.651,9.748,9.62,9.745,10417.1
2025-10-14 02:15:00,1760408100000,9.739,9.764,9.649,9.675,4720.03
2025-10-14 02:20:00,1760408400000,9.681,9.705,9.631,9.66,3901.95
2025-10-14 02:25:00,1760408700000,9.66,9.66,9.442,9.454,12740.56
2025-10-14 02:30:00,1760409000000,9.463,9.52,9.426,9.506,5845.51
2025-10-14 02:35:00,1760409300000,9.506,9.548,9.5,9.514,2497.1
2025-10-14 02:40:00,1760409600000,9.515,9.522,9.461,9.491,2052.13
2025-10-14 02:45:00,1760409900000,9.487,9.557,9.434,9.448,4801.6
2025-10-14 02:50:00,1760410200000,9.449,9.456,9.299,9.336,8372.33
2025-10-14 02:55:00,1760410500000,9.329,9.407,8.493,9.074,97918.88
2025-10-14 03:00:00,1760410800000,9.085,9.535,9.075,9.386,30876.03
2025-10-14 03:05:00,1760411100000,9.387,9.4,9.116,9.131,15347.8
2025-10-14 03:10:00,1760411400000,9.126,9.185,8.9,8.934,37308.56
2025-10-14 03:15:00,1760411700000,8.934,9.171,8.901,9.077,18071.22
2025-10-14 03:20:00,1760412000000,9.065,9.147,8.966,9.021,10478.2
2025-10-14 03:25:00,1760412300000,9.024,9.051,8.972,9.011,8596.3
2025-10-14 03:30:00,1760412600000,9.009,9.03,8.82,8.833,11452.93
2025-10-14 03:35:00,1760412900000,8.837,8.981,8.7,8.909,10885.11
2025-10-14 03:40:00,1760413200000,8.911,9.04,8.906,8.99,7676.51
2025-10-14 03:45:00,1760413500000,8.984,9.042,8.921,8.973,7913.62
2025-10-14 03:50:00,1760413800000,8.985,9.031,8.907,8.965,6112.03
2025-10-14 03:55:00,1760414100000,8.963,8.981,8.913,8.935,5955.16
2025-10-14 04:00:00,1760414400000,8.932,8.97,8.802,8.843,11846.89
2025-10-14 04:05:00,1760414700000,8.84,8.999,8.84,8.914,6382.02
2025-10-14 04:10:00,1760415000000,8.912,8.932,8.852,8.879,3850.42
2025-10-14 04:15:00,1760415300000,8.88,8.926,8.865,8.901,6670.66
2025-10-14 04:20:00,1760415600000,8.901,8.998,8.887,8.97,5482.12
2025-10-14 04:25:00,1760415900000,8.968,8.968,8.938,8.943,2091.86
2025-10-14 04:30:00,1760416200000,8.938,8.959,8.853,8.9,10269.52
2025-10-14 04:35:00,1760416500000,8.9,8.903,8.829,8.833,4186.92
2025-10-14 04:40:00,1760416800000,8.829,8.859,8.8,8.833,7082.64
2025-10-14 04:45:00,1760417100000,8.836,8.867,8.8,8.86,5966.19
2025-10-14 04:50:00,1760417400000,8.856,8.955,8.85,8.9,3921.04
2025-10-14 04:55:00,1760417700000,8.901,9.115,8.877,9.057,18232.54
2025-10-14 05:00:00,1760418000000,9.051,9.056,8.991,9.052,7622.79
2025-10-14 05:05:00,1760418300000,9.05,9.274,9.05,9.202,11239.86
2025-10-14 05:10:00,1760418600000,9.214,9.218,9.062,9.113,11333.04
2025-10-14 05:15:00,1760418900000,9.099,9.127,9.023,9.064,5630.09
2025-10-14 05:20:00,1760419200000,9.063,9.145,8.991,9.122,4868.94
2025-10-14 05:25:00,1760419500000,9.109,9.164,9.094,9.131,3425.54
2025-10-14 05:30:00,1760419800000,9.129,9.138,9.012,9.087,7575.73
2025-10-14 05:35:00,1760420100000,9.085,9.12,9.013,9.018,3831.83
2025-10-14 05:40:00,1760420400000,9.019,9.106,9.012,9.05,5811.95
2025-10-14 05:45:00,1760420700000,9.045,9.045,8.93,8.984,8627.86
2025-10-14 05:50:00,1760421000000,8.992,8.998,8.871,8.88,4951.02
2025-10-14 05:55:00,1760421300000,8.888,8.895,8.823,8.848,8275.46
2025-10-14 06:00:00,1760421600000,8.855,8.972,8.851,8.972,5354.92
2025-10-14 06:05:00,1760421900000,8.97,9.009,8.886,8.907,10115.02
2025-10-14 06:10:00,1760422200000,8.904,8.918,8.846,8.852,10299.99
2025-10-14 06:15:00,1760422500000,8.849,8.92,8.846,8.906,6567.82
2025-10-14 06:20:00,1760422800000,8.908,8.909,8.773,8.798,7876.55
2025-10-14 06:25:00,1760423100000,8.791,8.822,8.572,8.61,27336.16
2025-10-14 06:30:00,1760423400000,8.627,8.761,8.523,8.65,47271.48
2025-10-14 06:35:00,1760423700000,8.647,8.833,8.638,8.785,8615.12
2025-10-14 06:40:00,1760424000000,8.787,8.836,8.649,8.657,10785.13
2025-10-14 06:45:00,1760424300000,8.664,8.716,8.568,8.629,9734.87
2025-10-14 06:50:00,1760424600000,8.627,8.763,8.594,8.732,12382.16
2025-10-14 06:55:00,1760424900000,8.732,8.732,8.623,8.635,4167.44
2025-10-14 07:00:00,1760425200000,8.636,8.657,8.544,8.585,7019.89
2025-10-14 07:05:00,1760425500000,8.586,8.652,8.561,8.606,14944.01
2025-10-14 07:10:00,1760425800000,8.606,8.618,8.562,8.599,6902.15
2025-10-14 07:15:00,1760426100000,8.597,8.643,8.57,8.636,4360.92
2025-10-14 07:20:00,1760426400000,8.635,8.638,8.566,8.584,5532.5
2025-10-14 07:25:00,1760426700000,8.582,8.651,8.56,8.651,4726.83
2025-10-14 07:30:00,1760427000000,8.646,8.829,8.638,8.779,21446.15
2025-10-14 07:35:00,1760427300000,8.764,8.802,8.715,8.761,7853.33
2025-10-14 07:40:00,1760427600000,8.76,8.788,8.704,8.739,5333.56
2025-10-14 07:45:00,1760427900000,8.749,8.781,8.656,8.692,4654.07
2025-10-14 07:50:00,1760428200000,8.688,8.776,8.688,8.747,4508.66
2025-10-14 07:55:00,1760428500000,8.754,8.77,8.7,8.73,5882.38
2025-10-14 08:00:00,1760428800000,8.732,8.799,8.606,8.636,6806.75
2025-10-14 08:05:00,1760429100000,8.644,8.683,8.61,8.622,1922.76
2025-10-14 08:10:00,1760429400000,8.628,8.65,8.58,8.62,4681.79
2025-10-14 08:15:00,1760429700000,8.623,8.669,8.54,8.644,8202.14
2025-10-14 08:20:00,1760430000000,8.647,8.676,8.597,8.626,4442.64
2025-10-14 08:25:00,1760430300000,8.627,8.636,8.561,8.592,5193.63
2025-10-14 08:30:00,1760430600000,8.588,8.666,8.588,8.622,3739.41
2025-10-14 08:35:00,1760430900000,8.622,8.836,8.609,8.779,9511.97
2025-10-14 08:40:00,1760431200000,8.777,8.841,8.705,8.726,9071.69
2025-10-14 08:45:00,1760431500000,8.728,8.732,8.602,8.659,7220.15
2025-10-14 08:50:00,1760431800000,8.656,8.696,8.615,8.631,3430.23
2025-10-14 08:55:00,1760432100000,8.648,8.747,8.616,8.731,5436.61
2025-10-14 09:00:00,1760432400000,8.727,8.727,8.626,8.663,14395.32
2025-10-14 09:05:00,1760432700000,8.663,8.663,8.425,8.558,20389.16
2025-10-14 09:10:00,1760433000000,8.558,8.571,8.517,8.54,10766.7
2025-10-14 09:15:00,1760433300000,8.534,8.591,8.5,8.557,6405.75
2025-10-14 09:20:00,1760433600000,8.554,8.573,8.501,8.536,4552.12
2025-10-14 09:25:00,1760433900000,8.538,8.579,8.526,8.548,5161.63
2025-10-14 09:30:00,1760434200000,8.547,8.56,8.362,8.464,19541.86
2025-10-14 09:35:00,1760434500000,8.465,8.482,8.407,8.429,10592.64
2025-10-14 09:40:00,1760434800000,8.419,8.46,8.211,8.262,19472.89
2025-10-14 09:45:00,1760435100000,8.267,8.359,8.203,8.275,12856.64
2025-10-14 09:50:00,1760435400000,8.275,8.322,8.215,8.284,8166.19
2025-10-14 09:55:00,1760435700000,8.278,8.338,8.276,8.297,9954.03
2025-10-14 10:00:00,1760436000000,8.297,8.34,8.261,8.28,12384.58
2025-10-14 10:05:00,1760436300000,8.281,8.286,8.183,8.225,5828.78
2025-10-14 10:10:00,1760436600000,8.234,8.279,8.167,8.178,3474.95
2025-10-14 10:15:00,1760436900000,8.176,8.219,8.143,8.145,4959.05
2025-10-14 10:20:00,1760437200000,8.14,8.163,8.041,8.086,6737.34
2025-10-14 10:25:00,1760437500000,8.087,8.167,8.087,8.158,4897.52
2025-10-14 10:30:00,1760437800000,8.16,8.194,8.08,8.15,4089.63
2025-10-14 10:35:00,1760438100000,8.138,8.287,8.103,8.259,3841.62
2025-10-14 10:40:00,1760438400000,8.249,8.307,8.227,8.278,3245.63
2025-10-14 10:45:00,1760438700000,8.285,8.38,8.265,8.285,8005.23
2025-10-14 10:50:00,1760439000000,8.285,8.313,8.248,8.3,2606.81
2025-10-14 10:55:00,1760439300000,8.306,8.372,8.282,8.282,8168.61
2025-10-14 11:00:00,1760439600000,8.284,8.477,8.267,8.418,5689.17
2025-10-14 11:05:00,1760439900000,8.413,8.413,7.18,7.623,240018.73
2025-10-14 11:10:00,1760440200000,7.622,7.75,7.301,7.391,99376.87
2025-10-14 11:15:00,1760440500000,7.396,7.531,7.192,7.27,73129.49
2025-10-14 11:20:00,1760440800000,7.266,7.387,7.037,7.144,48663.42
2025-10-14 11:25:00,1760441100000,7.148,7.349,7.1,7.308,20303.76
2025-10-14 11:30:00,1760441400000,7.313,7.518,7.303,7.496,16720.13
2025-10-14 11:35:00,1760441700000,7.489,7.492,7.015,7.114,52244.96
2025-10-14 11:40:00,1760442000000,7.111,7.3,7.111,7.208,17276.53
2025-10-14 11:45:00,1760442300000,7.205,7.3,7.193,7.272,10121.92
2025-10-14 11:50:00,1760442600000,7.272,7.45,7.248,7.436,29498.61
2025-10-14 11:55:00,1760442900000,7.437,7.489,7.201,7.233,22820.74
2025-10-14 12:00:00,1760443200000,7.239,7.808,7.205,7.808,30831.53
2025-10-14 12:05:00,1760443500000,7.808,9.665,7.797,8.636,237785.1
2025-10-14 12:10:00,1760443800000,8.631,9.219,8.5,9.081,90902.59
2025-10-14 12:15:00,1760444100000,9.086,9.241,8.648,8.832,50331.12
2025-10-14 12:20:00,1760444400000,8.838,9.036,8.579,8.997,53749.28
2025-10-14 12:25:00,1760444700000,8.996,9.034,8.79,8.884,57192.35
2025-10-14 12:30:00,1760445000000,8.894,8.968,8.401,8.784,65173.97
2025-10-14 12:35:00,1760445300000,8.785,9.099,8.682,8.8,34986.21
2025-10-14 12:40:00,1760445600000,8.8,8.85,8.653,8.787,24815.26
2025-10-14 12:45:00,1760445900000,8.785,8.814,8.594,8.735,13234.22
2025-10-14 12:50:00,1760446200000,8.74,8.773,8.442,8.556,12203.32
2025-10-14 12:55:00,1760446500000,8.568,8.595,8.265,8.314,27261.0
2025-10-14 13:00:00,1760446800000,8.306,9.644,8.253,9.34,98369.55
2025-10-14 13:05:00,1760447100000,9.334,9.753,9.182,9.337,83532.42
2025-10-14 13:10:00,1760447400000,9.336,9.666,9.281,9.52,79156.63
2025-10-14 13:15:00,1760447700000,9.516,9.627,9.159,9.206,57431.9
2025-10-14 13:20:00,1760448000000,9.198,9.349,9.072,9.314,26955.85
2025-10-14 13:25:00,1760448300000,9.302,9.31,9.032,9.083,23400.76
2025-10-14 13:30:00,1760448600000,9.086,9.226,8.943,9.132,28547.74
2025-10-14 13:35:00,1760448900000,9.119,9.123,8.842,8.866,35009.33
2025-10-14 13:40:00,1760449200000,8.863,8.962,8.65,8.94,25799.27
2025-10-14 13:45:00,1760449500000,8.944,9.404,8.92,9.184,55121.41
2025-10-14 13:50:00,1760449800000,9.183,9.254,9.125,9.163,22966.43
2025-10-14 13:55:00,1760450100000,9.172,9.435,9.094,9.408,30295.89
2025-10-14 14:00:00,1760450400000,9.408,9.833,9.243,9.37,98759.22
2025-10-14 14:05:00,1760450700000,9.358,9.719,9.254,9.525,61997.55
2025-10-14 14:10:00,1760451000000,9.521,9.565,9.33,9.381,32959.7
2025-10-14 14:15:00,1760451300000,9.377,9.569,9.331,9.377,44438.16
2025-10-14 14:20:00,1760451600000,9.373,9.662,9.279,9.437,66188.95
2025-10-14 14:25:00,1760451900000,9.437,9.492,9.21,9.364,43776.3
2025-10-14 14:30:00,1760452200000,9.364,9.4,9.169,9.31,31705.16
2025-10-14 14:35:00,1760452500000,9.31,9.376,9.217,9.226,15547.17
2025-10-14 14:40:00,1760452800000,9.239,9.287,9.192,9.246,15070.2
2025-10-14 14:45:00,1760453100000,9.238,9.257,9.039,9.148,27740.26
2025-10-14 14:50:00,1760453400000,9.147,9.212,9.079,9.139,17505.59
2025-10-14 14:55:00,1760453700000,9.137,9.18,9.034,9.166,9533.75
2025-10-14 15:00:00,1760454000000,9.168,9.635,9.154,9.44,49257.55
2025-10-14 15:05:00,1760454300000,9.439,9.439,9.135,9.283,28219.65
2025-10-14 15:10:00,1760454600000,9.304,9.4,9.209,9.311,37152.22
2025-10-14 15:15:00,1760454900000,9.317,9.372,9.101,9.214,23423.99
2025-10-14 15:20:00,1760455200000,9.217,9.233,8.791,8.965,48503.66
2025-10-14 15:25:00,1760455500000,8.968,9.0,8.888,8.986,19775.05
2025-10-14 15:30:00,1760455800000,8.985,9.144,8.964,9.125,15813.82
2025-10-14 15:35:00,1760456100000,9.124,9.313,9.108,9.251,20171.97
2025-10-14 15:40:00,1760456400000,9.25,9.405,9.221,9.354,11867.97
2025-10-14 15:45:00,1760456700000,9.358,9.44,9.239,9.382,15538.1
2025-10-14 15:50:00,1760457000000,9.382,9.391,9.062,9.195,23793.44
2025-10-14 15:55:00,1760457300000,9.204,9.312,9.108,9.263,19031.46
2025-10-14 16:00:00,1760457600000,9.273,9.294,9.107,9.258,19650.22
2025-10-14 16:05:00,1760457900000,9.252,9.346,9.122,9.336,14559.8
2025-10-14 16:10:00,1760458200000,9.333,9.36,9.163,9.273,13128.83
2025-10-14 16:15:00,1760458500000,9.273,9.31,9.205,9.234,10492.13
2025-10-14 16:20:00,1760458800000,9.231,9.29,9.111,9.24,18349.29
2025-10-14 16:25:00,1760459100000,9.228,9.242,9.17,9.206,10266.39
2025-10-14 16:30:00,1760459400000,9.214,9.339,9.178,9.246,11860.63
2025-10-14 16:35:00,1760459700000,9.252,9.252,9.14,9.227,10013.19
2025-10-14 16:40:00,1760460000000,9.232,9.43,9.218,9.263,13008.01
2025-10-14 16:45:00,1760460300000,9.252,9.36,9.2,9.334,17023.55
2025-10-14 16:50:00,1760460600000,9.328,9.45,9.319,9.342,16564.55
2025-10-14 16:55:00,1760460900000,9.35,9.477,9.312,9.366,12244.24
2025-10-14 17:00:00,1760461200000,9.372,9.582,9.339,9.565,19883.11
2025-10-14 17:05:00,1760461500000,9.57,9.57,9.325,9.409,22285.94
2025-10-14 17:10:00,1760461800000,9.413,9.445,9.225,9.347,34051.06
2025-10-14 17:15:00,1760462100000,9.349,9.433,9.307,9.394,14156.26
2025-10-14 17:20:00,1760462400000,9.389,9.406,9.259,9.294,12258.69
2025-10-14 17:25:00,1760462700000,9.3,9.38,9.241,9.304,10834.09
2025-10-14 17:30:00,1760463000000,9.31,9.391,9.25,9.303,8753.94
2025-10-14 17:35:00,1760463300000,9.31,9.334,9.257,9.29,3405.88
2025-10-14 17:40:00,1760463600000,9.292,9.316,9.015,9.25,28611.47
2025-10-14 17:45:00,1760463900000,9.254,9.312,9.22,9.222,8657.44
2025-10-14 17:50:00,1760464200000,9.225,9.291,9.174,9.207,8613.59
2025-10-14 17:55:00,1760464500000,9.207,9.244,9.175,9.198,5179.13
2025-10-14 18:00:00,1760464800000,9.201,9.262,9.088,9.128,12817.77
2025-10-14 18:05:00,1760465100000,9.137,9.17,8.964,9.059,34478.1
2025-10-14 18:10:00,1760465400000,9.068,9.132,9.044,9.094,13062.76
2025-10-14 18:15:00,1760465700000,9.091,9.193,9.086,9.105,8412.01
2025-10-14 18:20:00,1760466000000,9.1,9.108,9.011,9.05,9184.26
2025-10-14 18:25:00,1760466300000,9.054,9.138,9.042,9.053,7626.12
2025-10-14 18:30:00,1760466600000,9.06,9.12,9.035,9.088,4602.89
2025-10-14 18:35:00,1760466900000,9.083,9.154,9.014,9.069,11397.8
2025-10-14 18:40:00,1760467200000,9.064,9.19,9.042,9.102,7231.96
2025-10-14 18:45:00,1760467500000,9.106,9.14,9.023,9.063,8656.62
2025-10-14 18:50:00,1760467800000,9.058,9.063,8.989,9.008,10096.55
2025-10-14 18:55:00,1760468100000,9.018,9.036,8.941,9.012,8999.97
2025-10-14 19:00:00,1760468400000,9.021,9.208,9.021,9.107,10921.92
2025-10-14 19:05:00,1760468700000,9.108,9.152,9.06,9.142,10817.84
2025-10-14 19:10:00,1760469000000,9.14,9.17,9.072,9.094,4695.83
2025-10-14 19:15:00,1760469300000,9.084,9.086,9.01,9.024,6824.72
2025-10-14 19:20:00,1760469600000,9.032,9.054,9.019,9.039,4460.09
2025-10-14 19:25:00,1760469900000,9.035,9.092,9.015,9.046,8820.93
2025-10-14 19:30:00,1760470200000,9.048,9.048,8.98,9.022,7280.2
2025-10-14 19:35:00,1760470500000,9.011,9.035,8.946,8.995,7358.78
2025-10-14 19:40:00,1760470800000,8.996,9.18,8.95,9.105,40176.77
2025-10-14 19:45:00,1760471100000,9.101,9.102,9.011,9.039,6702.84
2025-10-14 19:50:00,1760471400000,9.038,9.078,9.002,9.023,6157.17
2025-10-14 19:55:00,1760471700000,9.026,9.032,8.979,8.98,3677.48
2025-10-14 20:00:00,1760472000000,8.984,9.019,8.928,8.948,5749.22
2025-10-14 20:05:00,1760472300000,8.955,8.955,8.787,8.854,19837.57
2025-10-14 20:10:00,1760472600000,8.868,8.934,8.818,8.908,5092.83
2025-10-14 20:15:00,1760472900000,8.913,9.122,8.907,9.011,11811.06
2025-10-14 20:20:00,1760473200000,9.009,9.135,9.009,9.099,5041.17
2025-10-14 20:25:00,1760473500000,9.101,9.135,9.04,9.117,5626.83
2025-10-14 20:30:00,1760473800000,9.118,9.162,9.023,9.052,10515.73
2025-10-14 20:35:00,1760474100000,9.054,9.093,9.032,9.066,2052.74
2025-10-14 20:40:00,1760474400000,9.065,9.125,9.065,9.122,3428.27
2025-10-14 20:45:00,1760474700000,9.116,9.116,9.072,9.083,2152.52
2025-10-14 20:50:00,1760475000000,9.08,9.081,8.93,8.967,9691.53
2025-10-14 20:55:00,1760475300000,8.969,9.082,8.967,9.082,5334.77
2025-10-14 21:00:00,1760475600000,9.081,9.121,9.035,9.039,2634.35
2025-10-14 21:05:00,1760475900000,9.034,9.093,9.028,9.074,2155.36
2025-10-14 21:10:00,1760476200000,9.077,9.077,9.036,9.047,1576.28
2025-10-14 21:15:00,1760476500000,9.048,9.125,9.048,9.072,4278.53
2025-10-14 21:20:00,1760476800000,9.078,9.089,9.02,9.051,3358.56
2025-10-14 21:25:00,1760477100000,9.056,9.095,9.044,9.059,3232.2
2025-10-14 21:30:00,1760477400000,9.059,9.06,9.009,9.045,2479.96
2025-10-14 21:35:00,1760477700000,9.043,9.048,8.999,9.011,3279.04
2025-10-14 21:40:00,1760478000000,9.01,9.043,8.935,9.043,3936.64
2025-10-14 21:45:00,1760478300000,9.032,9.052,9.032,9.046,837.95
2025-10-14 21:50:00,1760478600000,9.049,9.084,9.017,9.084,1689.35
2025-10-14 21:55:00,1760478900000,9.084,9.099,9.057,9.072,4471.36
2025-10-14 22:00:00,1760479200000,9.076,9.084,9.051,9.073,1667.14
2025-10-14 22:05:00,1760479500000,9.076,9.148,9.076,9.115,1974.47
2025-10-14 22:10:00,1760479800000,9.107,9.153,9.097,9.151,2274.05
2025-10-14 22:15:00,1760480100000,9.153,9.469,9.153,9.318,18460.87
2025-10-14 22:20:00,1760480400000,9.318,9.346,9.244,9.261,9702.09
2025-10-14 22:25:00,1760480700000,9.261,9.273,9.239,9.241,1414.28
2025-10-14 22:30:00,1760481000000,9.241,9.243,9.04,9.065,9722.75
2025-10-14 22:35:00,1760481300000,9.065,9.069,9.018,9.05,3918.03
2025-10-14 22:40:00,1760481600000,9.051,9.08,9.032,9.033,2517.24
2025-10-14 22:45:00,1760481900000,9.033,9.035,8.776,8.816,13766.86
2025-10-14 22:50:00,1760482200000,8.815,8.89,8.738,8.852,13928.09
2025-10-14 22:55:00,1760482500000,8.86,8.935,8.85,8.929,2869.56
2025-10-14 23:00:00,1760482800000,8.93,9.05,8.895,8.984,4848.45
2025-10-14 23:05:00,1760483100000,8.987,8.987,8.923,8.942,6034.64
2025-10-14 23:10:00,1760483400000,8.936,8.95,8.913,8.947,4884.29
2025-10-14 23:15:00,1760483700000,8.953,9.027,8.945,8.954,3215.15
2025-10-14 23:20:00,1760484000000,8.953,8.978,8.896,8.92,3361.2
2025-10-14 23:25:00,1760484300000,8.923,8.926,8.841,8.869,4330.71
2025-10-14 23:30:00,1760484600000,8.869,8.97,8.869,8.942,3019.56
2025-10-14 23:35:00,1760484900000,8.941,8.96,8.885,8.929,2843.36
2025-10-14 23:40:00,1760485200000,8.937,8.955,8.91,8.928,1385.83
2025-10-14 23:45:00,1760485500000,8.93,8.948,8.908,8.923,870.62
2025-10-14 23:50:00,1760485800000,8.92,8.927,8.817,8.842,5901.58
2025-10-14 23:55:00,1760486100000,8.838,9.007,8.727,8.989,10657.49
2025-10-15 00:00:00,1760486400000,8.963,9.163,8.894,9.015,11824.83
2025-10-15 00:05:00,1760486700000,9.008,9.03,8.898,8.911,5922.79
2025-10-15 00:10:00,1760487000000,8.909,8.909,8.764,8.891,6448.64
2025-10-15 00:15:00,1760487300000,8.88,8.88,8.7,8.781,11983.61
2025-10-15 00:20:00,1760487600000,8.788,8.948,8.788,8.946,7606.26
2025-10-15 00:25:00,1760487900000,8.945,9.269,8.936,9.15,15134.08
2025-10-15 00:30:00,1760488200000,9.15,9.266,9.057,9.097,16528.74
2025-10-15 00:35:00,1760488500000,9.091,9.144,9.031,9.122,6205.71
2025-10-15 00:40:00,1760488800000,9.127,9.168,8.893,9.082,9491.84
2025-10-15 00:45:00,1760489100000,9.077,9.108,9.016,9.05,1299.4
2025-10-15 00:50:00,1760489400000,9.045,9.09,9.032,9.066,2863.31
2025-10-15 00:55:00,1760489700000,9.07,9.16,9.042,9.126,3126.53
2025-10-15 01:00:00,1760490000000,9.124,9.206,8.939,9.185,7283.2
2025-10-15 01:05:00,1760490300000,9.179,9.258,9.09,9.18,9051.31
2025-10-15 01:10:00,1760490600000,9.166,9.36,9.16,9.322,12093.33
2025-10-15 01:15:00,1760490900000,9.316,9.316,9.042,9.042,12522.26
2025-10-15 01:20:00,1760491200000,9.045,9.08,8.962,9.061,5748.31
2025-10-15 01:25:00,1760491500000,9.065,9.092,8.876,8.933,5374.39
2025-10-15 01:30:00,1760491800000,8.944,8.976,8.813,8.826,5403.81
2025-10-15 01:35:00,1760492100000,8.829,8.989,8.766,8.822,15978.13
2025-10-15 01:40:00,1760492400000,8.826,9.153,8.807,9.039,16925.52
2025-10-15 01:45:00,1760492700000,9.034,9.1,8.855,8.943,9322.73
2025-10-15 01:50:00,1760493000000,8.944,9.029,8.914,8.991,4901.9
2025-10-15 01:55:00,1760493300000,8.985,9.013,8.885,8.89,6990.12
2025-10-15 02:00:00,1760493600000,8.885,8.968,8.861,8.946,6715.28
2025-10-15 02:05:00,1760493900000,8.948,8.948,8.808,8.88,5990.92
2025-10-15 02:10:00,1760494200000,8.886,9.095,8.874,8.982,10606.94
2025-10-15 02:15:00,1760494500000,8.973,8.973,8.821,8.929,9381.11
2025-10-15 02:20:00,1760494800000,8.92,8.924,8.838,8.895,3379.97
2025-10-15 02:25:00,1760495100000,8.905,9.005,8.888,8.941,3047.59
2025-10-15 02:30:00,1760495400000,8.94,8.94,8.892,8.892,1913.88
2025-10-15 02:35:00,1760495700000,8.888,8.924,8.813,8.867,5135.36
2025-10-15 02:40:00,1760496000000,8.866,8.895,8.828,8.832,4681.81
2025-10-15 02:45:00,1760496300000,8.852,8.899,8.787,8.787,6842.53
2025-10-15 02:50:00,1760496600000,8.794,8.947,8.745,8.935,8953.98
2025-10-15 02:55:00,1760496900000,8.939,8.972,8.887,8.944,4127.33
2025-10-15 03:00:00,1760497200000,8.942,9.04,8.916,8.97,9264.95
2025-10-15 03:05:00,1760497500000,8.95,8.95,8.745,8.78,9407.47
2025-10-15 03:10:00,1760497800000,8.782,8.812,8.59,8.672,18744.6
2025-10-15 03:15:00,1760498100000,8.686,8.747,8.686,8.71,3458.67
2025-10-15 03:20:00,1760498400000,8.708,8.817,8.673,8.673,8555.22
2025-10-15 03:25:00,1760498700000,8.68,8.72,8.623,8.711,3390.59
2025-10-15 03:30:00,1760499000000,8.713,8.74,8.668,8.69,2694.32
2025-10-15 03:35:00,1760499300000,8.693,8.698,8.657,8.682,1875.94
2025-10-15 03:40:00,1760499600000,8.683,8.698,8.633,8.679,3020.04
2025-10-15 03:45:00,1760499900000,8.679,8.733,8.653,8.668,4404.8
2025-10-15 03:50:00,1760500200000,8.662,8.778,8.657,8.728,3024.43
2025-10-15 03:55:00,1760500500000,8.724,8.742,8.681,8.728,3032.77
2025-10-15 04:00:00,1760500800000,8.727,8.85,8.714,8.823,7915.08
2025-10-15 04:05:00,1760501100000,8.813,9.051,8.777,8.926,17153.3
2025-10-15 04:10:00,1760501400000,8.927,8.933,8.742,8.774,10037.89
2025-10-15 04:15:00,1760501700000,8.775,8.778,8.691,8.726,3045.43
2025-10-15 04:20:00,1760502000000,8.729,8.794,8.7,8.712,6438.39
2025-10-15 04:25:00,1760502300000,8.717,8.717,8.625,8.675,5485.45
2025-10-15 04:30:00,1760502600000,8.685,8.738,8.653,8.666,4622.91
2025-10-15 04:35:00,1760502900000,8.66,8.702,8.655,8.661,3825.71
2025-10-15 04:40:00,1760503200000,8.661,8.715,8.631,8.704,6361.34
2025-10-15 04:45:00,1760503500000,8.711,8.865,8.703,8.838,9282.37
2025-10-15 04:50:00,1760503800000,8.84,8.875,8.806,8.842,2671.65
2025-10-15 04:55:00,1760504100000,8.835,8.84,8.804,8.816,2326.1
2025-10-15 05:00:00,1760504400000,8.819,8.915,8.769,8.887,6177.42
2025-10-15 05:05:00,1760504700000,8.892,8.896,8.784,8.822,9003.03
2025-10-15 05:10:00,1760505000000,8.822,8.828,8.785,8.796,1479.65
2025-10-15 05:15:00,1760505300000,8.796,8.872,8.751,8.751,9889.8
2025-10-15 05:20:00,1760505600000,8.755,8.772,8.603,8.632,18338.74
2025-10-15 05:25:00,1760505900000,8.639,8.811,8.639,8.811,11921.32
2025-10-15 05:30:00,1760506200000,8.809,8.869,8.749,8.768,6859.71
2025-10-15 05:35:00,1760506500000,8.768,8.787,8.692,8.716,4900.72
2025-10-15 05:40:00,1760506800000,8.719,8.732,8.681,8.726,3751.03
2025-10-15 05:45:00,1760507100000,8.725,8.725,8.64,8.678,3712.71
2025-10-15 05:50:00,1760507400000,8.68,8.688,8.642,8.651,1693.81
2025-10-15 05:55:00,1760507700000,8.655,8.724,8.601,8.721,8094.79
2025-10-15 06:00:00,1760508000000,8.726,8.727,8.646,8.65,1593.83
2025-10-15 06:05:00,1760508300000,8.651,8.654,8.566,8.581,5873.67
2025-10-15 06:10:00,1760508600000,8.569,8.574,8.466,8.507,14259.86
2025-10-15 06:15:00,1760508900000,8.51,8.561,8.502,8.525,5988.55
2025-10-15 06:20:00,1760509200000,8.521,8.57,8.494,8.525,3649.98
2025-10-15 06:25:00,1760509500000,8.524,8.613,8.524,8.568,2873.43
2025-10-15 06:30:00,1760509800000,8.57,8.59,8.476,8.559,1629.87
2025-10-15 06:35:00,1760510100000,8.552,8.595,8.535,8.552,1969.86
2025-10-15 06:40:00,1760510400000,8.558,8.61,8.542,8.546,3059.89
2025-10-15 06:45:00,1760510700000,8.54,8.572,8.498,8.567,2474.09
2025-10-15 06:50:00,1760511000000,8.563,8.58,8.488,8.563,8751.54
2025-10-15 06:55:00,1760511300000,8.571,8.612,8.561,8.567,3026.25
2025-10-15 07:00:00,1760511600000,8.576,8.705,8.519,8.705,8796.32
2025-10-15 07:05:00,1760511900000,8.692,8.719,8.521,8.539,10483.73
2025-10-15 07:10:00,1760512200000,8.542,8.562,8.512,8.52,1200.12
2025-10-15 07:15:00,1760512500000,8.516,8.556,8.49,8.542,5634.89
2025-10-15 07:20:00,1760512800000,8.539,8.599,8.537,8.59,3337.61
2025-10-15 07:25:00,1760513100000,8.582,8.664,8.581,8.626,5886.89
2025-10-15 07:30:00,1760513400000,8.626,8.644,8.606,8.633,4082.11
2025-10-15 07:35:00,1760513700000,8.635,8.916,8.627,8.804,17850.41
2025-10-15 07:40:00,1760514000000,8.802,8.828,8.721,8.744,12903.82
2025-10-15 07:45:00,1760514300000,8.736,8.743,8.641,8.69,4798.85
2025-10-15 07:50:00,1760514600000,8.688,8.688,8.612,8.638,2973.33
2025-10-15 07:55:00,1760514900000,8.642,8.686,8.58,8.63,10542.68
2025-10-15 08:00:00,1760515200000,8.63,8.63,8.527,8.628,7684.34
2025-10-15 08:05:00,1760515500000,8.632,8.792,8.632,8.776,15634.19
2025-10-15 08:10:00,1760515800000,8.781,8.882,8.707,8.707,14957.36
2025-10-15 08:15:00,1760516100000,8.704,8.821,8.7,8.8,6983.21
2025-10-15 08:20:00,1760516400000,8.802,8.817,8.738,8.779,4703.39
2025-10-15 08:25:00,1760516700000,8.779,8.886,8.764,8.816,9956.12
2025-10-15 08:30:00,1760517000000,8.82,9.006,8.82,8.967,12935.43
2025-10-15 08:35:00,1760517300000,8.969,9.037,8.932,8.98,10374.74
2025-10-15 08:40:00,1760517600000,8.966,9.006,8.953,8.985,4836.57
2025-10-15 08:45:00,1760517900000,8.993,9.151,8.963,9.068,16901.64
2025-10-15 08:50:00,1760518200000,9.063,9.139,8.933,9.127,9232.21
2025-10-15 08:55:00,1760518500000,9.135,9.184,9.036,9.087,12521.33
2025-10-15 09:00:00,1760518800000,9.092,9.362,9.032,9.212,79208.86
2025-10-15 09:05:00,1760519100000,9.209,9.274,9.009,9.049,280164.74
2025-10-15 09:10:00,1760519400000,9.053,9.146,8.998,9.103,437052.59
2025-10-15 09:15:00,1760519700000,9.106,9.2,9.093,9.177,520898.26
2025-10-15 09:20:00,1760520000000,9.177,9.245,9.033,9.072,277632.78
2025-10-15 09:25:00,1760520300000,9.074,9.129,9.024,9.061,77006.22
2025-10-15 09:30:00,1760520600000,9.059,9.075,8.904,8.975,40526.31
2025-10-15 09:35:00,1760520900000,8.975,9.169,8.966,9.162,19590.94
2025-10-15 09:40:00,1760521200000,9.162,9.225,9.083,9.19,15929.61
2025-10-15 09:45:00,1760521500000,9.185,9.264,9.168,9.178,18799.23
2025-10-15 09:50:00,1760521800000,9.178,9.206,9.033,9.046,11490.65
2025-10-15 09:55:00,1760522100000,9.046,9.099,8.973,9.085,10025.68
2025-10-15 10:00:00,1760522400000,9.09,9.346,9.046,9.316,30743.85
2025-10-15 10:05:00,1760522700000,9.317,9.462,9.231,9.24,34162.76
2025-10-15 10:10:00,1760523000000,9.24,9.26,9.013,9.093,14867.41
2025-10-15 10:15:00,1760523300000,9.099,9.099,8.971,9.003,11660.5
2025-10-15 10:20:00,1760523600000,8.994,9.082,8.92,8.924,15720.69
2025-10-15 10:25:00,1760523900000,8.935,9.049,8.923,8.992,10411.98
2025-10-15 10:30:00,1760524200000,8.997,9.024,8.939,9.024,4318.96
2025-10-15 10:35:00,1760524500000,9.017,9.065,8.942,9.052,9829.48
2025-10-15 10:40:00,1760524800000,9.047,9.194,9.045,9.057,12707.51
2025-10-15 10:45:00,1760525100000,9.044,9.112,8.952,9.041,19098.92
2025-10-15 10:50:00,1760525400000,9.041,9.053,8.986,9.016,10859.15
2025-10-15 10:55:00,1760525700000,9.02,9.118,9.014,9.109,11982.86
2025-10-15 11:00:00,1760526000000,9.11,9.164,9.025,9.146,11692.1
2025-10-15 11:05:00,1760526300000,9.147,9.274,9.101,9.157,21981.98
2025-10-15 11:10:00,1760526600000,9.156,9.369,9.111,9.299,25436.15
2025-10-15 11:15:00,1760526900000,9.299,9.595,9.097,9.141,76417.13
2025-10-15 11:20:00,1760527200000,9.142,9.288,9.1,9.191,16033.45
2025-10-15 11:25:00,1760527500000,9.19,9.214,9.016,9.149,27362.07
2025-10-15 11:30:00,1760527800000,9.15,9.21,9.084,9.165,13928.5
2025-10-15 11:35:00,1760528100000,9.161,9.172,9.074,9.118,9494.96
2025-10-15 11:40:00,1760528400000,9.118,9.119,9.026,9.04,12582.03
2025-10-15 11:45:00,1760528700000,9.048,9.09,8.977,9.015,9675.08
2025-10-15 11:50:00,1760529000000,9.017,9.093,9.0,9.049,10819.04
2025-10-15 11:55:00,1760529300000,9.048,9.252,9.019,9.111,16236.11
2025-10-15 12:00:00,1760529600000,9.118,9.2,9.013,9.157,20808.69
2025-10-15 12:05:00,1760529900000,9.167,9.242,9.089,9.173,15191.41
2025-10-15 12:10:00,1760530200000,9.175,9.244,9.133,9.171,7529.67
2025-10-15 12:15:00,1760530500000,9.158,9.218,8.8,8.883,27150.66
2025-10-15 12:20:00,1760530800000,8.88,8.997,8.848,8.93,17657.59
2025-10-15 12:25:00,1760531100000,8.935,8.963,8.66,8.753,43283.92
2025-10-15 12:30:00,1760531400000,8.753,8.84,8.715,8.79,17709.54
2025-10-15 12:35:00,1760531700000,8.792,8.861,8.768,8.804,11554.18
2025-10-15 12:40:00,1760532000000,8.804,8.838,8.752,8.831,10460.89
2025-10-15 12:45:00,1760532300000,8.822,8.9,8.786,8.88,8653.42
2025-10-15 12:50:00,1760532600000,8.885,8.897,8.806,8.813,8439.13
2025-10-15 12:55:00,1760532900000,8.807,8.884,8.75,8.879,9669.2
2025-10-15 13:00:00,1760533200000,8.879,8.9,8.826,8.835,6809.83
2025-10-15 13:05:00,1760533500000,8.835,8.848,8.795,8.796,5704.15
2025-10-15 13:10:00,1760533800000,8.802,8.852,8.76,8.775,7055.53
2025-10-15 13:15:00,1760534100000,8.78,8.836,8.762,8.8,3786.05
2025-10-15 13:20:00,1760534400000,8.796,8.815,8.736,8.775,6990.25
2025-10-15 13:25:00,1760534700000,8.768,8.788,8.723,8.763,8790.3
2025-10-15 13:30:00,1760535000000,8.754,8.841,8.7,8.798,7032.24
2025-10-15 13:35:00,1760535300000,8.798,8.848,8.77,8.77,2632.31
2025-10-15 13:40:00,1760535600000,8.775,8.793,8.742,8.787,5404.08
2025-10-15 13:45:00,1760535900000,8.785,8.802,8.704,8.776,6928.88
2025-10-15 13:50:00,1760536200000,8.784,8.855,8.778,8.79,6546.14
2025-10-15 13:55:00,1760536500000,8.796,8.828,8.735,8.806,6554.76
2025-10-15 14:00:00,1760536800000,8.805,8.84,8.775,8.793,3530.01
2025-10-15 14:05:00,1760537100000,8.801,8.844,8.762,8.835,3858.63
2025-10-15 14:10:00,1760537400000,8.837,8.923,8.829,8.848,6161.43
2025-10-15 14:15:00,1760537700000,8.847,8.892,8.834,8.865,5185.23
2025-10-15 14:20:00,1760538000000,8.871,8.885,8.795,8.822,6917.39
2025-10-15 14:25:00,1760538300000,8.826,8.847,8.783,8.816,3100.48
2025-10-15 14:30:00,1760538600000,8.832,8.851,8.804,8.839,5279.33
2025-10-15 14:35:00,1760538900000,8.844,8.845,8.641,8.768,7861.57
2025-10-15 14:40:00,1760539200000,8.774,8.8,8.684,8.692,3824.46
2025-10-15 14:45:00,1760539500000,8.691,8.72,8.624,8.7,6834.84
2025-10-15 14:50:00,1760539800000,8.7,8.73,8.674,8.69,2748.12
2025-10-15 14:55:00,1760540100000,8.692,8.73,8.674,8.674,2771.62
2025-10-15 15:00:00,1760540400000,8.672,8.676,8.598,8.653,4795.49
2025-10-15 15:05:00,1760540700000,8.653,8.699,8.626,8.664,3720.22
2025-10-15 15:10:00,1760541000000,8.668,8.675,8.6,8.625,3497.57
2025-10-15 15:15:00,1760541300000,8.628,8.652,8.592,8.649,3624.06
2025-10-15 15:20:00,1760541600000,8.654,8.654,8.6,8.608,2879.37
2025-10-15 15:25:00,1760541900000,8.606,8.643,8.59,8.605,3544.55
2025-10-15 15:30:00,1760542200000,8.61,8.636,8.557,8.588,8298.45
2025-10-15 15:35:00,1760542500000,8.597,8.629,8.571,8.608,2780.41
2025-10-15 15:40:00,1760542800000,8.612,8.732,8.608,8.72,4297.0
2025-10-15 15:45:00,1760543100000,8.72,8.72,8.642,8.681,5607.17
2025-10-15 15:50:00,1760543400000,8.681,8.69,8.625,8.634,5274.52
2025-10-15 15:55:00,1760543700000,8.632,8.656,8.581,8.62,4961.26
2025-10-15 16:00:00,1760544000000,8.615,8.667,8.576,8.618,9482.59
2025-10-15 16:05:00,1760544300000,8.618,8.662,8.595,8.62,5111.92
2025-10-15 16:10:00,1760544600000,8.617,8.65,8.606,8.606,2402.53
2025-10-15 16:15:00,1760544900000,8.604,8.63,8.54,8.592,12737.01
2025-10-15 16:20:00,1760545200000,8.593,8.676,8.577,8.676,5466.98
2025-10-15 16:25:00,1760545500000,8.678,8.723,8.662,8.696,7917.78
2025-10-15 16:30:00,1760545800000,8.697,8.847,8.695,8.78,6376.51
2025-10-15 16:35:00,1760546100000,8.781,8.8,8.7,8.739,7230.38
2025-10-15 16:40:00,1760546400000,8.734,8.766,8.697,8.722,6409.43
2025-10-15 16:45:00,1760546700000,8.722,8.741,8.7,8.71,2158.49
2025-10-15 16:50:00,1760547000000,8.709,8.711,8.662,8.662,2981.94
2025-10-15 16:55:00,1760547300000,8.662,8.69,8.632,8.687,5471.31
2025-10-15 17:00:00,1760547600000,8.687,8.73,8.672,8.72,3868.78
2025-10-15 17:05:00,1760547900000,8.72,8.781,8.711,8.713,6828.45
2025-10-15 17:10:00,1760548200000,8.708,8.708,8.603,8.615,2675.02
2025-10-15 17:15:00,1760548500000,8.615,8.68,8.606,8.673,2677.81
2025-10-15 17:20:00,1760548800000,8.674,8.71,8.662,8.71,1242.68
2025-10-15 17:25:00,1760549100000,8.703,8.744,8.674,8.684,2418.09
2025-10-15 17:30:00,1760549400000,8.684,8.716,8.654,8.707,1020.48
2025-10-15 17:35:00,1760549700000,8.702,8.789,8.7,8.746,3935.34
2025-10-15 17:40:00,1760550000000,8.747,8.774,8.744,8.766,1268.61
2025-10-15 17:45:00,1760550300000,8.766,8.807,8.765,8.765,4270.77
2025-10-15 17:50:00,1760550600000,8.765,8.805,8.76,8.79,3346.32
2025-10-15 17:55:00,1760550900000,8.779,8.822,8.755,8.822,1456.99
2025-10-15 18:00:00,1760551200000,8.818,8.858,8.771,8.821,4319.6
2025-10-15 18:05:00,1760551500000,8.826,8.896,8.785,8.792,3177.82
2025-10-15 18:10:00,1760551800000,8.788,8.825,8.747,8.78,3174.32
2025-10-15 18:15:00,1760552100000,8.784,8.852,8.761,8.803,4954.06
2025-10-15 18:20:00,1760552400000,8.813,8.876,8.795,8.851,2724.78
2025-10-15 18:25:00,1760552700000,8.853,8.875,8.836,8.866,1292.45
2025-10-15 18:30:00,1760553000000,8.866,8.92,8.852,8.883,4671.79
2025-10-15 18:35:00,1760553300000,8.884,8.886,8.766,8.804,8170.74
2025-10-15 18:40:00,1760553600000,8.803,8.845,8.789,8.839,958.13
2025-10-15 18:45:00,1760553900000,8.837,8.878,8.804,8.854,3792.19
2025-10-15 18:50:00,1760554200000,8.854,8.908,8.85,8.888,2032.79
2025-10-15 18:55:00,1760554500000,8.893,8.893,8.851,8.858,2213.73
2025-10-15 19:00:00,1760554800000,8.862,8.88,8.835,8.878,2610.02
2025-10-15 19:05:00,1760555100000,8.879,8.906,8.863,8.885,1781.0
2025-10-15 19:10:00,1760555400000,8.883,8.953,8.878,8.918,3420.78
2025-10-15 19:15:00,1760555700000,8.916,8.926,8.844,8.862,3151.36
2025-10-15 19:20:00,1760556000000,8.864,8.884,8.794,8.884,3991.6
2025-10-15 19:25:00,1760556300000,8.874,8.887,8.781,8.807,3775.29
2025-10-15 19:30:00,1760556600000,8.806,8.83,8.766,8.826,3584.02
2025-10-15 19:35:00,1760556900000,8.826,8.826,8.73,8.743,4804.33
2025-10-15 19:40:00,1760557200000,8.746,8.749,8.682,8.719,3663.53
2025-10-15 19:45:00,1760557500000,8.722,8.757,8.699,8.716,3056.4
2025-10-15 19:50:00,1760557800000,8.718,8.745,8.599,8.712,10569.46
2025-10-15 19:55:00,1760558100000,8.711,8.711,8.667,8.695,918.15
2025-10-15 20:00:00,1760558400000,8.696,8.712,8.634,8.644,2686.75
2025-10-15 20:05:00,1760558700000,8.64,8.658,8.593,8.642,3524.8
2025-10-15 20:10:00,1760559000000,8.644,8.646,8.562,8.586,3149.82
2025-10-15 20:15:00,1760559300000,8.584,8.625,8.56,8.602,2468.14
2025-10-15 20:20:00,1760559600000,8.6,8.608,8.574,8.602,696.03
2025-10-15 20:25:00,1760559900000,8.603,8.656,8.603,8.621,3026.97
2025-10-15 20:30:00,1760560200000,8.626,8.646,8.526,8.565,11984.8
2025-10-15 20:35:00,1760560500000,8.565,8.594,8.532,8.594,1147.26
2025-10-15 20:40:00,1760560800000,8.585,8.6,8.555,8.569,2468.37
2025-10-15 20:45:00,1760561100000,8.573,8.582,8.534,8.569,2030.86
2025-10-15 20:50:00,1760561400000,8.572,8.582,8.541,8.547,1385.63
2025-10-15 20:55:00,1760561700000,8.546,8.56,8.52,8.534,705.41
2025-10-15 21:00:00,1760562000000,8.532,8.554,8.394,8.44,10200.15
2025-10-15 21:05:00,1760562300000,8.434,8.526,8.429,8.448,6273.34
2025-10-15 21:10:00,1760562600000,8.446,8.491,8.446,8.491,3016.53
2025-10-15 21:15:00,1760562900000,8.492,8.496,8.469,8.477,1485.89
2025-10-15 21:20:00,1760563200000,8.477,8.517,8.466,8.491,2671.07
2025-10-15 21:25:00,1760563500000,8.492,8.505,8.47,8.48,1028.96
2025-10-15 21:30:00,1760563800000,8.479,8.571,8.473,8.561,3533.77
2025-10-15 21:35:00,1760564100000,8.564,8.574,8.437,8.447,11100.14
2025-10-15 21:40:00,1760564400000,8.446,8.446,8.25,8.372,12433.97
2025-10-15 21:45:00,1760564700000,8.369,8.369,8.292,8.329,2105.29
2025-10-15 21:50:00,1760565000000,8.329,8.341,8.322,8.322,1019.01
2025-10-15 21:55:00,1760565300000,8.322,8.335,8.299,8.31,2661.75
2025-10-15 22:00:00,1760565600000,8.311,8.322,8.285,8.295,3416.83
2025-10-15 22:05:00,1760565900000,8.293,8.309,8.262,8.268,3127.37
2025-10-15 22:10:00,1760566200000,8.269,8.31,8.269,8.306,1735.81
2025-10-15 22:15:00,1760566500000,8.312,8.368,8.312,8.344,2152.41
2025-10-15 22:20:00,1760566800000,8.345,8.41,8.327,8.33,3485.6
2025-10-15 22:25:00,1760567100000,8.329,8.339,8.292,8.302,2120.57
2025-10-15 22:30:00,1760567400000,8.303,8.304,8.274,8.292,2128.56
2025-10-15 22:35:00,1760567700000,8.292,8.3,8.263,8.267,1587.92
2025-10-15 22:40:00,1760568000000,8.27,8.279,8.24,8.276,2746.26
2025-10-15 22:45:00,1760568300000,8.274,8.274,8.232,8.233,1152.25
2025-10-15 22:50:00,1760568600000,8.232,8.234,8.136,8.16,9866.45
2025-10-15 22:55:00,1760568900000,8.163,8.216,8.149,8.185,2665.88
2025-10-15 23:00:00,1760569200000,8.184,8.22,8.175,8.185,1545.43
2025-10-15 23:05:00,1760569500000,8.18,8.18,8.139,8.171,3067.87
2025-10-15 23:10:00,1760569800000,8.17,8.194,8.163,8.181,1349.3
2025-10-15 23:15:00,1760570100000,8.181,8.224,8.177,8.204,1898.62
2025-10-15 23:20:00,1760570400000,8.206,8.243,8.202,8.222,1359.25
2025-10-15 23:25:00,1760570700000,8.22,8.224,8.165,8.17,2400.52
2025-10-15 23:30:00,1760571000000,8.172,8.207,8.167,8.193,1335.29
2025-10-15 23:35:00,1760571300000,8.192,8.204,8.179,8.191,1330.49
2025-10-15 23:40:00,1760571600000,8.19,8.193,8.15,8.168,2780.46
2025-10-15 23:45:00,1760571900000,8.169,8.183,8.138,8.141,1807.8
2025-10-15 23:50:00,1760572200000,8.141,8.141,8.095,8.115,2964.71
2025-10-15 23:55:00,1760572500000,8.115,8.17,8.107,8.141,2997.48
2025-10-16 00:00:00,1760572800000,8.136,8.136,8.011,8.051,8283.47
2025-10-16 00:05:00,1760573100000,8.055,8.073,8.01,8.056,4209.5
2025-10-16 00:10:00,1760573400000,8.058,8.071,8.041,8.046,1711.95
2025-10-16 00:15:00,1760573700000,8.048,8.191,8.048,8.136,11482.95
2025-10-16 00:20:00,1760574000000,8.139,8.148,8.038,8.043,7132.95
2025-10-16 00:25:00,1760574300000,8.043,8.138,8.043,8.131,11052.71
2025-10-16 00:30:00,1760574600000,8.125,8.128,8.05,8.112,6287.38
2025-10-16 00:35:00,1760574900000,8.111,8.111,8.054,8.06,1717.14
2025-10-16 00:40:00,1760575200000,8.057,8.081,8.034,8.075,1649.65
2025-10-16 00:45:00,1760575500000,8.068,8.074,8.033,8.061,1338.38
2025-10-16 00:50:00,1760575800000,8.06,8.06,7.96,8.002,12810.84
2025-10-16 00:55:00,1760576100000,8.004,8.01,7.919,7.931,15142.88
2025-10-16 01:00:00,1760576400000,7.929,8.01,7.928,7.983,5265.94
2025-10-16 01:05:00,1760576700000,7.978,8.002,7.972,7.999,2027.93
2025-10-16 01:10:00,1760577000000,7.995,8.088,7.984,7.989,9299.03
2025-10-16 01:15:00,1760577300000,7.989,7.99,7.943,7.946,6762.62
2025-10-16 01:20:00,1760577600000,7.948,7.958,7.828,7.91,12894.24
2025-10-16 01:25:00,1760577900000,7.912,7.993,7.905,7.973,1485.81
2025-10-16 01:30:00,1760578200000,7.973,7.973,7.937,7.939,1703.71
2025-10-16 01:35:00,1760578500000,7.937,7.937,7.884,7.91,2090.83
2025-10-16 01:40:00,1760578800000,7.92,7.954,7.916,7.937,1050.21
2025-10-16 01:45:00,1760579100000,7.937,7.937,7.889,7.928,2703.56
2025-10-16 01:50:00,1760579400000,7.929,7.95,7.922,7.944,885.17
2025-10-16 01:55:00,1760579700000,7.95,8.052,7.95,7.975,8967.71
2025-10-16 02:00:00,1760580000000,7.976,7.984,7.887,7.942,3186.96
2025-10-16 02:05:00,1760580300000,7.941,7.948,7.896,7.912,1629.25
2025-10-16 02:10:00,1760580600000,7.908,7.924,7.88,7.9,2361.35
2025-10-16 02:15:00,1760580900000,7.901,7.91,7.859,7.867,4834.84
2025-10-16 02:20:00,1760581200000,7.87,7.885,7.765,7.796,10611.84
2025-10-16 02:25:00,1760581500000,7.795,7.844,7.788,7.818,6039.78
2025-10-16 02:30:00,1760581800000,7.816,7.866,7.805,7.815,6353.11
2025-10-16 02:35:00,1760582100000,7.815,7.828,7.802,7.818,7044.86
2025-10-16 02:40:00,1760582400000,7.812,7.838,7.808,7.825,2680.59
2025-10-16 02:45:00,1760582700000,7.83,7.844,7.81,7.836,4470.54
2025-10-16 02:50:00,1760583000000,7.837,7.84,7.807,7.815,1662.39
2025-10-16 02:55:00,1760583300000,7.816,7.924,7.812,7.87,6799.91
2025-10-16 03:00:00,1760583600000,7.875,7.877,7.829,7.861,5523.06
2025-10-16 03:05:00,1760583900000,7.861,7.861,7.822,7.826,7585.05
2025-10-16 03:10:00,1760584200000,7.827,7.839,7.807,7.808,5591.59
2025-10-16 03:15:00,1760584500000,7.809,7.816,7.774,7.784,6536.0
2025-10-16 03:20:00,1760584800000,7.78,7.815,7.775,7.79,2444.92
2025-10-16 03:25:00,1760585100000,7.794,7.818,7.777,7.813,5176.81
2025-10-16 03:30:00,1760585400000,7.818,7.818,7.781,7.787,5108.38
2025-10-16 03:35:00,1760585700000,7.782,7.804,7.75,7.792,3046.09
2025-10-16 03:40:00,1760586000000,7.792,7.842,7.789,7.836,3687.5
2025-10-16 03:45:00,1760586300000,7.834,7.865,7.797,7.803,3354.62
2025-10-16 03:50:00,1760586600000,7.804,7.82,7.759,7.802,4457.69
2025-10-16 03:55:00,1760586900000,7.801,7.823,7.772,7.793,1637.84
2025-10-16 04:00:00,1760587200000,7.794,7.794,7.759,7.774,2575.18
2025-10-16 04:05:00,1760587500000,7.767,7.801,7.755,7.791,1888.23
2025-10-16 04:10:00,1760587800000,7.794,7.854,7.788,7.846,1671.79
2025-10-16 04:15:00,1760588100000,7.848,7.859,7.804,7.811,3032.84
2025-10-16 04:20:00,1760588400000,7.811,7.835,7.802,7.816,1547.48
2025-10-16 04:25:00,1760588700000,7.816,7.818,7.792,7.792,2375.91
2025-10-16 04:30:00,1760589000000,7.794,7.794,7.754,7.775,2670.29
2025-10-16 04:35:00,1760589300000,7.779,7.783,7.755,7.758,2454.6
2025-10-16 04:40:00,1760589600000,7.759,7.77,7.726,7.73,2217.66
2025-10-16 04:45:00,1760589900000,7.728,7.753,7.72,7.743,1422.74
2025-10-16 04:50:00,1760590200000,7.746,7.763,7.736,7.747,1595.25
2025-10-16 04:55:00,1760590500000,7.749,7.763,7.607,7.625,11206.79
2025-10-16 05:00:00,1760590800000,7.622,7.66,7.603,7.639,8439.0
2025-10-16 05:05:00,1760591100000,7.639,7.764,7.634,7.653,8485.86
2025-10-16 05:10:00,1760591400000,7.653,7.706,7.609,7.698,5545.46
2025-10-16 05:15:00,1760591700000,7.699,7.769,7.638,7.702,9025.03
2025-10-16 05:20:00,1760592000000,7.71,7.801,7.698,7.756,4472.78
2025-10-16 05:25:00,1760592300000,7.754,7.768,7.716,7.726,3514.67
2025-10-16 05:30:00,1760592600000,7.725,7.78,7.704,7.775,3567.98
2025-10-16 05:35:00,1760592900000,7.777,7.837,7.772,7.802,2598.06
2025-10-16 05:40:00,1760593200000,7.801,7.806,7.776,7.783,1176.43
2025-10-16 05:45:00,1760593500000,7.783,7.829,7.783,7.817,1280.81
2025-10-16 05:50:00,1760593800000,7.816,7.818,7.739,7.747,3631.27
2025-10-16 05:55:00,1760594100000,7.745,7.771,7.7,7.758,3759.69
2025-10-16 06:00:00,1760594400000,7.761,7.771,7.736,7.77,1645.0
2025-10-16 06:05:00,1760594700000,7.767,7.791,7.74,7.782,3919.26
2025-10-16 06:10:00,1760595000000,7.78,7.836,7.771,7.771,4322.51
2025-10-16 06:15:00,1760595300000,7.771,7.79,7.739,7.79,3833.0
2025-10-16 06:20:00,1760595600000,7.793,8.01,7.783,7.855,14652.71
2025-10-16 06:25:00,1760595900000,7.857,7.922,7.823,7.895,2726.51
2025-10-16 06:30:00,1760596200000,7.89,7.912,7.839,7.888,4982.46
2025-10-16 06:35:00,1760596500000,7.896,7.945,7.859,7.94,6158.73
2025-10-16 06:40:00,1760596800000,7.938,7.956,7.872,7.872,8275.83
2025-10-16 06:45:00,1760597100000,7.873,7.896,7.784,7.791,4341.92
2025-10-16 06:50:00,1760597400000,7.805,7.868,7.805,7.836,2116.22
2025-10-16 06:55:00,1760597700000,7.834,7.847,7.803,7.831,1652.58
2025-10-16 07:00:00,1760598000000,7.834,7.859,7.813,7.855,1923.82
2025-10-16 07:05:00,1760598300000,7.852,7.99,7.842,7.88,8528.38
2025-10-16 07:10:00,1760598600000,7.88,7.914,7.83,7.84,5377.09
2025-10-16 07:15:00,1760598900000,7.842,7.85,7.822,7.84,2904.39
2025-10-16 07:20:00,1760599200000,7.842,7.842,7.742,7.781,2919.54
2025-10-16 07:25:00,1760599500000,7.781,7.791,7.72,7.734,2424.81
2025-10-16 07:30:00,1760599800000,7.746,7.779,7.708,7.735,4872.89
2025-10-16 07:35:00,1760600100000,7.738,7.761,7.661,7.691,7068.51
2025-10-16 07:40:00,1760600400000,7.706,7.793,7.695,7.786,4685.39
2025-10-16 07:45:00,1760600700000,7.79,7.816,7.692,7.8,5817.98
2025-10-16 07:50:00,1760601000000,7.796,7.836,7.753,7.773,6986.14
2025-10-16 07:55:00,1760601300000,7.771,7.784,7.735,7.764,6708.38
2025-10-16 08:00:00,1760601600000,7.765,7.785,7.668,7.699,5671.04
2025-10-16 08:05:00,1760601900000,7.701,7.707,7.62,7.67,10067.62
2025-10-16 08:10:00,1760602200000,7.667,7.7,7.655,7.696,2877.41
2025-10-16 08:15:00,1760602500000,7.692,7.7,7.65,7.656,2256.88
2025-10-16 08:20:00,1760602800000,7.653,7.68,7.625,7.644,2670.13
2025-10-16 08:25:00,1760603100000,7.642,7.643,7.605,7.615,4565.7
2025-10-16 08:30:00,1760603400000,7.612,7.653,7.606,7.649,4438.82
2025-10-16 08:35:00,1760603700000,7.647,7.664,7.583,7.61,4504.58
2025-10-16 08:40:00,1760604000000,7.607,7.634,7.603,7.634,2175.0
2025-10-16 08:45:00,1760604300000,7.635,7.701,7.63,7.66,4430.98
2025-10-16 08:50:00,1760604600000,7.666,7.685,7.639,7.665,3473.4
2025-10-16 08:55:00,1760604900000,7.668,7.71,7.648,7.687,3200.78
2025-10-16 09:00:00,1760605200000,7.686,7.687,7.597,7.603,2835.91
2025-10-16 09:05:00,1760605500000,7.601,7.64,7.593,7.636,3009.61
2025-10-16 09:10:00,1760605800000,7.635,7.677,7.627,7.673,1807.53
2025-10-16 09:15:00,1760606100000,7.671,7.69,7.656,7.684,1748.17
2025-10-16 09:20:00,1760606400000,7.683,7.698,7.639,7.649,4184.6
2025-10-16 09:25:00,1760606700000,7.648,7.666,7.63,7.633,3251.93
2025-10-16 09:30:00,1760607000000,7.634,7.664,7.586,7.597,4373.71
2025-10-16 09:35:00,1760607300000,7.597,7.664,7.562,7.609,9021.49
2025-10-16 09:40:00,1760607600000,7.607,7.636,7.5,7.62,12700.8
2025-10-16 09:45:00,1760607900000,7.628,7.813,7.625,7.8,11064.12
2025-10-16 09:50:00,1760608200000,7.791,7.793,7.685,7.704,4865.18
2025-10-16 09:55:00,1760608500000,7.719,7.792,7.718,7.749,3419.86
2025-10-16 10:00:00,1760608800000,7.752,7.785,7.721,7.745,5397.29
2025-10-16 10:05:00,1760609100000,7.745,7.75,7.718,7.725,3622.52
2025-10-16 10:10:00,1760609400000,7.731,7.805,7.683,7.792,7941.62
2025-10-16 10:15:00,1760609700000,7.792,7.881,7.784,7.807,4936.79
2025-10-16 10:20:00,1760610000000,7.807,7.854,7.761,7.844,4545.89
2025-10-16 10:25:00,1760610300000,7.845,7.847,7.767,7.767,2027.73
2025-10-16 10:30:00,1760610600000,7.773,7.787,7.747,7.783,724.1
2025-10-16 10:35:00,1760610900000,7.782,7.803,7.766,7.8,2328.65
2025-10-16 10:40:00,1760611200000,7.802,7.824,7.785,7.805,2533.46
2025-10-16 10:45:00,1760611500000,7.803,7.85,7.796,7.843,2781.63
2025-10-16 10:50:00,1760611800000,7.845,7.904,7.808,7.891,9749.45
2025-10-16 10:55:00,1760612100000,7.889,7.918,7.841,7.841,9058.31
2025-10-16 11:00:00,1760612400000,7.843,7.863,7.784,7.792,5606.87
2025-10-16 11:05:00,1760612700000,7.79,7.827,7.766,7.778,4152.77
2025-10-16 11:10:00,1760613000000,7.778,7.87,7.768,7.844,6745.33
2025-10-16 11:15:00,1760613300000,7.84,7.886,7.809,7.877,3820.31
2025-10-16 11:20:00,1760613600000,7.872,7.899,7.855,7.863,2725.52
2025-10-16 11:25:00,1760613900000,7.863,7.868,7.808,7.823,5333.86
2025-10-16 11:30:00,1760614200000,7.826,7.874,7.757,7.849,4132.67
2025-10-16 11:35:00,1760614500000,7.848,7.855,7.814,7.844,2048.97
2025-10-16 11:40:00,1760614800000,7.842,7.864,7.83,7.864,3465.59
2025-10-16 11:45:00,1760615100000,7.867,7.91,7.864,7.903,2827.99
2025-10-16 11:50:00,1760615400000,7.903,7.904,7.868,7.888,2431.38
2025-10-16 11:55:00,1760615700000,7.888,7.942,7.867,7.93,2938.21
2025-10-16 12:00:00,1760616000000,7.931,7.95,7.82,7.84,7178.41
2025-10-16 12:05:00,1760616300000,7.833,7.861,7.713,7.773,19057.81
2025-10-16 12:10:00,1760616600000,7.774,7.911,7.774,7.863,9271.53
2025-10-16 12:15:00,1760616900000,7.863,7.866,7.801,7.812,4895.91
2025-10-16 12:20:00,1760617200000,7.812,7.845,7.799,7.831,2002.38
2025-10-16 12:25:00,1760617500000,7.831,7.831,7.765,7.779,3273.53
2025-10-16 12:30:00,1760617800000,7.773,7.8,7.745,7.785,4689.45
2025-10-16 12:35:00,1760618100000,7.783,7.789,7.73,7.759,2268.04
2025-10-16 12:40:00,1760618400000,7.755,7.774,7.741,7.749,2042.32
2025-10-16 12:45:00,1760618700000,7.749,7.82,7.741,7.784,3300.25
2025-10-16 12:50:00,1760619000000,7.782,7.825,7.773,7.809,2126.41
2025-10-16 12:55:00,1760619300000,7.814,7.835,7.798,7.798,1846.8
2025-10-16 13:00:00,1760619600000,7.796,7.812,7.745,7.768,2461.71
2025-10-16 13:05:00,1760619900000,7.77,7.795,7.76,7.769,1302.83
2025-10-16 13:10:00,1760620200000,7.77,7.785,7.737,7.763,5612.05
2025-10-16 13:15:00,1760620500000,7.765,7.766,7.733,7.743,2917.28
2025-10-16 13:20:00,1760620800000,7.746,7.774,7.73,7.771,1842.55
2025-10-16 13:25:00,1760621100000,7.772,7.78,7.767,7.776,1636.65
2025-10-16 13:30:00,1760621400000,7.776,7.813,7.767,7.778,2936.93
2025-10-16 13:35:00,1760621700000,7.78,7.809,7.756,7.784,3702.9
2025-10-16 13:40:00,1760622000000,7.786,7.786,7.731,7.747,3274.15
2025-10-16 13:45:00,1760622300000,7.748,7.768,7.714,7.725,3312.66
2025-10-16 13:50:00,1760622600000,7.723,7.734,7.716,7.716,5636.7
2025-10-16 13:55:00,1760622900000,7.722,7.727,7.668,7.692,2640.36
2025-10-16 14:00:00,1760623200000,7.689,7.704,7.656,7.664,2874.32
2025-10-16 14:05:00,1760623500000,7.662,7.708,7.604,7.617,8371.37
2025-10-16 14:10:00,1760623800000,7.619,7.638,7.597,7.614,3885.13
2025-10-16 14:15:00,1760624100000,7.614,7.637,7.544,7.632,16297.75
2025-10-16 14:20:00,1760624400000,7.629,7.705,7.604,7.703,4977.47
2025-10-16 14:25:00,1760624700000,7.697,7.804,7.667,7.766,7952.49
2025-10-16 14:30:00,1760625000000,7.759,7.787,7.661,7.661,10971.04
2025-10-16 14:35:00,1760625300000,7.667,7.755,7.663,7.74,5139.93
2025-10-16 14:40:00,1760625600000,7.737,7.797,7.708,7.762,6410.31
2025-10-16 14:45:00,1760625900000,7.777,7.78,7.719,7.753,3481.67
2025-10-16 14:50:00,1760626200000,7.754,7.756,7.673,7.709,3919.82
2025-10-16 14:55:00,1760626500000,7.707,7.712,7.68,7.68,1218.52
2025-10-16 15:00:00,1760626800000,7.68,7.696,7.592,7.611,2963.65
2025-10-16 15:05:00,1760627100000,7.617,7.639,7.578,7.624,2319.69
2025-10-16 15:10:00,1760627400000,7.62,7.702,7.617,7.692,3239.27
2025-10-16 15:15:00,1760627700000,7.691,7.695,7.628,7.636,3155.59
2025-10-16 15:20:00,1760628000000,7.636,7.67,7.634,7.644,4909.23
2025-10-16 15:25:00,1760628300000,7.638,7.663,7.612,7.621,4541.77
2025-10-16 15:30:00,1760628600000,7.62,7.638,7.577,7.619,2166.33
2025-10-16 15:35:00,1760628900000,7.62,7.624,7.575,7.575,1934.23
2025-10-16 15:40:00,1760629200000,7.576,7.593,7.552,7.581,2870.08
2025-10-16 15:45:00,1760629500000,7.579,7.587,7.537,7.583,2916.48
2025-10-16 15:50:00,1760629800000,7.58,7.602,7.556,7.601,2469.06
2025-10-16 15:55:00,1760630100000,7.593,7.613,7.569,7.602,3665.94
2025-10-16 16:00:00,1760630400000,7.599,7.606,7.338,7.432,18827.36
2025-10-16 16:05:00,1760630700000,7.428,7.458,7.37,7.428,5343.54
2025-10-16 16:10:00,1760631000000,7.416,7.448,7.365,7.407,4694.85
2025-10-16 16:15:00,1760631300000,7.407,7.407,7.316,7.337,8007.98
2025-10-16 16:20:00,1760631600000,7.339,7.36,7.279,7.32,5773.27
2025-10-16 16:25:00,1760631900000,7.321,7.336,7.254,7.304,5800.93
2025-10-16 16:30:00,1760632200000,7.304,7.313,7.218,7.242,12090.65
2025-10-16 16:35:00,1760632500000,7.239,7.274,7.223,7.269,5765.29
2025-10-16 16:40:00,1760632800000,7.263,7.372,7.255,7.372,9958.2
2025-10-16 16:45:00,1760633100000,7.361,7.47,7.344,7.469,4985.79
2025-10-16 16:50:00,1760633400000,7.463,7.486,7.384,7.466,5171.12
2025-10-16 16:55:00,1760633700000,7.468,7.568,7.449,7.552,3104.29
2025-10-16 17:00:00,1760634000000,7.56,7.56,7.399,7.413,6091.2
2025-10-16 17:05:00,1760634300000,7.413,7.416,7.38,7.413,1820.74
2025-10-16 17:10:00,1760634600000,7.404,7.447,7.388,7.422,1446.51
2025-10-16 17:15:00,1760634900000,7.413,7.506,7.413,7.46,4958.3
2025-10-16 17:20:00,1760635200000,7.455,7.488,7.4,7.408,5538.53
2025-10-16 17:25:00,1760635500000,7.411,7.465,7.4,7.461,788.85
2025-10-16 17:30:00,1760635800000,7.452,7.512,7.452,7.486,4541.69
2025-10-16 17:35:00,1760636100000,7.483,7.519,7.477,7.482,2013.13
2025-10-16 17:40:00,1760636400000,7.477,7.529,7.464,7.52,1368.07
2025-10-16 17:45:00,1760636700000,7.51,7.525,7.493,7.503,913.94
2025-10-16 17:50:00,1760637000000,7.507,7.507,7.414,7.423,4766.71
2025-10-16 17:55:00,1760637300000,7.425,7.465,7.421,7.429,1550.66
2025-10-16 18:00:00,1760637600000,7.43,7.437,7.368,7.384,1255.49
2025-10-16 18:05:00,1760637900000,7.383,7.397,7.354,7.376,1721.58
2025-10-16 18:10:00,1760638200000,7.377,7.396,7.349,7.385,3754.64
2025-10-16 18:15:00,1760638500000,7.388,7.442,7.38,7.42,4067.99
2025-10-16 18:20:00,1760638800000,7.427,7.432,7.403,7.41,1965.23
2025-10-16 18:25:00,1760639100000,7.41,7.435,7.403,7.427,2465.33
2025-10-16 18:30:00,1760639400000,7.426,7.432,7.408,7.423,1857.86
2025-10-16 18:35:00,1760639700000,7.425,7.481,7.418,7.472,2375.51
2025-10-16 18:40:00,1760640000000,7.471,7.544,7.469,7.502,3290.45
2025-10-16 18:45:00,1760640300000,7.499,7.51,7.489,7.493,2106.72
2025-10-16 18:50:00,1760640600000,7.49,7.527,7.454,7.52,2470.99
2025-10-16 18:55:00,1760640900000,7.52,7.527,7.495,7.523,672.06
2025-10-16 19:00:00,1760641200000,7.507,7.522,7.458,7.481,1757.87
2025-10-16 19:05:00,1760641500000,7.483,7.515,7.451,7.487,4844.57
2025-10-16 19:10:00,1760641800000,7.487,7.487,7.454,7.481,1137.21
2025-10-16 19:15:00,1760642100000,7.482,7.496,7.456,7.464,1427.33
2025-10-16 19:20:00,1760642400000,7.465,7.501,7.438,7.501,1877.06
2025-10-16 19:25:00,1760642700000,7.5,7.505,7.47,7.502,960.57
2025-10-16 19:30:00,1760643000000,7.504,7.527,7.481,7.522,2003.95
2025-10-16 19:35:00,1760643300000,7.524,7.577,7.509,7.56,4333.46
2025-10-16 19:40:00,1760643600000,7.555,7.573,7.55,7.565,2063.29
2025-10-16 19:45:00,1760643900000,7.562,7.567,7.493,7.546,7932.41
2025-10-16 19:50:00,1760644200000,7.546,7.646,7.532,7.556,3434.49
2025-10-16 19:55:00,1760644500000,7.552,7.558,7.512,7.519,1369.11
2025-10-16 20:00:00,1760644800000,7.513,7.546,7.465,7.465,2646.77
2025-10-16 20:05:00,1760645100000,7.471,7.505,7.456,7.487,1754.9
2025-10-16 20:10:00,1760645400000,7.486,7.492,7.455,7.462,1281.26
2025-10-16 20:15:00,1760645700000,7.469,7.487,7.45,7.46,1585.08
2025-10-16 20:20:00,1760646000000,7.461,7.497,7.461,7.473,1778.52
2025-10-16 20:25:00,1760646300000,7.473,7.497,7.445,7.486,2673.18
2025-10-16 20:30:00,1760646600000,7.481,7.5,7.453,7.483,1429.51
2025-10-16 20:35:00,1760646900000,7.483,7.496,7.257,7.282,38787.35
2025-10-16 20:40:00,1760647200000,7.281,7.304,7.098,7.242,27668.44
2025-10-16 20:45:00,1760647500000,7.237,7.251,7.192,7.233,4957.5
2025-10-16 20:50:00,1760647800000,7.23,7.231,7.153,7.196,3974.96
2025-10-16 20:55:00,1760648100000,7.194,7.206,7.167,7.182,3552.59
2025-10-16 21:00:00,1760648400000,7.183,7.216,7.18,7.181,3704.68
2025-10-16 21:05:00,1760648700000,7.182,7.319,7.163,7.299,11024.53
2025-10-16 21:10:00,1760649000000,7.299,7.318,7.245,7.268,3942.02
2025-10-16 21:15:00,1760649300000,7.274,7.443,7.243,7.314,5155.1
2025-10-16 21:20:00,1760649600000,7.309,7.323,7.266,7.269,2424.41
2025-10-16 21:25:00,1760649900000,7.27,7.278,7.221,7.278,2330.58
2025-10-16 21:30:00,1760650200000,7.275,7.343,7.273,7.316,2786.37
2025-10-16 21:35:00,1760650500000,7.316,7.367,7.297,7.328,1541.35
2025-10-16 21:40:00,1760650800000,7.326,7.326,7.289,7.293,567.77
2025-10-16 21:45:00,1760651100000,7.286,7.351,7.286,7.344,818.12
2025-10-16 21:50:00,1760651400000,7.346,7.357,7.33,7.33,816.64
2025-10-16 21:55:00,1760651700000,7.333,7.376,7.331,7.376,810.13
2025-10-16 22:00:00,1760652000000,7.373,7.376,7.32,7.332,1444.76
2025-10-16 22:05:00,1760652300000,7.328,7.33,7.301,7.318,1462.12
2025-10-16 22:10:00,1760652600000,7.319,7.337,7.317,7.32,1096.79
2025-10-16 22:15:00,1760652900000,7.318,7.343,7.253,7.268,5543.11
2025-10-16 22:20:00,1760653200000,7.27,7.274,7.244,7.269,1700.97
2025-10-16 22:25:00,1760653500000,7.275,7.307,7.27,7.285,1893.67
2025-10-16 22:30:00,1760653800000,7.277,7.277,7.237,7.246,1099.97
2025-10-16 22:35:00,1760654100000,7.25,7.259,7.241,7.253,293.3
2025-10-16 22:40:00,1760654400000,7.255,7.28,7.216,7.228,1893.76
2025-10-16 22:45:00,1760654700000,7.224,7.224,7.184,7.211,2491.76
2025-10-16 22:50:00,1760655000000,7.211,7.222,7.196,7.209,1499.51
2025-10-16 22:55:00,1760655300000,7.202,7.239,7.189,7.207,1375.59
2025-10-16 23:00:00,1760655600000,7.207,7.27,7.197,7.267,2887.97
2025-10-16 23:05:00,1760655900000,7.267,7.29,7.253,7.273,823.29
2025-10-16 23:10:00,1760656200000,7.263,7.271,7.251,7.26,454.96
2025-10-16 23:15:00,1760656500000,7.263,7.286,7.255,7.258,924.35
2025-10-16 23:20:00,1760656800000,7.255,7.336,7.255,7.322,2497.57
2025-10-16 23:25:00,1760657100000,7.315,7.315,7.28,7.299,567.59
2025-10-16 23:30:00,1760657400000,7.312,7.367,7.27,7.28,1790.52
2025-10-16 23:35:00,1760657700000,7.28,7.288,7.278,7.278,202.57
2025-10-16 23:40:00,1760658000000,7.274,7.309,7.271,7.282,2503.45
2025-10-16 23:45:00,1760658300000,7.283,7.321,7.253,7.262,2615.58
2025-10-16 23:50:00,1760658600000,7.264,7.317,7.261,7.286,3026.0
2025-10-16 23:55:00,1760658900000,7.286,7.404,7.285,7.375,6832.1
2025-10-17 00:00:00,1760659200000,7.371,7.447,7.325,7.409,7474.79
2025-10-17 00:05:00,1760659500000,7.404,7.431,7.364,7.377,5539.15
2025-10-17 00:10:00,1760659800000,7.377,7.377,7.33,7.334,1417.77
2025-10-17 00:15:00,1760660100000,7.33,7.33,7.288,7.288,2257.73
2025-10-17 00:20:00,1760660400000,7.292,7.312,7.251,7.263,2316.5
2025-10-17 00:25:00,1760660700000,7.266,7.317,7.262,7.31,1236.06
2025-10-17 00:30:00,1760661000000,7.31,7.345,7.287,7.315,1014.11
2025-10-17 00:35:00,1760661300000,7.317,7.345,7.31,7.324,949.37
2025-10-17 00:40:00,1760661600000,7.328,7.382,7.323,7.323,1205.33
2025-10-17 00:45:00,1760661900000,7.318,7.325,7.264,7.27,1033.25
2025-10-17 00:50:00,1760662200000,7.263,7.281,7.248,7.261,1554.24
2025-10-17 00:55:00,1760662500000,7.264,7.291,7.261,7.289,840.27
2025-10-17 01:00:00,1760662800000,7.292,7.317,7.261,7.305,1777.99
2025-10-17 01:05:00,1760663100000,7.301,7.319,7.285,7.317,1220.12
2025-10-17 01:10:00,1760663400000,7.319,7.323,7.279,7.281,1045.55
2025-10-17 01:15:00,1760663700000,7.29,7.308,7.279,7.289,1475.33
2025-10-17 01:20:00,1760664000000,7.289,7.299,7.268,7.284,1694.8
2025-10-17 01:25:00,1760664300000,7.283,7.296,7.271,7.289,461.37
2025-10-17 01:30:00,1760664600000,7.295,7.308,7.219,7.225,2864.38
2025-10-17 01:35:00,1760664900000,7.218,7.259,7.204,7.248,1409.77
2025-10-17 01:40:00,1760665200000,7.25,7.25,7.215,7.246,1747.18
2025-10-17 01:45:00,1760665500000,7.244,7.256,7.228,7.231,796.93
2025-10-17 01:50:00,1760665800000,7.231,7.234,7.201,7.206,1755.79
2025-10-17 01:55:00,1760666100000,7.205,7.222,7.168,7.204,4211.98
2025-10-17 02:00:00,1760666400000,7.213,7.213,7.177,7.196,5564.86
2025-10-17 02:05:00,1760666700000,7.195,7.203,7.129,7.177,3880.13
2025-10-17 02:10:00,1760667000000,7.174,7.183,7.107,7.139,5226.81
2025-10-17 02:15:00,1760667300000,7.135,7.137,7.046,7.098,6435.3
2025-10-17 02:20:00,1760667600000,7.096,7.178,7.089,7.168,3833.79
2025-10-17 02:25:00,1760667900000,7.164,7.195,7.143,7.147,1928.9
2025-10-17 02:30:00,1760668200000,7.145,7.15,7.075,7.087,6925.88
2025-10-17 02:35:00,1760668500000,7.087,7.109,7.073,7.09,1372.23
2025-10-17 02:40:00,1760668800000,7.089,7.117,7.072,7.106,2315.66
2025-10-17 02:45:00,1760669100000,7.107,7.146,7.107,7.116,1146.17
2025-10-17 02:50:00,1760669400000,7.113,7.122,7.059,7.122,6323.5
2025-10-17 02:55:00,1760669700000,7.119,7.133,7.101,7.109,1065.18
2025-10-17 03:00:00,1760670000000,7.112,7.142,7.098,7.124,2201.53
2025-10-17 03:05:00,1760670300000,7.121,7.125,7.104,7.104,525.64
2025-10-17 03:10:00,1760670600000,7.103,7.127,7.085,7.127,2985.36
2025-10-17 03:15:00,1760670900000,7.13,7.221,7.13,7.206,11067.0
2025-10-17 03:20:00,1760671200000,7.205,7.214,7.186,7.203,981.02
2025-10-17 03:25:00,1760671500000,7.206,7.207,7.173,7.182,1280.01
2025-10-17 03:30:00,1760671800000,7.181,7.186,7.139,7.186,2644.58
2025-10-17 03:35:00,1760672100000,7.186,7.284,7.182,7.206,7025.09
2025-10-17 03:40:00,1760672400000,7.204,7.222,7.18,7.222,725.99
2025-10-17 03:45:00,1760672700000,7.224,7.259,7.22,7.257,875.3
2025-10-17 03:50:00,1760673000000,7.254,7.322,7.241,7.322,4996.1
2025-10-17 03:55:00,1760673300000,7.32,7.389,7.277,7.298,5865.46
2025-10-17 04:00:00,1760673600000,7.3,7.359,7.286,7.355,2990.01
2025-10-17 04:05:00,1760673900000,7.351,7.371,7.329,7.334,1693.57
2025-10-17 04:10:00,1760674200000,7.334,7.353,7.284,7.304,3504.54
2025-10-17 04:15:00,1760674500000,7.305,7.339,7.296,7.316,2304.61
2025-10-17 04:20:00,1760674800000,7.31,7.34,7.309,7.337,1313.81
2025-10-17 04:25:00,1760675100000,7.342,7.36,7.311,7.311,1887.4
2025-10-17 04:30:00,1760675400000,7.31,7.331,7.277,7.312,819.4
2025-10-17 04:35:00,1760675700000,7.307,7.337,7.306,7.337,241.33
2025-10-17 04:40:00,1760676000000,7.344,7.357,7.336,7.345,761.17
2025-10-17 04:45:00,1760676300000,7.345,7.42,7.334,7.347,4887.15
2025-10-17 04:50:00,1760676600000,7.353,7.364,7.32,7.333,3073.27
2025-10-17 04:55:00,1760676900000,7.332,7.352,7.305,7.305,2501.87
2025-10-17 05:00:00,1760677200000,7.305,7.343,7.291,7.332,4738.15
2025-10-17 05:05:00,1760677500000,7.335,7.345,7.33,7.341,541.83
2025-10-17 05:10:00,1760677800000,7.338,7.355,7.315,7.317,1405.5
2025-10-17 05:15:00,1760678100000,7.319,7.333,7.31,7.324,1718.0
2025-10-17 05:20:00,1760678400000,7.328,7.362,7.321,7.348,915.47
2025-10-17 05:25:00,1760678700000,7.346,7.386,7.342,7.372,2207.37
2025-10-17 05:30:00,1760679000000,7.374,7.408,7.361,7.395,1925.29
2025-10-17 05:35:00,1760679300000,7.392,7.394,7.327,7.329,2400.93
2025-10-17 05:40:00,1760679600000,7.335,7.383,7.331,7.38,2718.82
2025-10-17 05:45:00,1760679900000,7.382,7.386,7.329,7.336,2141.55
2025-10-17 05:50:00,1760680200000,7.339,7.409,7.313,7.406,3381.57
2025-10-17 05:55:00,1760680500000,7.397,7.41,7.366,7.407,1892.21
2025-10-17 06:00:00,1760680800000,7.409,7.436,7.374,7.421,2885.33
2025-10-17 06:05:00,1760681100000,7.425,7.437,7.382,7.384,1275.89
2025-10-17 06:10:00,1760681400000,7.385,7.401,7.343,7.401,1875.4
2025-10-17 06:15:00,1760681700000,7.4,7.417,7.361,7.39,1976.55
2025-10-17 06:20:00,1760682000000,7.39,7.395,7.348,7.368,3114.34
2025-10-17 06:25:00,1760682300000,7.366,7.386,7.318,7.326,4839.49
2025-10-17 06:30:00,1760682600000,7.327,7.328,7.198,7.224,7187.27
2025-10-17 06:35:00,1760682900000,7.218,7.228,7.137,7.185,11185.17
2025-10-17 06:40:00,1760683200000,7.186,7.191,7.12,7.133,3477.77
2025-10-17 06:45:00,1760683500000,7.128,7.214,7.12,7.121,8594.78
2025-10-17 06:50:00,1760683800000,7.123,7.156,7.095,7.095,6503.33
2025-10-17 06:55:00,1760684100000,7.092,7.119,7.037,7.11,6787.34
2025-10-17 07:00:00,1760684400000,7.103,7.147,7.097,7.111,6779.73
2025-10-17 07:05:00,1760684700000,7.116,7.117,6.984,6.991,10022.43
2025-10-17 07:10:00,1760685000000,6.992,7.031,6.968,7.004,5682.96
2025-10-17 07:15:00,1760685300000,7.002,7.042,6.959,7.011,3540.25
2025-10-17 07:20:00,1760685600000,7.013,7.022,6.925,6.953,4029.17
2025-10-17 07:25:00,1760685900000,6.956,6.989,6.935,6.955,3878.38
2025-10-17 07:30:00,1760686200000,6.956,6.991,6.865,6.903,4890.93
2025-10-17 07:35:00,1760686500000,6.903,6.968,6.898,6.953,5970.79
2025-10-17 07:40:00,1760686800000,6.956,6.958,6.861,6.873,4046.13
2025-10-17 07:45:00,1760687100000,6.875,6.924,6.859,6.889,7254.78
2025-10-17 07:50:00,1760687400000,6.891,6.989,6.89,6.93,4554.93
2025-10-17 07:55:00,1760687700000,6.933,6.959,6.909,6.954,5437.99
2025-10-17 08:00:00,1760688000000,6.957,7.037,6.947,7.02,5976.75
2025-10-17 08:05:00,1760688300000,7.016,7.031,6.945,6.986,3240.23
2025-10-17 08:10:00,1760688600000,6.987,7.021,6.89,6.89,5063.71
2025-10-17 08:15:00,1760688900000,6.892,6.898,6.807,6.891,8318.77
2025-10-17 08:20:00,1760689200000,6.896,6.979,6.893,6.956,3626.11
2025-10-17 08:25:00,1760689500000,6.963,7.016,6.902,6.933,4567.72
2025-10-17 08:30:00,1760689800000,6.935,6.983,6.916,6.969,4656.0
2025-10-17 08:35:00,1760690100000,6.969,7.027,6.95,6.97,1881.94
2025-10-17 08:40:00,1760690400000,6.971,6.971,6.875,6.877,8866.9
2025-10-17 08:45:00,1760690700000,6.874,6.94,6.86,6.92,10253.63
2025-10-17 08:50:00,1760691000000,6.924,7.006,6.913,7.0,10304.72
2025-10-17 08:55:00,1760691300000,6.999,7.035,6.987,7.014,3725.78
2025-10-17 09:00:00,1760691600000,7.018,7.098,6.984,7.036,4876.88
2025-10-17 09:05:00,1760691900000,7.038,7.158,7.033,7.119,6346.38
2025-10-17 09:10:00,1760692200000,7.125,7.156,7.11,7.155,5105.62
2025-10-17 09:15:00,1760692500000,7.157,7.221,7.137,7.155,4469.74
2025-10-17 09:20:00,1760692800000,7.154,7.163,7.103,7.117,4899.44
2025-10-17 09:25:00,1760693100000,7.117,7.164,7.11,7.16,6560.33
2025-10-17 09:30:00,1760693400000,7.159,7.189,7.154,7.189,4039.23
2025-10-17 09:35:00,1760693700000,7.188,7.283,7.188,7.197,6204.94
2025-10-17 09:40:00,1760694000000,7.209,7.292,7.201,7.273,5597.59
2025-10-17 09:45:00,1760694300000,7.276,7.358,7.268,7.326,5466.07
2025-10-17 09:50:00,1760694600000,7.329,7.365,7.262,7.342,7010.49
2025-10-17 09:55:00,1760694900000,7.347,7.38,7.317,7.345,4487.95
2025-10-17 10:00:00,1760695200000,7.343,7.418,7.326,7.41,4842.08
2025-10-17 10:05:00,1760695500000,7.415,7.431,7.379,7.403,4082.0
2025-10-17 10:10:00,1760695800000,7.411,7.51,7.411,7.478,24478.08
2025-10-17 10:15:00,1760696100000,7.478,7.48,7.412,7.44,6321.47
2025-10-17 10:20:00,1760696400000,7.44,7.455,7.411,7.422,5049.87
2025-10-17 10:25:00,1760696700000,7.421,7.465,7.401,7.412,7244.84
2025-10-17 10:30:00,1760697000000,7.411,7.472,7.336,7.454,6876.26
2025-10-17 10:35:00,1760697300000,7.442,7.49,7.351,7.368,11001.0
2025-10-17 10:40:00,1760697600000,7.362,7.4,7.347,7.39,2647.08
2025-10-17 10:45:00,1760697900000,7.39,7.39,7.344,7.374,1760.54
2025-10-17 10:50:00,1760698200000,7.373,7.415,7.334,7.404,2694.86
2025-10-17 10:55:00,1760698500000,7.408,7.431,7.359,7.362,11233.35
2025-10-17 11:00:00,1760698800000,7.364,7.463,7.35,7.419,5016.3
2025-10-17 11:05:00,1760699100000,7.42,7.483,7.392,7.465,5360.52
2025-10-17 11:10:00,1760699400000,7.464,7.468,7.33,7.363,8644.1
2025-10-17 11:15:00,1760699700000,7.364,7.539,7.352,7.493,14242.81
2025-10-17 11:20:00,1760700000000,7.481,7.508,7.387,7.41,4218.67
2025-10-17 11:25:00,1760700300000,7.41,7.488,7.403,7.488,7480.69
2025-10-17 11:30:00,1760700600000,7.485,7.485,7.42,7.432,3322.39
2025-10-17 11:35:00,1760700900000,7.421,7.436,7.38,7.409,1575.51
2025-10-17 11:40:00,1760701200000,7.409,7.437,7.36,7.371,3360.64
2025-10-17 11:45:00,1760701500000,7.369,7.386,7.308,7.38,19025.86
2025-10-17 11:50:00,1760701800000,7.375,7.388,7.334,7.335,2353.09
2025-10-17 11:55:00,1760702100000,7.333,7.345,7.27,7.327,4686.06
2025-10-17 12:00:00,1760702400000,7.325,7.452,7.291,7.432,9134.0
2025-10-17 12:05:00,1760702700000,7.441,7.49,7.402,7.435,5749.82
2025-10-17 12:10:00,1760703000000,7.433,7.441,7.329,7.381,9118.16
2025-10-17 12:15:00,1760703300000,7.378,7.386,7.341,7.382,1980.86
2025-10-17 12:20:00,1760703600000,7.379,7.465,7.372,7.433,2492.95
2025-10-17 12:25:00,1760703900000,7.425,7.425,7.375,7.375,1441.91
2025-10-17 12:30:00,1760704200000,7.377,7.415,7.36,7.415,2867.87
2025-10-17 12:35:00,1760704500000,7.411,7.422,7.37,7.389,3291.02
2025-10-17 12:40:00,1760704800000,7.388,7.399,7.345,7.354,4124.4
2025-10-17 12:45:00,1760705100000,7.356,7.386,7.337,7.386,2323.67
2025-10-17 12:50:00,1760705400000,7.387,7.411,7.357,7.388,2427.6
2025-10-17 12:55:00,1760705700000,7.387,7.387,7.318,7.334,3667.46
2025-10-17 13:00:00,1760706000000,7.338,7.384,7.328,7.357,3264.59
2025-10-17 13:05:00,1760706300000,7.357,7.357,7.258,7.308,6014.6
2025-10-17 13:10:00,1760706600000,7.307,7.324,7.28,7.28,1840.85
2025-10-17 13:15:00,1760706900000,7.279,7.321,7.267,7.321,3700.87
2025-10-17 13:20:00,1760707200000,7.319,7.349,7.317,7.346,3020.8
2025-10-17 13:25:00,1760707500000,7.346,7.348,7.263,7.287,6368.87
2025-10-17 13:30:00,1760707800000,7.289,7.328,7.263,7.303,5335.73
2025-10-17 13:35:00,1760708100000,7.308,7.32,7.286,7.29,2327.72
2025-10-17 13:40:00,1760708400000,7.291,7.291,7.257,7.263,3625.69
2025-10-17 13:45:00,1760708700000,7.264,7.291,7.238,7.289,2340.19
2025-10-17 13:50:00,1760709000000,7.287,7.39,7.279,7.368,2874.94
2025-10-17 13:55:00,1760709300000,7.369,7.427,7.369,7.397,3401.58
2025-10-17 14:00:00,1760709600000,7.396,7.452,7.391,7.442,10114.39
2025-10-17 14:05:00,1760709900000,7.445,7.448,7.346,7.361,3275.12
2025-10-17 14:10:00,1760710200000,7.361,7.415,7.345,7.375,2696.68
2025-10-17 14:15:00,1760710500000,7.375,7.378,7.312,7.355,3431.74
2025-10-17 14:20:00,1760710800000,7.355,7.355,7.302,7.321,3532.2
2025-10-17 14:25:00,1760711100000,7.321,7.33,7.295,7.318,3275.16
2025-10-17 14:30:00,1760711400000,7.32,7.327,7.245,7.264,6232.77
2025-10-17 14:35:00,1760711700000,7.264,7.284,7.202,7.237,4571.98
2025-10-17 14:40:00,1760712000000,7.238,7.301,7.196,7.261,4958.83
2025-10-17 14:45:00,1760712300000,7.26,7.37,7.256,7.37,5615.02
2025-10-17 14:50:00,1760712600000,7.373,7.379,7.323,7.359,2122.84
2025-10-17 14:55:00,1760712900000,7.356,7.365,7.326,7.365,2517.1
2025-10-17 15:00:00,1760713200000,7.367,7.55,7.361,7.541,5328.31
2025-10-17 15:05:00,1760713500000,7.542,7.549,7.408,7.463,5264.85
2025-10-17 15:10:00,1760713800000,7.468,7.533,7.399,7.414,9588.92
2025-10-17 15:15:00,1760714100000,7.419,7.45,7.396,7.397,3651.73
2025-10-17 15:20:00,1760714400000,7.396,7.433,7.354,7.419,5831.59
2025-10-17 15:25:00,1760714700000,7.419,7.497,7.412,7.491,4309.21
2025-10-17 15:30:00,1760715000000,7.477,7.485,7.441,7.451,3136.8
2025-10-17 15:35:00,1760715300000,7.447,7.474,7.413,7.471,3629.43
2025-10-17 15:40:00,1760715600000,7.473,7.527,7.456,7.459,5421.7
2025-10-17 15:45:00,1760715900000,7.456,7.599,7.451,7.587,7218.02
2025-10-17 15:50:00,1760716200000,7.591,7.722,7.578,7.661,29670.58
2025-10-17 15:55:00,1760716500000,7.662,7.676,7.633,7.634,9980.6
2025-10-17 16:00:00,1760716800000,7.635,7.805,7.622,7.702,18103.28
2025-10-17 16:05:00,1760717100000,7.703,7.745,7.632,7.639,9702.57
2025-10-17 16:10:00,1760717400000,7.625,7.634,7.522,7.535,5555.51
2025-10-17 16:15:00,1760717700000,7.539,7.623,7.522,7.554,7135.12
2025-10-17 16:20:00,1760718000000,7.554,7.57,7.501,7.52,5688.57
2025-10-17 16:25:00,1760718300000,7.519,7.541,7.464,7.53,4336.29
2025-10-17 16:30:00,1760718600000,7.532,7.54,7.465,7.485,5605.3
2025-10-17 16:35:00,1760718900000,7.485,7.5,7.453,7.488,2404.11
2025-10-17 16:40:00,1760719200000,7.488,7.52,7.458,7.5,8133.31
2025-10-17 16:45:00,1760719500000,7.5,7.527,7.48,7.502,3331.59
2025-10-17 16:50:00,1760719800000,7.501,7.512,7.467,7.48,7183.74
2025-10-17 16:55:00,1760720100000,7.48,7.583,7.463,7.566,23512.48
2025-10-17 17:00:00,1760720400000,7.565,7.586,7.494,7.55,7545.45
2025-10-17 17:05:00,1760720700000,7.55,7.649,7.549,7.62,4365.41
2025-10-17 17:10:00,1760721000000,7.621,7.622,7.544,7.592,4090.02
2025-10-17 17:15:00,1760721300000,7.593,7.61,7.542,7.562,2772.98
2025-10-17 17:20:00,1760721600000,7.557,7.57,7.518,7.547,3080.99
2025-10-17 17:25:00,1760721900000,7.554,7.56,7.518,7.52,2388.1
2025-10-17 17:30:00,1760722200000,7.523,7.564,7.506,7.558,2113.54
2025-10-17 17:35:00,1760722500000,7.557,7.591,7.54,7.559,2827.12
2025-10-17 17:40:00,1760722800000,7.559,7.565,7.498,7.515,2588.25
2025-10-17 17:45:00,1760723100000,7.514,7.53,7.446,7.487,7799.69
2025-10-17 17:50:00,1760723400000,7.484,7.559,7.476,7.555,6877.71
2025-10-17 17:55:00,1760723700000,7.558,7.56,7.518,7.543,3591.38
2025-10-17 18:00:00,1760724000000,7.544,7.611,7.54,7.602,4879.34
2025-10-17 18:05:00,1760724300000,7.606,7.662,7.593,7.625,4056.77
2025-10-17 18:10:00,1760724600000,7.622,7.661,7.538,7.545,7098.83
2025-10-17 18:15:00,1760724900000,7.545,7.6,7.54,7.566,5069.24
2025-10-17 18:20:00,1760725200000,7.566,7.606,7.539,7.597,3295.01
2025-10-17 18:25:00,1760725500000,7.597,7.625,7.573,7.61,3201.82
2025-10-17 18:30:00,1760725800000,7.609,7.612,7.52,7.554,3374.34
2025-10-17 18:35:00,1760726100000,7.555,7.61,7.555,7.575,2421.38
2025-10-17 18:40:00,1760726400000,7.58,7.6,7.568,7.594,1672.67
2025-10-17 18:45:00,1760726700000,7.591,7.613,7.561,7.567,2252.28
2025-10-17 18:50:00,1760727000000,7.566,7.57,7.517,7.537,2782.84
2025-10-17 18:55:00,1760727300000,7.536,7.567,7.511,7.567,2721.19
2025-10-17 19:00:00,1760727600000,7.567,7.584,7.536,7.577,2157.65
2025-10-17 19:05:00,1760727900000,7.577,7.584,7.523,7.565,2572.92
2025-10-17 19:10:00,1760728200000,7.561,7.591,7.538,7.579,3401.11
2025-10-17 19:15:00,1760728500000,7.577,7.584,7.558,7.584,1133.22
2025-10-17 19:20:00,1760728800000,7.581,7.591,7.555,7.558,1693.05
2025-10-17 19:25:00,1760729100000,7.559,7.572,7.54,7.551,1308.33
2025-10-17 19:30:00,1760729400000,7.55,7.552,7.518,7.52,1633.8
2025-10-17 19:35:00,1760729700000,7.517,7.527,7.509,7.514,731.07
2025-10-17 19:40:00,1760730000000,7.515,7.564,7.514,7.558,958.46
2025-10-17 19:45:00,1760730300000,7.567,7.597,7.547,7.597,1298.41
2025-10-17 19:50:00,1760730600000,7.599,7.628,7.572,7.586,2151.84
2025-10-17 19:55:00,1760730900000,7.581,7.599,7.573,7.595,1159.51
2025-10-17 20:00:00,1760731200000,7.596,7.667,7.589,7.65,2871.48
2025-10-17 20:05:00,1760731500000,7.647,7.655,7.599,7.617,2327.51
2025-10-17 20:10:00,1760731800000,7.621,7.674,7.598,7.667,1156.32
2025-10-17 20:15:00,1760732100000,7.676,7.746,7.666,7.731,5023.05
2025-10-17 20:20:00,1760732400000,7.738,7.78,7.71,7.767,2759.88
2025-10-17 20:25:00,1760732700000,7.767,7.797,7.721,7.792,2188.33
2025-10-17 20:30:00,1760733000000,7.79,7.796,7.718,7.736,6322.08
2025-10-17 20:35:00,1760733300000,7.737,7.737,7.652,7.674,4102.58
2025-10-17 20:40:00,1760733600000,7.674,7.698,7.654,7.698,1677.21
2025-10-17 20:45:00,1760733900000,7.698,7.737,7.68,7.713,1244.0
2025-10-17 20:50:00,1760734200000,7.712,7.716,7.668,7.673,1769.32
2025-10-17 20:55:00,1760734500000,7.673,7.674,7.63,7.652,1273.28
2025-10-17 21:00:00,1760734800000,7.654,7.661,7.58,7.64,2978.08
2025-10-17 21:05:00,1760735100000,7.644,7.69,7.628,7.651,1163.4
2025-10-17 21:10:00,1760735400000,7.641,7.681,7.641,7.661,859.48
2025-10-17 21:15:00,1760735700000,7.661,7.706,7.656,7.674,2202.55
2025-10-17 21:20:00,1760736000000,7.675,7.676,7.636,7.637,1552.67
2025-10-17 21:25:00,1760736300000,7.642,7.66,7.626,7.626,815.44
2025-10-17 21:30:00,1760736600000,7.626,7.634,7.597,7.62,2611.25
2025-10-17 21:35:00,1760736900000,7.617,7.623,7.601,7.608,1534.9
2025-10-17 21:40:00,1760737200000,7.605,7.624,7.591,7.614,2157.61
2025-10-17 21:45:00,1760737500000,7.614,7.629,7.607,7.608,847.09
2025-10-17 21:50:00,1760737800000,7.612,7.612,7.57,7.572,1163.79
2025-10-17 21:55:00,1760738100000,7.572,7.609,7.565,7.606,2697.51
2025-10-17 22:00:00,1760738400000,7.609,7.687,7.593,7.685,2607.71
2025-10-17 22:05:00,1760738700000,7.68,7.684,7.6,7.6,1093.35
2025-10-17 22:10:00,1760739000000,7.598,7.605,7.57,7.58,1070.3
2025-10-17 22:15:00,1760739300000,7.575,7.589,7.57,7.572,1264.3
2025-10-17 22:20:00,1760739600000,7.568,7.578,7.551,7.573,644.73
2025-10-17 22:25:00,1760739900000,7.569,7.592,7.56,7.592,1104.08
2025-10-17 22:30:00,1760740200000,7.589,7.604,7.563,7.602,1127.73
2025-10-17 22:35:00,1760740500000,7.602,7.631,7.575,7.624,3078.54
2025-10-17 22:40:00,1760740800000,7.62,7.63,7.603,7.622,1543.41
2025-10-17 22:45:00,1760741100000,7.625,7.654,7.619,7.651,1892.24
2025-10-17 22:50:00,1760741400000,7.651,7.677,7.651,7.664,666.04
2025-10-17 22:55:00,1760741700000,7.659,7.669,7.642,7.669,577.78
2025-10-17 23:00:00,1760742000000,7.668,7.76,7.668,7.72,5383.66
2025-10-17 23:05:00,1760742300000,7.72,7.727,7.623,7.64,2721.33
2025-10-17 23:10:00,1760742600000,7.636,7.641,7.613,7.623,1883.24
2025-10-17 23:15:00,1760742900000,7.626,7.687,7.622,7.682,2049.8
2025-10-17 23:20:00,1760743200000,7.684,7.705,7.666,7.667,1339.87
2025-10-17 23:25:00,1760743500000,7.662,7.666,7.644,7.662,794.75
2025-10-17 23:30:00,1760743800000,7.654,7.678,7.65,7.668,1397.27
2025-10-17 23:35:00,1760744100000,7.67,7.699,7.67,7.692,756.01
2025-10-17 23:40:00,1760744400000,7.688,7.698,7.662,7.692,291.74
2025-10-17 23:45:00,1760744700000,7.695,7.708,7.666,7.699,1080.33
2025-10-17 23:50:00,1760745000000,7.7,7.728,7.7,7.713,1400.37
2025-10-17 23:55:00,1760745300000,7.707,7.731,7.686,7.724,1205.42
2025-10-18 00:00:00,1760745600000,7.724,7.757,7.699,7.703,2226.88
2025-10-18 00:05:00,1760745900000,7.698,7.723,7.68,7.708,1070.51
2025-10-18 00:10:00,1760746200000,7.706,7.706,7.659,7.665,545.3
2025-10-18 00:15:00,1760746500000,7.67,7.739,7.669,7.704,1602.58
2025-10-18 00:20:00,1760746800000,7.702,7.708,7.651,7.672,2391.15
2025-10-18 00:25:00,1760747100000,7.67,7.714,7.666,7.688,873.59
2025-10-18 00:30:00,1760747400000,7.687,7.694,7.644,7.658,1676.61
2025-10-18 00:35:00,1760747700000,7.663,7.689,7.643,7.643,1900.85
2025-10-18 00:40:00,1760748000000,7.644,7.653,7.602,7.636,1836.25
2025-10-18 00:45:00,1760748300000,7.637,7.649,7.59,7.595,938.61
2025-10-18 00:50:00,1760748600000,7.592,7.604,7.572,7.577,1486.88
2025-10-18 00:55:00,1760748900000,7.573,7.6,7.557,7.57,3995.1
2025-10-18 01:00:00,1760749200000,7.573,7.638,7.554,7.633,3261.09
2025-10-18 01:05:00,1760749500000,7.63,7.65,7.621,7.63,1345.15
2025-10-18 01:10:00,1760749800000,7.627,7.656,7.609,7.634,1382.76
2025-10-18 01:15:00,1760750100000,7.636,7.7,7.634,7.695,2238.26
2025-10-18 01:20:00,1760750400000,7.695,7.696,7.655,7.66,844.28
2025-10-18 01:25:00,1760750700000,7.655,7.73,7.642,7.714,4126.44
2025-10-18 01:30:00,1760751000000,7.713,7.74,7.686,7.728,2961.54
2025-10-18 01:35:00,1760751300000,7.729,7.769,7.722,7.768,2878.6
2025-10-18 01:40:00,1760751600000,7.768,7.768,7.698,7.702,1037.17
2025-10-18 01:45:00,1760751900000,7.704,7.704,7.643,7.645,2267.08
2025-10-18 01:50:00,1760752200000,7.644,7.653,7.596,7.596,2433.54
2025-10-18 01:55:00,1760752500000,7.597,7.656,7.597,7.653,1414.32
2025-10-18 02:00:00,1760752800000,7.652,7.662,7.627,7.645,1052.09
2025-10-18 02:05:00,1760753100000,7.648,7.69,7.633,7.675,2722.2
2025-10-18 02:10:00,1760753400000,7.67,7.68,7.596,7.605,1734.28
2025-10-18 02:15:00,1760753700000,7.608,7.649,7.59,7.629,2816.76
2025-10-18 02:20:00,1760754000000,7.632,7.666,7.601,7.631,4623.96
2025-10-18 02:25:00,1760754300000,7.629,7.632,7.594,7.609,865.97
2025-10-18 02:30:00,1760754600000,7.61,7.613,7.582,7.582,887.76
2025-10-18 02:35:00,1760754900000,7.581,7.608,7.572,7.59,2277.37
2025-10-18 02:40:00,1760755200000,7.588,7.602,7.552,7.561,2931.04
2025-10-18 02:45:00,1760755500000,7.564,7.584,7.547,7.57,1676.05
2025-10-18 02:50:00,1760755800000,7.569,7.582,7.553,7.582,692.1
2025-10-18 02:55:00,1760756100000,7.583,7.599,7.58,7.588,677.14
2025-10-18 03:00:00,1760756400000,7.587,7.644,7.572,7.636,1596.69
2025-10-18 03:05:00,1760756700000,7.637,7.662,7.634,7.66,1558.12
2025-10-18 03:10:00,1760757000000,7.662,7.682,7.639,7.68,1517.5
2025-10-18 03:15:00,1760757300000,7.682,7.687,7.645,7.668,2238.08
2025-10-18 03:20:00,1760757600000,7.676,7.692,7.662,7.662,1513.59
2025-10-18 03:25:00,1760757900000,7.661,7.69,7.655,7.684,484.98
2025-10-18 03:30:00,1760758200000,7.685,7.708,7.662,7.708,2735.71
2025-10-18 03:35:00,1760758500000,7.707,7.716,7.674,7.678,1315.07
2025-10-18 03:40:00,1760758800000,7.677,7.679,7.649,7.664,1055.41
2025-10-18 03:45:00,1760759100000,7.663,7.687,7.662,7.679,1286.31
2025-10-18 03:50:00,1760759400000,7.676,7.676,7.611,7.637,4601.96
2025-10-18 03:55:00,1760759700000,7.639,7.644,7.587,7.594,4637.18
2025-10-18 04:00:00,1760760000000,7.595,7.603,7.497,7.543,10111.9
2025-10-18 04:05:00,1760760300000,7.542,7.645,7.539,7.578,18656.24
2025-10-18 04:10:00,1760760600000,7.579,7.588,7.538,7.542,1519.06
2025-10-18 04:15:00,1760760900000,7.542,7.542,7.51,7.529,1240.49
2025-10-18 04:20:00,1760761200000,7.53,7.59,7.521,7.573,1363.13
2025-10-18 04:25:00,1760761500000,7.581,7.583,7.566,7.571,578.34
2025-10-18 04:30:00,1760761800000,7.572,7.72,7.561,7.686,11865.19
2025-10-18 04:35:00,1760762100000,7.686,7.781,7.681,7.757,8705.87
2025-10-18 04:40:00,1760762400000,7.755,7.773,7.717,7.722,1799.25
2025-10-18 04:45:00,1760762700000,7.724,7.724,7.692,7.72,1220.18
2025-10-18 04:50:00,1760763000000,7.721,7.726,7.647,7.666,3963.46
2025-10-18 04:55:00,1760763300000,7.668,7.782,7.668,7.724,8276.89
2025-10-18 05:00:00,1760763600000,7.726,7.9,7.726,7.849,16193.86
2025-10-18 05:05:00,1760763900000,7.848,7.863,7.819,7.822,6579.82
2025-10-18 05:10:00,1760764200000,7.822,7.825,7.788,7.819,2312.49
2025-10-18 05:15:00,1760764500000,7.822,7.858,7.81,7.84,2419.68
2025-10-18 05:20:00,1760764800000,7.844,7.896,7.83,7.879,2806.49
2025-10-18 05:25:00,1760765100000,7.885,7.928,7.821,7.863,16776.39
2025-10-18 05:30:00,1760765400000,7.86,7.906,7.852,7.88,2471.04
2025-10-18 05:35:00,1760765700000,7.88,7.88,7.768,7.783,5319.15
2025-10-18 05:40:00,1760766000000,7.786,7.804,7.723,7.76,3015.99
2025-10-18 05:45:00,1760766300000,7.765,7.825,7.761,7.807,2884.41
2025-10-18 05:50:00,1760766600000,7.807,7.818,7.773,7.804,2432.98
2025-10-18 05:55:00,1760766900000,7.805,7.849,7.796,7.835,2744.96
2025-10-18 06:00:00,1760767200000,7.84,7.844,7.774,7.804,2126.62
2025-10-18 06:05:00,1760767500000,7.799,7.852,7.797,7.846,3150.29
2025-10-18 06:10:00,1760767800000,7.849,7.886,7.827,7.846,2493.81
2025-10-18 06:15:00,1760768100000,7.848,7.853,7.75,7.833,7367.02
2025-10-18 06:20:00,1760768400000,7.833,7.875,7.818,7.869,3285.77
2025-10-18 06:25:00,1760768700000,7.869,7.871,7.83,7.84,1609.42
2025-10-18 06:30:00,1760769000000,7.839,7.866,7.815,7.826,1393.75
2025-10-18 06:35:00,1760769300000,7.83,7.83,7.756,7.78,3818.28
2025-10-18 06:40:00,1760769600000,7.782,7.804,7.768,7.797,1176.85
2025-10-18 06:45:00,1760769900000,7.797,7.809,7.779,7.795,1249.68
2025-10-18 06:50:00,1760770200000,7.792,7.796,7.743,7.782,7084.15
2025-10-18 06:55:00,1760770500000,7.784,7.807,7.754,7.762,2664.63
2025-10-18 07:00:00,1760770800000,7.759,7.816,7.738,7.796,5492.42
2025-10-18 07:05:00,1760771100000,7.796,7.872,7.784,7.821,11566.3
2025-10-18 07:10:00,1760771400000,7.826,7.826,7.74,7.755,9856.02
2025-10-18 07:15:00,1760771700000,7.755,7.802,7.738,7.745,10579.74
2025-10-18 07:20:00,1760772000000,7.745,7.782,7.651,7.78,17069.82
2025-10-18 07:25:00,1760772300000,7.774,7.782,7.735,7.738,3147.69
2025-10-18 07:30:00,1760772600000,7.74,7.748,7.667,7.685,7578.05
2025-10-18 07:35:00,1760772900000,7.685,7.69,7.66,7.682,1982.76
2025-10-18 07:40:00,1760773200000,7.685,7.696,7.665,7.673,2195.31
2025-10-18 07:45:00,1760773500000,7.662,7.686,7.631,7.672,2173.27
2025-10-18 07:50:00,1760773800000,7.674,7.746,7.665,7.715,4768.61
2025-10-18 07:55:00,1760774100000,7.718,7.721,7.66,7.695,4998.88
2025-10-18 08:00:00,1760774400000,7.69,7.697,7.624,7.684,6532.03
2025-10-18 08:05:00,1760774700000,7.682,7.7,7.667,7.667,1888.88
2025-10-18 08:10:00,1760775000000,7.667,7.688,7.65,7.663,2476.65
2025-10-18 08:15:00,1760775300000,7.66,7.67,7.63,7.638,5326.24
2025-10-18 08:20:00,1760775600000,7.636,7.661,7.61,7.626,4434.98
2025-10-18 08:25:00,1760775900000,7.628,7.641,7.587,7.599,2159.98
2025-10-18 08:30:00,1760776200000,7.603,7.628,7.59,7.603,1572.37
2025-10-18 08:35:00,1760776500000,7.6,7.635,7.585,7.626,2388.53
2025-10-18 08:40:00,1760776800000,7.631,7.64,7.607,7.612,2292.94
2025-10-18 08:45:00,1760777100000,7.616,7.696,7.613,7.696,3017.92
2025-10-18 08:50:00,1760777400000,7.692,7.732,7.674,7.705,3602.31
2025-10-18 08:55:00,1760777700000,7.712,7.836,7.705,7.716,14559.32
2025-10-18 09:00:00,1760778000000,7.717,7.739,7.672,7.686,1884.28
2025-10-18 09:05:00,1760778300000,7.686,7.729,7.677,7.707,1963.5
2025-10-18 09:10:00,1760778600000,7.707,7.761,7.705,7.754,2226.1
2025-10-18 09:15:00,1760778900000,7.755,7.757,7.666,7.669,3044.76
2025-10-18 09:20:00,1760779200000,7.674,7.686,7.648,7.671,1729.69
2025-10-18 09:25:00,1760779500000,7.671,7.694,7.62,7.625,2547.51
2025-10-18 09:30:00,1760779800000,7.629,7.638,7.585,7.608,2746.9
2025-10-18 09:35:00,1760780100000,7.607,7.607,7.558,7.574,1926.03
2025-10-18 09:40:00,1760780400000,7.575,7.617,7.573,7.588,2000.02
2025-10-18 09:45:00,1760780700000,7.588,7.598,7.506,7.528,6188.75
2025-10-18 09:50:00,1760781000000,7.523,7.557,7.482,7.521,6585.77
2025-10-18 09:55:00,1760781300000,7.516,7.516,7.39,7.477,10429.94
2025-10-18 10:00:00,1760781600000,7.476,7.542,7.476,7.524,3400.7
2025-10-18 10:05:00,1760781900000,7.529,7.582,7.525,7.551,6588.39
2025-10-18 10:10:00,1760782200000,7.548,7.579,7.539,7.553,5856.27
2025-10-18 10:15:00,1760782500000,7.557,7.558,7.499,7.525,4296.54
2025-10-18 10:20:00,1760782800000,7.527,7.534,7.499,7.522,2197.44
2025-10-18 10:25:00,1760783100000,7.526,7.53,7.493,7.495,1399.64
2025-10-18 10:30:00,1760783400000,7.499,7.529,7.495,7.524,1218.41
2025-10-18 10:35:00,1760783700000,7.526,7.535,7.508,7.535,708.49
2025-10-18 10:40:00,1760784000000,7.538,7.551,7.517,7.522,2584.66
2025-10-18 10:45:00,1760784300000,7.523,7.541,7.511,7.525,2143.6
2025-10-18 10:50:00,1760784600000,7.524,7.535,7.5,7.519,1927.34
2025-10-18 10:55:00,1760784900000,7.522,7.53,7.5,7.529,1381.32
2025-10-18 11:00:00,1760785200000,7.531,7.593,7.531,7.592,2943.13
2025-10-18 11:05:00,1760785500000,7.585,7.646,7.582,7.634,10099.55
2025-10-18 11:10:00,1760785800000,7.634,7.665,7.634,7.663,2705.29
2025-10-18 11:15:00,1760786100000,7.664,7.733,7.664,7.709,3367.9
2025-10-18 11:20:00,1760786400000,7.71,7.712,7.668,7.673,2301.67
2025-10-18 11:25:00,1760786700000,7.673,7.673,7.619,7.63,5346.57
2025-10-18 11:30:00,1760787000000,7.629,7.672,7.609,7.671,4158.71
2025-10-18 11:35:00,1760787300000,7.671,7.672,7.644,7.65,880.46
2025-10-18 11:40:00,1760787600000,7.648,7.656,7.644,7.652,537.68
2025-10-18 11:45:00,1760787900000,7.652,7.652,7.619,7.632,1157.55
2025-10-18 11:50:00,1760788200000,7.635,7.644,7.613,7.627,1425.98
2025-10-18 11:55:00,1760788500000,7.623,7.688,7.614,7.655,5010.74
2025-10-18 12:00:00,1760788800000,7.654,7.699,7.653,7.66,4300.0
2025-10-18 12:05:00,1760789100000,7.662,7.663,7.63,7.64,651.78
2025-10-18 12:10:00,1760789400000,7.641,7.666,7.636,7.649,1054.88
2025-10-18 12:15:00,1760789700000,7.653,7.698,7.649,7.688,3160.95
2025-10-18 12:20:00,1760790000000,7.685,7.699,7.676,7.68,2235.02
2025-10-18 12:25:00,1760790300000,7.68,7.695,7.668,7.676,2351.26
2025-10-18 12:30:00,1760790600000,7.676,7.676,7.64,7.666,3098.87
2025-10-18 12:35:00,1760790900000,7.668,7.678,7.624,7.624,2030.22
2025-10-18 12:40:00,1760791200000,7.626,7.67,7.626,7.658,1877.45
2025-10-18 12:45:00,1760791500000,7.658,7.682,7.646,7.675,2266.77
2025-10-18 12:50:00,1760791800000,7.68,7.708,7.66,7.678,2494.98
2025-10-18 12:55:00,1760792100000,7.678,7.696,7.646,7.646,1827.16
2025-10-18 13:00:00,1760792400000,7.646,7.654,7.566,7.572,4096.34
2025-10-18 13:05:00,1760792700000,7.572,7.585,7.524,7.528,4553.43
2025-10-18 13:10:00,1760793000000,7.528,7.567,7.514,7.563,3240.37
2025-10-18 13:15:00,1760793300000,7.562,7.569,7.515,7.528,2794.59
2025-10-18 13:20:00,1760793600000,7.524,7.599,7.523,7.59,3688.58
2025-10-18 13:25:00,1760793900000,7.589,7.6,7.551,7.569,2326.04
2025-10-18 13:30:00,1760794200000,7.571,7.583,7.533,7.58,2270.05
2025-10-18 13:35:00,1760794500000,7.579,7.6,7.563,7.588,2358.02
2025-10-18 13:40:00,1760794800000,7.591,7.63,7.58,7.604,1214.49
2025-10-18 13:45:00,1760795100000,7.605,7.667,7.603,7.648,2770.82
2025-10-18 13:50:00,1760795400000,7.645,7.704,7.645,7.699,2451.44
2025-10-18 13:55:00,1760795700000,7.694,7.703,7.66,7.665,3530.5
2025-10-18 14:00:00,1760796000000,7.665,7.7,7.659,7.674,2497.24
2025-10-18 14:05:00,1760796300000,7.674,7.686,7.622,7.629,5254.57
2025-10-18 14:10:00,1760796600000,7.626,7.669,7.607,7.638,3527.81
2025-10-18 14:15:00,1760796900000,7.643,7.65,7.593,7.596,2518.54
2025-10-18 14:20:00,1760797200000,7.592,7.625,7.579,7.583,1473.82
2025-10-18 14:25:00,1760797500000,7.581,7.613,7.562,7.563,1695.56
2025-10-18 14:30:00,1760797800000,7.564,7.611,7.564,7.598,1534.11
2025-10-18 14:35:00,1760798100000,7.602,7.659,7.595,7.646,2187.06
2025-10-18 14:40:00,1760798400000,7.642,7.651,7.599,7.601,1316.94
2025-10-18 14:45:00,1760798700000,7.603,7.67,7.6,7.651,1185.63
2025-10-18 14:50:00,1760799000000,7.651,7.651,7.574,7.603,2024.49
2025-10-18 14:55:00,1760799300000,7.605,7.614,7.596,7.602,943.17
2025-10-18 15:00:00,1760799600000,7.604,7.613,7.577,7.606,2242.48
2025-10-18 15:05:00,1760799900000,7.608,7.608,7.553,7.559,1326.73
2025-10-18 15:10:00,1760800200000,7.556,7.58,7.553,7.569,1143.8
2025-10-18 15:15:00,1760800500000,7.566,7.599,7.563,7.572,721.25
2025-10-18 15:20:00,1760800800000,7.57,7.57,7.548,7.554,1025.02
2025-10-18 15:25:00,1760801100000,7.554,7.572,7.542,7.543,1306.96
2025-10-18 15:30:00,1760801400000,7.547,7.554,7.488,7.524,2634.87
2025-10-18 15:35:00,1760801700000,7.525,7.528,7.469,7.495,3155.22
2025-10-18 15:40:00,1760802000000,7.497,7.515,7.484,7.51,905.83
2025-10-18 15:45:00,1760802300000,7.515,7.516,7.494,7.516,564.74
2025-10-18 15:50:00,1760802600000,7.513,7.53,7.5,7.503,2251.53
2025-10-18 15:55:00,1760802900000,7.505,7.51,7.471,7.477,2289.01
2025-10-18 16:00:00,1760803200000,7.478,7.509,7.445,7.458,2934.99
2025-10-18 16:05:00,1760803500000,7.456,7.479,7.45,7.47,2377.92
2025-10-18 16:10:00,1760803800000,7.473,7.491,7.457,7.46,2589.51
2025-10-18 16:15:00,1760804100000,7.462,7.471,7.431,7.441,1905.43
2025-10-18 16:20:00,1760804400000,7.437,7.48,7.433,7.442,3064.71
2025-10-18 16:25:00,1760804700000,7.445,7.467,7.44,7.44,2945.52
2025-10-18 16:30:00,1760805000000,7.44,7.504,7.438,7.487,3187.89
2025-10-18 16:35:00,1760805300000,7.483,7.512,7.463,7.463,2499.07
2025-10-18 16:40:00,1760805600000,7.467,7.507,7.463,7.482,2769.13
2025-10-18 16:45:00,1760805900000,7.485,7.495,7.461,7.49,2683.43
2025-10-18 16:50:00,1760806200000,7.49,7.506,7.48,7.503,3065.2
2025-10-18 16:55:00,1760806500000,7.508,7.521,7.493,7.499,1846.46
2025-10-18 17:00:00,1760806800000,7.496,7.509,7.48,7.492,1288.58
2025-10-18 17:05:00,1760807100000,7.491,7.509,7.48,7.491,3097.77
2025-10-18 17:10:00,1760807400000,7.487,7.522,7.47,7.522,2335.54
2025-10-18 17:15:00,1760807700000,7.522,7.567,7.509,7.542,2559.38
2025-10-18 17:20:00,1760808000000,7.539,7.541,7.509,7.517,3640.61
2025-10-18 17:25:00,1760808300000,7.513,7.539,7.506,7.533,1808.29
2025-10-18 17:30:00,1760808600000,7.537,7.542,7.513,7.522,1390.0
2025-10-18 17:35:00,1760808900000,7.524,7.539,7.509,7.525,3498.08
2025-10-18 17:40:00,1760809200000,7.52,7.527,7.472,7.503,3255.32
2025-10-18 17:45:00,1760809500000,7.506,7.52,7.496,7.512,1989.18
2025-10-18 17:50:00,1760809800000,7.516,7.52,7.5,7.5,1500.98
2025-10-18 17:55:00,1760810100000,7.503,7.534,7.5,7.529,1002.66
2025-10-18 18:00:00,1760810400000,7.529,7.578,7.516,7.538,2916.54
2025-10-18 18:05:00,1760810700000,7.538,7.538,7.509,7.523,1236.84
2025-10-18 18:10:00,1760811000000,7.522,7.544,7.499,7.539,3503.23
2025-10-18 18:15:00,1760811300000,7.538,7.547,7.519,7.528,2682.1
2025-10-18 18:20:00,1760811600000,7.528,7.528,7.455,7.472,7647.7
2025-10-18 18:25:00,1760811900000,7.473,7.488,7.467,7.478,1405.54
2025-10-18 18:30:00,1760812200000,7.476,7.476,7.448,7.471,3494.49
2025-10-18 18:35:00,1760812500000,7.474,7.49,7.452,7.479,3161.73
2025-10-18 18:40:00,1760812800000,7.478,7.478,7.444,7.456,4202.59
2025-10-18 18:45:00,1760813100000,7.455,7.456,7.414,7.431,3850.0
2025-10-18 18:50:00,1760813400000,7.427,7.445,7.41,7.41,2219.27
2025-10-18 18:55:00,1760813700000,7.41,7.594,7.388,7.594,36074.02
2025-10-18 19:00:00,1760814000000,7.593,7.804,7.584,7.722,21106.31
2025-10-18 19:05:00,1760814300000,7.722,7.722,7.564,7.655,29405.4
2025-10-18 19:10:00,1760814600000,7.654,7.784,7.651,7.677,7743.9
2025-10-18 19:15:00,1760814900000,7.684,7.691,7.669,7.681,1232.69
2025-10-18 19:20:00,1760815200000,7.68,7.682,7.614,7.618,3094.47
2025-10-18 19:25:00,1760815500000,7.62,7.623,7.586,7.596,3108.5
2025-10-18 19:30:00,1760815800000,7.595,7.6,7.557,7.557,3735.45
2025-10-18 19:35:00,1760816100000,7.555,7.555,7.474,7.48,13056.56
2025-10-18 19:40:00,1760816400000,7.482,7.482,7.403,7.443,13402.51
2025-10-18 19:45:00,1760816700000,7.443,7.513,7.443,7.488,2005.56
2025-10-18 19:50:00,1760817000000,7.487,7.502,7.477,7.486,604.21
2025-10-18 19:55:00,1760817300000,7.486,7.52,7.483,7.509,1263.77
2025-10-18 20:00:00,1760817600000,7.506,7.506,7.451,7.5,2232.71
2025-10-18 20:05:00,1760817900000,7.503,7.587,7.499,7.566,5814.84
2025-10-18 20:10:00,1760818200000,7.578,7.58,7.498,7.501,4027.03
2025-10-18 20:15:00,1760818500000,7.501,7.579,7.485,7.56,5745.39
2025-10-18 20:20:00,1760818800000,7.558,7.56,7.505,7.52,2586.11
2025-10-18 20:25:00,1760819100000,7.52,7.532,7.518,7.525,968.64
2025-10-18 20:30:00,1760819400000,7.524,7.542,7.511,7.516,688.73
2025-10-18 20:35:00,1760819700000,7.521,7.541,7.514,7.514,858.07
2025-10-18 20:40:00,1760820000000,7.515,7.557,7.507,7.533,3159.63
2025-10-18 20:45:00,1760820300000,7.535,7.54,7.514,7.52,1294.12
2025-10-18 20:50:00,1760820600000,7.519,7.527,7.512,7.512,1331.26
2025-10-18 20:55:00,1760820900000,7.515,7.544,7.512,7.542,415.76
2025-10-18 21:00:00,1760821200000,7.542,7.555,7.485,7.508,17057.17
2025-10-18 21:05:00,1760821500000,7.507,7.632,7.49,7.529,28051.87
2025-10-18 21:10:00,1760821800000,7.53,7.702,7.53,7.702,9425.04
2025-10-18 21:15:00,1760822100000,7.699,7.723,7.655,7.656,2646.92
2025-10-18 21:20:00,1760822400000,7.657,7.691,7.638,7.688,1859.12
2025-10-18 21:25:00,1760822700000,7.689,7.692,7.649,7.673,2057.95
2025-10-18 21:30:00,1760823000000,7.668,7.676,7.649,7.658,973.79
2025-10-18 21:35:00,1760823300000,7.656,7.656,7.606,7.642,1808.34
2025-10-18 21:40:00,1760823600000,7.642,7.642,7.606,7.606,1473.18
2025-10-18 21:45:00,1760823900000,7.606,7.606,7.595,7.597,492.3
2025-10-18 21:50:00,1760824200000,7.595,7.654,7.595,7.618,3240.44
2025-10-18 21:55:00,1760824500000,7.621,7.64,7.621,7.625,1308.68
2025-10-18 22:00:00,1760824800000,7.633,7.669,7.633,7.648,1333.26
2025-10-18 22:05:00,1760825100000,7.648,7.652,7.624,7.63,987.73
2025-10-18 22:10:00,1760825400000,7.63,7.656,7.612,7.628,2118.14
2025-10-18 22:15:00,1760825700000,7.625,7.642,7.62,7.642,371.13
2025-10-18 22:20:00,1760826000000,7.644,7.666,7.64,7.656,420.38
2025-10-18 22:25:00,1760826300000,7.653,7.67,7.646,7.659,1287.49
2025-10-18 22:30:00,1760826600000,7.656,7.662,7.652,7.656,290.08
2025-10-18 22:35:00,1760826900000,7.654,7.654,7.63,7.633,377.18
2025-10-18 22:40:00,1760827200000,7.631,7.649,7.628,7.649,577.51
2025-10-18 22:45:00,1760827500000,7.65,7.658,7.63,7.63,313.88
2025-10-18 22:50:00,1760827800000,7.628,7.628,7.595,7.61,1434.83
2025-10-18 22:55:00,1760828100000,7.61,7.612,7.605,7.606,144.16
2025-10-18 23:00:00,1760828400000,7.606,7.618,7.578,7.592,647.92
2025-10-18 23:05:00,1760828700000,7.592,7.607,7.59,7.592,191.32
2025-10-18 23:10:00,1760829000000,7.594,7.594,7.527,7.537,3237.91
2025-10-18 23:15:00,1760829300000,7.54,7.56,7.538,7.548,1661.29
2025-10-18 23:20:00,1760829600000,7.546,7.546,7.467,7.483,4313.72
2025-10-18 23:25:00,1760829900000,7.485,7.516,7.485,7.504,1214.17
2025-10-18 23:30:00,1760830200000,7.5,7.506,7.487,7.5,643.14
2025-10-18 23:35:00,1760830500000,7.505,7.523,7.497,7.515,757.03
2025-10-18 23:40:00,1760830800000,7.515,7.515,7.464,7.478,1189.05
2025-10-18 23:45:00,1760831100000,7.476,7.496,7.474,7.486,330.91
2025-10-18 23:50:00,1760831400000,7.483,7.496,7.472,7.48,578.95
2025-10-18 23:55:00,1760831700000,7.483,7.494,7.473,7.478,410.8
2025-10-19 00:00:00,1760832000000,7.478,7.488,7.431,7.431,1302.86
2025-10-19 00:05:00,1760832300000,7.431,7.443,7.414,7.421,909.44
2025-10-19 00:10:00,1760832600000,7.422,7.437,7.413,7.419,343.27
2025-10-19 00:15:00,1760832900000,7.421,7.431,7.402,7.422,1333.37
2025-10-19 00:20:00,1760833200000,7.428,7.456,7.428,7.452,512.66
2025-10-19 00:25:00,1760833500000,7.45,7.454,7.422,7.428,1155.17
2025-10-19 00:30:00,1760833800000,7.428,7.436,7.424,7.433,780.03
2025-10-19 00:35:00,1760834100000,7.434,7.45,7.427,7.433,915.25
2025-10-19 00:40:00,1760834400000,7.429,7.434,7.408,7.434,723.81
2025-10-19 00:45:00,1760834700000,7.431,7.435,7.412,7.418,924.19
2025-10-19 00:50:00,1760835000000,7.413,7.421,7.408,7.411,472.21
2025-10-19 00:55:00,1760835300000,7.414,7.423,7.409,7.419,442.64
2025-10-19 01:00:00,1760835600000,7.419,7.445,7.419,7.424,481.49
2025-10-19 01:05:00,1760835900000,7.427,7.427,7.4,7.403,615.39
2025-10-19 01:10:00,1760836200000,7.407,7.43,7.405,7.43,995.24
2025-10-19 01:15:00,1760836500000,7.437,7.464,7.437,7.46,839.84
2025-10-19 01:20:00,1760836800000,7.457,7.489,7.455,7.481,1428.4
2025-10-19 01:25:00,1760837100000,7.481,7.481,7.426,7.427,569.58
2025-10-19 01:30:00,1760837400000,7.43,7.43,7.404,7.419,561.18
2025-10-19 01:35:00,1760837700000,7.418,7.438,7.414,7.429,620.69
2025-10-19 01:40:00,1760838000000,7.432,7.462,7.432,7.457,1003.08
2025-10-19 01:45:00,1760838300000,7.456,7.463,7.44,7.442,765.98
2025-10-19 01:50:00,1760838600000,7.441,7.443,7.411,7.415,839.63
2025-10-19 01:55:00,1760838900000,7.416,7.45,7.407,7.429,2019.61
2025-10-19 02:00:00,1760839200000,7.431,7.44,7.404,7.411,1434.45
2025-10-19 02:05:00,1760839500000,7.41,7.438,7.407,7.434,1249.72
2025-10-19 02:10:00,1760839800000,7.433,7.439,7.346,7.365,5108.1
2025-10-19 02:15:00,1760840100000,7.367,7.376,7.349,7.36,1046.33
2025-10-19 02:20:00,1760840400000,7.362,7.378,7.362,7.374,1141.66
2025-10-19 02:25:00,1760840700000,7.372,7.376,7.353,7.356,1375.86
2025-10-19 02:30:00,1760841000000,7.356,7.378,7.354,7.355,744.83
2025-10-19 02:35:00,1760841300000,7.357,7.367,7.316,7.32,2177.32
2025-10-19 02:40:00,1760841600000,7.318,7.329,7.317,7.324,349.14
2025-10-19 02:45:00,1760841900000,7.327,7.362,7.327,7.346,793.06
2025-10-19 02:50:00,1760842200000,7.35,7.35,7.327,7.343,532.09
2025-10-19 02:55:00,1760842500000,7.346,7.368,7.342,7.363,1455.05
2025-10-19 03:00:00,1760842800000,7.362,7.364,7.339,7.351,1175.76
2025-10-19 03:05:00,1760843100000,7.353,7.396,7.341,7.396,1466.76
2025-10-19 03:10:00,1760843400000,7.396,7.396,7.364,7.384,946.92
2025-10-19 03:15:00,1760843700000,7.387,7.438,7.378,7.433,1799.74
2025-10-19 03:20:00,1760844000000,7.43,7.437,7.421,7.429,617.44
2025-10-19 03:25:00,1760844300000,7.429,7.429,7.402,7.409,1280.43
2025-10-19 03:30:00,1760844600000,7.412,7.417,7.393,7.394,862.28
2025-10-19 03:35:00,1760844900000,7.395,7.408,7.393,7.403,2267.79
2025-10-19 03:40:00,1760845200000,7.404,7.404,7.386,7.391,532.58
2025-10-19 03:45:00,1760845500000,7.391,7.42,7.389,7.412,1561.86
2025-10-19 03:50:00,1760845800000,7.419,7.419,7.401,7.409,907.75
2025-10-19 03:55:00,1760846100000,7.416,7.455,7.407,7.448,965.22
2025-10-19 04:00:00,1760846400000,7.446,7.449,7.434,7.434,473.26
2025-10-19 04:05:00,1760846700000,7.434,7.434,7.41,7.411,675.59
2025-10-19 04:10:00,1760847000000,7.411,7.421,7.41,7.411,478.5
2025-10-19 04:15:00,1760847300000,7.411,7.42,7.377,7.385,1131.15
2025-10-19 04:20:00,1760847600000,7.385,7.388,7.364,7.373,819.64
2025-10-19 04:25:00,1760847900000,7.37,7.385,7.365,7.367,805.09
2025-10-19 04:30:00,1760848200000,7.368,7.391,7.367,7.38,927.87
2025-10-19 04:35:00,1760848500000,7.384,7.398,7.379,7.385,1384.38
2025-10-19 04:40:00,1760848800000,7.386,7.386,7.368,7.374,511.06
2025-10-19 04:45:00,1760849100000,7.374,7.392,7.365,7.378,1809.6
2025-10-19 04:50:00,1760849400000,7.38,7.382,7.341,7.366,3373.84
2025-10-19 04:55:00,1760849700000,7.363,7.364,7.326,7.345,1233.79
2025-10-19 05:00:00,1760850000000,7.354,7.37,7.338,7.338,992.2
2025-10-19 05:05:00,1760850300000,7.343,7.382,7.336,7.378,1525.06
2025-10-19 05:10:00,1760850600000,7.378,7.395,7.371,7.388,619.03
2025-10-19 05:15:00,1760850900000,7.393,7.401,7.365,7.382,1662.55
2025-10-19 05:20:00,1760851200000,7.378,7.396,7.377,7.389,728.4
2025-10-19 05:25:00,1760851500000,7.389,7.392,7.363,7.372,582.61
2025-10-19 05:30:00,1760851800000,7.369,7.378,7.364,7.373,542.77
2025-10-19 05:35:00,1760852100000,7.374,7.38,7.372,7.372,134.97
2025-10-19 05:40:00,1760852400000,7.372,7.377,7.341,7.341,971.88
2025-10-19 05:45:00,1760852700000,7.347,7.353,7.326,7.35,650.99
2025-10-19 05:50:00,1760853000000,7.351,7.366,7.342,7.349,1226.87
2025-10-19 05:55:00,1760853300000,7.352,7.374,7.346,7.359,1511.1
2025-10-19 06:00:00,1760853600000,7.365,7.397,7.359,7.388,1076.94
2025-10-19 06:05:00,1760853900000,7.393,7.395,7.374,7.378,507.01
2025-10-19 06:10:00,1760854200000,7.376,7.376,7.352,7.359,1462.87
2025-10-19 06:15:00,1760854500000,7.358,7.373,7.351,7.358,895.86
2025-10-19 06:20:00,1760854800000,7.358,7.392,7.352,7.387,3448.45
2025-10-19 06:25:00,1760855100000,7.39,7.4,7.361,7.362,2889.96
2025-10-19 06:30:00,1760855400000,7.364,7.374,7.299,7.307,4127.93
2025-10-19 06:35:00,1760855700000,7.308,7.326,7.289,7.308,1400.02
2025-10-19 06:40:00,1760856000000,7.302,7.357,7.301,7.344,2179.28
2025-10-19 06:45:00,1760856300000,7.339,7.369,7.331,7.357,1160.94
2025-10-19 06:50:00,1760856600000,7.359,7.366,7.317,7.329,1267.19
2025-10-19 06:55:00,1760856900000,7.325,7.339,7.318,7.318,707.01
2025-10-19 07:00:00,1760857200000,7.326,7.336,7.32,7.322,1102.3
2025-10-19 07:05:00,1760857500000,7.326,7.345,7.325,7.34,1444.24
2025-10-19 07:10:00,1760857800000,7.341,7.343,7.315,7.327,535.35
2025-10-19 07:15:00,1760858100000,7.324,7.325,7.287,7.3,2807.68
2025-10-19 07:20:00,1760858400000,7.297,7.304,7.285,7.304,1777.15
2025-10-19 07:25:00,1760858700000,7.304,7.313,7.29,7.29,1148.35
2025-10-19 07:30:00,1760859000000,7.29,7.304,7.284,7.289,1502.03
2025-10-19 07:35:00,1760859300000,7.291,7.298,7.282,7.282,1021.54
2025-10-19 07:40:00,1760859600000,7.284,7.293,7.262,7.293,3022.62
2025-10-19 07:45:00,1760859900000,7.292,7.302,7.282,7.296,912.71
2025-10-19 07:50:00,1760860200000,7.298,7.308,7.289,7.3,495.83
2025-10-19 07:55:00,1760860500000,7.304,7.319,7.296,7.302,3613.97
2025-10-19 08:00:00,1760860800000,7.302,7.345,7.296,7.325,4879.73
2025-10-19 08:05:00,1760861100000,7.322,7.342,7.312,7.331,2510.94
2025-10-19 08:10:00,1760861400000,7.334,7.339,7.301,7.308,1845.08
2025-10-19 08:15:00,1760861700000,7.31,7.369,7.281,7.363,2949.11
2025-10-19 08:20:00,1760862000000,7.364,7.375,7.302,7.309,3064.88
2025-10-19 08:25:00,1760862300000,7.305,7.317,7.278,7.316,1886.19
2025-10-19 08:30:00,1760862600000,7.315,7.318,7.288,7.29,379.66
2025-10-19 08:35:00,1760862900000,7.293,7.309,7.285,7.287,480.14
2025-10-19 08:40:00,1760863200000,7.287,7.301,7.278,7.285,772.56
2025-10-19 08:45:00,1760863500000,7.284,7.293,7.28,7.289,624.9
2025-10-19 08:50:00,1760863800000,7.283,7.308,7.28,7.303,653.73
2025-10-19 08:55:00,1760864100000,7.306,7.312,7.294,7.294,620.49
2025-10-19 09:00:00,1760864400000,7.292,7.292,7.218,7.239,6862.83
2025-10-19 09:05:00,1760864700000,7.231,7.249,7.19,7.236,5078.78
2025-10-19 09:10:00,1760865000000,7.232,7.257,7.219,7.244,1866.78
2025-10-19 09:15:00,1760865300000,7.245,7.259,7.229,7.229,1994.58
2025-10-19 09:20:00,1760865600000,7.234,7.249,7.229,7.229,833.23
2025-10-19 09:25:00,1760865900000,7.229,7.231,7.202,7.213,1327.24
2025-10-19 09:30:00,1760866200000,7.215,7.22,7.207,7.214,556.18
2025-10-19 09:35:00,1760866500000,7.21,7.229,7.199,7.225,2424.84
2025-10-19 09:40:00,1760866800000,7.227,7.306,7.227,7.29,2462.44
2025-10-19 09:45:00,1760867100000,7.293,7.343,7.261,7.34,3673.05
2025-10-19 09:50:00,1760867400000,7.343,7.38,7.324,7.336,3351.13
2025-10-19 09:55:00,1760867700000,7.335,7.34,7.312,7.327,1740.79
2025-10-19 10:00:00,1760868000000,7.327,7.347,7.307,7.31,1027.62
2025-10-19 10:05:00,1760868300000,7.307,7.324,7.294,7.32,1107.62
2025-10-19 10:10:00,1760868600000,7.324,7.337,7.308,7.335,3194.97
2025-10-19 10:15:00,1760868900000,7.331,7.338,7.306,7.33,1402.56
2025-10-19 10:20:00,1760869200000,7.335,7.359,7.324,7.358,922.79
2025-10-19 10:25:00,1760869500000,7.358,7.431,7.35,7.39,2668.81
2025-10-19 10:30:00,1760869800000,7.395,7.395,7.37,7.372,1150.46
2025-10-19 10:35:00,1760870100000,7.372,7.407,7.363,7.403,1115.14
2025-10-19 10:40:00,1760870400000,7.408,7.41,7.382,7.398,2280.9
2025-10-19 10:45:00,1760870700000,7.401,7.403,7.375,7.378,1444.3
2025-10-19 10:50:00,1760871000000,7.378,7.428,7.378,7.427,1146.01
2025-10-19 10:55:00,1760871300000,7.429,7.446,7.405,7.441,3168.33
2025-10-19 11:00:00,1760871600000,7.441,7.487,7.429,7.487,2412.62
2025-10-19 11:05:00,1760871900000,7.484,7.5,7.466,7.493,2615.29
2025-10-19 11:10:00,1760872200000,7.492,7.505,7.482,7.493,1821.25
2025-10-19 11:15:00,1760872500000,7.491,7.491,7.469,7.47,1083.45
2025-10-19 11:20:00,1760872800000,7.479,7.503,7.446,7.451,3130.36
2025-10-19 11:25:00,1760873100000,7.451,7.461,7.431,7.461,1388.09
2025-10-19 11:30:00,1760873400000,7.46,7.485,7.459,7.48,849.34
2025-10-19 11:35:00,1760873700000,7.484,7.485,7.448,7.456,1433.51
2025-10-19 11:40:00,1760874000000,7.45,7.461,7.432,7.451,2846.57
2025-10-19 11:45:00,1760874300000,7.455,7.456,7.41,7.442,2638.05
2025-10-19 11:50:00,1760874600000,7.439,7.45,7.434,7.439,1810.24
2025-10-19 11:55:00,1760874900000,7.439,7.446,7.426,7.435,2415.86
2025-10-19 12:00:00,1760875200000,7.438,7.453,7.435,7.442,2854.62
2025-10-19 12:05:00,1760875500000,7.443,7.451,7.41,7.419,2802.73
2025-10-19 12:10:00,1760875800000,7.419,7.427,7.394,7.419,1566.54
2025-10-19 12:15:00,1760876100000,7.419,7.433,7.413,7.423,1433.42
2025-10-19 12:20:00,1760876400000,7.418,7.45,7.411,7.446,1119.6
2025-10-19 12:25:00,1760876700000,7.446,7.446,7.427,7.438,568.83
2025-10-19 12:30:00,1760877000000,7.439,7.454,7.439,7.448,1377.51
2025-10-19 12:35:00,1760877300000,7.448,7.485,7.444,7.477,1544.84
2025-10-19 12:40:00,1760877600000,7.477,7.481,7.47,7.472,553.96
2025-10-19 12:45:00,1760877900000,7.475,7.525,7.467,7.524,3283.43
2025-10-19 12:50:00,1760878200000,7.521,7.58,7.514,7.58,2580.13
2025-10-19 12:55:00,1760878500000,7.58,7.595,7.552,7.594,5333.01
2025-10-19 13:00:00,1760878800000,7.592,7.65,7.575,7.603,3509.27
2025-10-19 13:05:00,1760879100000,7.605,7.66,7.573,7.632,4915.3
2025-10-19 13:10:00,1760879400000,7.636,7.67,7.6,7.659,2862.19
2025-10-19 13:15:00,1760879700000,7.664,7.664,7.599,7.61,2831.03
2025-10-19 13:20:00,1760880000000,7.605,7.649,7.584,7.64,4184.73
2025-10-19 13:25:00,1760880300000,7.646,7.686,7.641,7.684,5355.11
2025-10-19 13:30:00,1760880600000,7.677,7.703,7.646,7.659,4443.87
2025-10-19 13:35:00,1760880900000,7.665,7.68,7.65,7.655,1123.96
2025-10-19 13:40:00,1760881200000,7.661,7.661,7.622,7.642,2800.05
2025-10-19 13:45:00,1760881500000,7.637,7.649,7.607,7.626,1970.05
2025-10-19 13:50:00,1760881800000,7.63,7.685,7.62,7.662,3140.61
2025-10-19 13:55:00,1760882100000,7.659,7.673,7.636,7.641,1540.14
2025-10-19 14:00:00,1760882400000,7.641,7.658,7.589,7.601,2559.7
2025-10-19 14:05:00,1760882700000,7.603,7.646,7.576,7.617,2325.19
2025-10-19 14:10:00,1760883000000,7.62,7.631,7.577,7.588,2064.14
2025-10-19 14:15:00,1760883300000,7.586,7.632,7.568,7.632,1798.31
2025-10-19 14:20:00,1760883600000,7.633,7.655,7.617,7.64,1813.86
2025-10-19 14:25:00,1760883900000,7.643,7.645,7.602,7.616,2529.68
2025-10-19 14:30:00,1760884200000,7.619,7.628,7.579,7.599,3326.42
2025-10-19 14:35:00,1760884500000,7.597,7.605,7.568,7.588,2155.41
2025-10-19 14:40:00,1760884800000,7.587,7.612,7.561,7.607,1607.78
2025-10-19 14:45:00,1760885100000,7.605,7.633,7.577,7.633,2593.65
2025-10-19 14:50:00,1760885400000,7.631,7.687,7.626,7.682,3276.81
2025-10-19 14:55:00,1760885700000,7.677,7.746,7.675,7.698,4580.89
2025-10-19 15:00:00,1760886000000,7.697,7.722,7.685,7.716,2877.31
2025-10-19 15:05:00,1760886300000,7.718,7.72,7.682,7.703,3298.76
2025-10-19 15:10:00,1760886600000,7.699,7.741,7.68,7.737,1369.87
2025-10-19 15:15:00,1760886900000,7.739,7.747,7.719,7.734,1154.66
2025-10-19 15:20:00,1760887200000,7.74,7.755,7.717,7.721,2726.82
2025-10-19 15:25:00,1760887500000,7.722,7.737,7.695,7.72,1838.17
2025-10-19 15:30:00,1760887800000,7.718,7.723,7.689,7.706,1886.27
2025-10-19 15:35:00,1760888100000,7.707,7.724,7.689,7.695,1484.2
2025-10-19 15:40:00,1760888400000,7.691,7.71,7.678,7.703,1509.82
2025-10-19 15:45:00,1760888700000,7.709,7.71,7.668,7.672,863.4
2025-10-19 15:50:00,1760889000000,7.675,7.675,7.638,7.643,1825.76
2025-10-19 15:55:00,1760889300000,7.639,7.679,7.632,7.658,1903.39
2025-10-19 16:00:00,1760889600000,7.66,7.708,7.644,7.705,1536.67
2025-10-19 16:05:00,1760889900000,7.705,7.71,7.643,7.658,2887.36
2025-10-19 16:10:00,1760890200000,7.654,7.686,7.654,7.658,730.04
2025-10-19 16:15:00,1760890500000,7.67,7.67,7.65,7.657,1265.01
2025-10-19 16:20:00,1760890800000,7.657,7.698,7.643,7.685,1152.27
2025-10-19 16:25:00,1760891100000,7.685,7.694,7.658,7.664,1361.05
2025-10-19 16:30:00,1760891400000,7.662,7.672,7.62,7.64,3792.14
2025-10-19 16:35:00,1760891700000,7.64,7.664,7.62,7.658,5963.73
2025-10-19 16:40:00,1760892000000,7.662,7.686,7.639,7.67,3302.73
2025-10-19 16:45:00,1760892300000,7.675,7.695,7.652,7.679,3365.06
2025-10-19 16:50:00,1760892600000,7.683,7.709,7.661,7.685,5001.83
2025-10-19 16:55:00,1760892900000,7.688,7.695,7.667,7.677,3839.93
2025-10-19 17:00:00,1760893200000,7.68,7.807,7.67,7.781,11010.0
2025-10-19 17:05:00,1760893500000,7.78,7.816,7.734,7.768,5749.47
2025-10-19 17:10:00,1760893800000,7.766,7.778,7.738,7.76,4934.77
2025-10-19 17:15:00,1760894100000,7.756,7.789,7.71,7.722,11591.83
2025-10-19 17:20:00,1760894400000,7.72,7.75,7.71,7.735,3817.75
2025-10-19 17:25:00,1760894700000,7.734,7.757,7.682,7.704,12070.28
2025-10-19 17:30:00,1760895000000,7.705,7.712,7.681,7.69,2408.25
2025-10-19 17:35:00,1760895300000,7.686,7.785,7.686,7.752,32226.8
2025-10-19 17:40:00,1760895600000,7.75,7.754,7.736,7.742,5228.47
2025-10-19 17:45:00,1760895900000,7.742,7.752,7.715,7.747,4078.43
2025-10-19 17:50:00,1760896200000,7.746,7.788,7.741,7.76,5104.02
2025-10-19 17:55:00,1760896500000,7.757,7.76,7.73,7.752,3694.04
2025-10-19 18:00:00,1760896800000,7.754,7.796,7.749,7.774,3714.34
2025-10-19 18:05:00,1760897100000,7.777,7.843,7.771,7.828,4775.23
2025-10-19 18:10:00,1760897400000,7.829,7.866,7.815,7.837,5775.59
2025-10-19 18:15:00,1760897700000,7.838,7.874,7.829,7.874,3579.96
2025-10-19 18:20:00,1760898000000,7.871,7.878,7.799,7.812,2852.9
2025-10-19 18:25:00,1760898300000,7.812,7.823,7.789,7.797,1154.04
2025-10-19 18:30:00,1760898600000,7.796,7.827,7.787,7.825,927.81
2025-10-19 18:35:00,1760898900000,7.828,7.841,7.817,7.835,1357.87
2025-10-19 18:40:00,1760899200000,7.833,7.882,7.819,7.855,3515.26
2025-10-19 18:45:00,1760899500000,7.859,7.862,7.799,7.801,3526.91
2025-10-19 18:50:00,1760899800000,7.805,7.81,7.786,7.786,1200.34
2025-10-19 18:55:00,1760900100000,7.791,7.8,7.786,7.8,548.68
2025-10-19 19:00:00,1760900400000,7.8,7.812,7.793,7.805,495.24
2025-10-19 19:05:00,1760900700000,7.81,7.85,7.804,7.805,2319.65
2025-10-19 19:10:00,1760901000000,7.805,7.815,7.779,7.812,1200.4
2025-10-19 19:15:00,1760901300000,7.812,7.83,7.805,7.812,705.9
2025-10-19 19:20:00,1760901600000,7.814,7.839,7.812,7.835,972.81
2025-10-19 19:25:00,1760901900000,7.835,7.841,7.816,7.834,1289.53
2025-10-19 19:30:00,1760902200000,7.829,7.836,7.783,7.787,3211.53
2025-10-19 19:35:00,1760902500000,7.79,7.8,7.766,7.784,2798.32
2025-10-19 19:40:00,1760902800000,7.79,7.798,7.774,7.784,5597.37
2025-10-19 19:45:00,1760903100000,7.789,7.8,7.775,7.787,5186.71
2025-10-19 19:50:00,1760903400000,7.792,7.8,7.773,7.785,3657.17
2025-10-19 19:55:00,1760903700000,7.78,7.788,7.763,7.783,4130.47
2025-10-19 20:00:00,1760904000000,7.775,7.782,7.735,7.753,4074.26
2025-10-19 20:05:00,1760904300000,7.757,7.782,7.754,7.762,2594.59
2025-10-19 20:10:00,1760904600000,7.763,7.769,7.751,7.763,3158.78
2025-10-19 20:15:00,1760904900000,7.763,7.779,7.731,7.74,1808.07
2025-10-19 20:20:00,1760905200000,7.746,7.753,7.728,7.742,3620.82
2025-10-19 20:25:00,1760905500000,7.747,7.771,7.741,7.754,4294.09
2025-10-19 20:30:00,1760905800000,7.76,7.768,7.732,7.759,5602.55
2025-10-19 20:35:00,1760906100000,7.754,7.774,7.747,7.748,3129.35
2025-10-19 20:40:00,1760906400000,7.746,7.752,7.738,7.752,335.06
2025-10-19 20:45:00,1760906700000,7.743,7.744,7.708,7.708,3094.33
2025-10-19 20:50:00,1760907000000,7.708,7.741,7.706,7.736,2338.77
2025-10-19 20:55:00,1760907300000,7.746,7.747,7.733,7.745,512.43
2025-10-19 21:00:00,1760907600000,7.743,7.743,7.72,7.734,890.46
2025-10-19 21:05:00,1760907900000,7.73,7.751,7.72,7.727,2175.14
2025-10-19 21:10:00,1760908200000,7.726,7.726,7.703,7.708,670.03
2025-10-19 21:15:00,1760908500000,7.7,7.71,7.696,7.697,680.02
2025-10-19 21:20:00,1760908800000,7.697,7.701,7.688,7.69,649.99
2025-10-19 21:25:00,1760909100000,7.691,7.704,7.668,7.703,1149.31
2025-10-19 21:30:00,1760909400000,7.7,7.708,7.688,7.694,670.73
2025-10-19 21:35:00,1760909700000,7.7,7.708,7.69,7.69,353.27
2025-10-19 21:40:00,1760910000000,7.684,7.684,7.67,7.676,473.22
2025-10-19 21:45:00,1760910300000,7.67,7.678,7.67,7.676,190.62
2025-10-19 21:50:00,1760910600000,7.676,7.676,7.671,7.674,120.41
2025-10-19 21:55:00,1760910900000,7.67,7.672,7.662,7.667,154.95
2025-10-19 22:00:00,1760911200000,7.673,7.679,7.629,7.632,1938.19
2025-10-19 22:05:00,1760911500000,7.63,7.659,7.623,7.628,706.38
2025-10-19 22:10:00,1760911800000,7.634,7.665,7.631,7.637,2895.54
2025-10-19 22:15:00,1760912100000,7.629,7.631,7.602,7.619,892.05
2025-10-19 22:20:00,1760912400000,7.621,7.638,7.619,7.637,251.62
2025-10-19 22:25:00,1760912700000,7.638,7.638,7.621,7.624,73.88
2025-10-19 22:30:00,1760913000000,7.624,7.636,7.624,7.628,161.37
2025-10-19 22:35:00,1760913300000,7.628,7.641,7.619,7.619,731.68
2025-10-19 22:40:00,1760913600000,7.621,7.635,7.617,7.624,549.42
2025-10-19 22:45:00,1760913900000,7.624,7.642,7.619,7.642,638.65
2025-10-19 22:50:00,1760914200000,7.643,7.645,7.625,7.627,671.8
2025-10-19 22:55:00,1760914500000,7.626,7.629,7.605,7.611,646.59
2025-10-19 23:00:00,1760914800000,7.615,7.633,7.613,7.631,531.95
2025-10-19 23:05:00,1760915100000,7.629,7.635,7.629,7.633,209.4
2025-10-19 23:10:00,1760915400000,7.633,7.723,7.633,7.709,3296.56
2025-10-19 23:15:00,1760915700000,7.704,7.715,7.691,7.708,2912.84
2025-10-19 23:20:00,1760916000000,7.705,7.706,7.672,7.672,1235.17
2025-10-19 23:25:00,1760916300000,7.672,7.694,7.67,7.689,484.46
2025-10-19 23:30:00,1760916600000,7.688,7.689,7.655,7.655,829.49
2025-10-19 23:35:00,1760916900000,7.652,7.656,7.631,7.632,1230.35
2025-10-19 23:40:00,1760917200000,7.63,7.63,7.616,7.62,303.07
2025-10-19 23:45:00,1760917500000,7.626,7.628,7.622,7.626,237.47
2025-10-19 23:50:00,1760917800000,7.627,7.642,7.623,7.64,487.3
2025-10-19 23:55:00,1760918100000,7.638,7.638,7.605,7.613,479.02
2025-10-20 00:00:00,1760918400000,7.616,7.628,7.593,7.611,907.18
2025-10-20 00:05:00,1760918700000,7.612,7.622,7.597,7.6,119.06
2025-10-20 00:10:00,1760919000000,7.599,7.606,7.592,7.595,200.18
2025-10-20 00:15:00,1760919300000,7.597,7.655,7.597,7.654,1052.87
2025-10-20 00:20:00,1760919600000,7.65,7.652,7.601,7.608,1042.78
2025-10-20 00:25:00,1760919900000,7.607,7.607,7.548,7.581,2776.53
2025-10-20 00:30:00,1760920200000,7.581,7.583,7.536,7.568,1522.72
2025-10-20 00:35:00,1760920500000,7.558,7.569,7.549,7.549,1137.47
2025-10-20 00:40:00,1760920800000,7.56,7.607,7.556,7.556,1715.04
2025-10-20 00:45:00,1760921100000,7.558,7.583,7.548,7.568,2345.1
2025-10-20 00:50:00,1760921400000,7.567,7.57,7.529,7.539,1219.5
2025-10-20 00:55:00,1760921700000,7.537,7.596,7.537,7.572,2363.01
2025-10-20 01:00:00,1760922000000,7.566,7.582,7.545,7.545,1008.13
2025-10-20 01:05:00,1760922300000,7.544,7.552,7.533,7.549,1040.29
2025-10-20 01:10:00,1760922600000,7.551,7.586,7.543,7.543,1214.66
2025-10-20 01:15:00,1760922900000,7.54,7.564,7.533,7.538,1238.31
2025-10-20 01:20:00,1760923200000,7.532,7.535,7.52,7.527,1007.22
2025-10-20 01:25:00,1760923500000,7.528,7.538,7.521,7.529,445.5
2025-10-20 01:30:00,1760923800000,7.528,7.562,7.526,7.56,2402.79
2025-10-20 01:35:00,1760924100000,7.564,7.571,7.534,7.535,4235.77
2025-10-20 01:40:00,1760924400000,7.536,7.563,7.534,7.558,664.85
2025-10-20 01:45:00,1760924700000,7.558,7.572,7.557,7.564,606.76
2025-10-20 01:50:00,1760925000000,7.568,7.572,7.52,7.522,831.58
2025-10-20 01:55:00,1760925300000,7.534,7.577,7.522,7.565,2058.9
2025-10-20 02:00:00,1760925600000,7.561,7.587,7.556,7.558,1508.0
2025-10-20 02:05:00,1760925900000,7.556,7.557,7.551,7.555,196.5
2025-10-20 02:10:00,1760926200000,7.55,7.55,7.526,7.545,1292.88
2025-10-20 02:15:00,1760926500000,7.538,7.578,7.528,7.553,508.96
2025-10-20 02:20:00,1760926800000,7.552,7.556,7.536,7.556,390.85
2025-10-20 02:25:00,1760927100000,7.557,7.575,7.552,7.569,968.04
2025-10-20 02:30:00,1760927400000,7.578,7.581,7.548,7.548,1116.65
2025-10-20 02:35:00,1760927700000,7.552,7.588,7.552,7.572,558.13
2025-10-20 02:40:00,1760928000000,7.571,7.6,7.555,7.593,1180.48
2025-10-20 02:45:00,1760928300000,7.587,7.631,7.58,7.631,2473.56
2025-10-20 02:50:00,1760928600000,7.634,7.652,7.612,7.652,1290.85
2025-10-20 02:55:00,1760928900000,7.649,7.666,7.633,7.65,1579.32
2025-10-20 03:00:00,1760929200000,7.653,7.675,7.639,7.675,2402.0
2025-10-20 03:05:00,1760929500000,7.676,7.698,7.669,7.687,1420.04
2025-10-20 03:10:00,1760929800000,7.699,7.706,7.657,7.657,2002.18
2025-10-20 03:15:00,1760930100000,7.659,7.703,7.652,7.688,2225.11
2025-10-20 03:20:00,1760930400000,7.691,7.702,7.687,7.693,1261.54
2025-10-20 03:25:00,1760930700000,7.693,7.703,7.685,7.699,549.75
2025-10-20 03:30:00,1760931000000,7.699,7.7,7.628,7.631,3276.71
2025-10-20 03:35:00,1760931300000,7.63,7.637,7.61,7.618,1596.87
2025-10-20 03:40:00,1760931600000,7.619,7.653,7.619,7.646,1387.42
2025-10-20 03:45:00,1760931900000,7.644,7.674,7.64,7.654,2537.63
2025-10-20 03:50:00,1760932200000,7.656,7.753,7.654,7.74,3784.61
2025-10-20 03:55:00,1760932500000,7.736,7.78,7.725,7.763,2260.64
2025-10-20 04:00:00,1760932800000,7.762,7.776,7.736,7.764,2413.19
2025-10-20 04:05:00,1760933100000,7.768,7.774,7.729,7.739,1622.16
2025-10-20 04:10:00,1760933400000,7.742,7.775,7.737,7.743,2990.67
2025-10-20 04:15:00,1760933700000,7.746,7.771,7.745,7.751,2865.94
2025-10-20 04:20:00,1760934000000,7.751,7.785,7.747,7.784,879.57
2025-10-20 04:25:00,1760934300000,7.785,7.789,7.765,7.771,1519.91
2025-10-20 04:30:00,1760934600000,7.769,7.783,7.766,7.775,1958.13
2025-10-20 04:35:00,1760934900000,7.776,7.789,7.759,7.785,1500.36
2025-10-20 04:40:00,1760935200000,7.788,7.801,7.77,7.788,1637.45
2025-10-20 04:45:00,1760935500000,7.793,7.799,7.741,7.75,2221.81
2025-10-20 04:50:00,1760935800000,7.751,7.754,7.733,7.742,939.8
2025-10-20 04:55:00,1760936100000,7.744,7.76,7.738,7.738,987.24
2025-10-20 05:00:00,1760936400000,7.742,7.752,7.704,7.725,1192.81
2025-10-20 05:05:00,1760936700000,7.723,7.763,7.718,7.747,4116.27
2025-10-20 05:10:00,1760937000000,7.749,7.759,7.725,7.725,1215.51
2025-10-20 05:15:00,1760937300000,7.726,7.74,7.709,7.714,2158.22
2025-10-20 05:20:00,1760937600000,7.713,7.727,7.701,7.726,434.29
2025-10-20 05:25:00,1760937900000,7.725,7.734,7.714,7.727,805.25
2025-10-20 05:30:00,1760938200000,7.722,7.742,7.722,7.733,788.56
2025-10-20 05:35:00,1760938500000,7.732,7.739,7.712,7.712,865.89
2025-10-20 05:40:00,1760938800000,7.72,7.726,7.708,7.715,978.61
2025-10-20 05:45:00,1760939100000,7.715,7.715,7.695,7.698,488.64
2025-10-20 05:50:00,1760939400000,7.701,7.733,7.698,7.72,1736.5
2025-10-20 05:55:00,1760939700000,7.718,7.723,7.71,7.714,212.55
2025-10-20 06:00:00,1760940000000,7.715,7.721,7.681,7.704,2211.49
2025-10-20 06:05:00,1760940300000,7.708,7.712,7.69,7.693,1537.85
2025-10-20 06:10:00,1760940600000,7.692,7.72,7.691,7.713,572.71
2025-10-20 06:15:00,1760940900000,7.711,7.745,7.711,7.745,1036.61
2025-10-20 06:20:00,1760941200000,7.738,7.758,7.735,7.756,886.88
2025-10-20 06:25:00,1760941500000,7.755,7.755,7.734,7.741,734.81
2025-10-20 06:30:00,1760941800000,7.741,7.754,7.725,7.747,1157.53
2025-10-20 06:35:00,1760942100000,7.758,7.767,7.74,7.745,1019.18
2025-10-20 06:40:00,1760942400000,7.745,7.756,7.74,7.749,1626.88
2025-10-20 06:45:00,1760942700000,7.753,7.755,7.731,7.741,2063.12
2025-10-20 06:50:00,1760943000000,7.738,7.749,7.73,7.732,1677.15
2025-10-20 06:55:00,1760943300000,7.734,7.774,7.732,7.742,1405.67
2025-10-20 07:00:00,1760943600000,7.744,7.785,7.733,7.779,1953.93
2025-10-20 07:05:00,1760943900000,7.779,7.798,7.776,7.794,1745.62
2025-10-20 07:10:00,1760944200000,7.796,7.806,7.75,7.759,4729.22
2025-10-20 07:15:00,1760944500000,7.756,7.783,7.755,7.783,4419.75
2025-10-20 07:20:00,1760944800000,7.78,7.792,7.773,7.775,846.17
2025-10-20 07:25:00,1760945100000,7.776,7.781,7.756,7.775,1527.19
2025-10-20 07:30:00,1760945400000,7.777,7.781,7.757,7.77,2820.72
2025-10-20 07:35:00,1760945700000,7.768,7.776,7.731,7.74,2848.06
2025-10-20 07:40:00,1760946000000,7.745,7.817,7.741,7.776,2137.21
2025-10-20 07:45:00,1760946300000,7.781,7.796,7.769,7.779,2010.16
2025-10-20 07:50:00,1760946600000,7.78,7.784,7.762,7.766,1349.96
2025-10-20 07:55:00,1760946900000,7.761,7.768,7.749,7.756,1558.32
2025-10-20 08:00:00,1760947200000,7.76,7.764,7.746,7.755,1177.5
2025-10-20 08:05:00,1760947500000,7.756,7.765,7.745,7.752,2675.88
2025-10-20 08:10:00,1760947800000,7.755,7.761,7.724,7.752,2749.35
2025-10-20 08:15:00,1760948100000,7.75,7.754,7.712,7.712,1754.85
2025-10-20 08:20:00,1760948400000,7.715,7.727,7.709,7.72,518.71
2025-10-20 08:25:00,1760948700000,7.721,7.74,7.72,7.739,569.86
2025-10-20 08:30:00,1760949000000,7.737,7.768,7.731,7.764,824.14
2025-10-20 08:35:00,1760949300000,7.766,7.771,7.744,7.76,1309.31
2025-10-20 08:40:00,1760949600000,7.758,7.774,7.751,7.759,1492.36
2025-10-20 08:45:00,1760949900000,7.76,7.769,7.736,7.736,1187.07
2025-10-20 08:50:00,1760950200000,7.734,7.734,7.689,7.716,1912.33
2025-10-20 08:55:00,1760950500000,7.714,7.735,7.713,7.733,1218.01
2025-10-20 09:00:00,1760950800000,7.733,7.755,7.715,7.741,875.41
2025-10-20 09:05:00,1760951100000,7.744,7.746,7.722,7.722,997.02
2025-10-20 09:10:00,1760951400000,7.718,7.729,7.709,7.722,2544.97
2025-10-20 09:15:00,1760951700000,7.722,7.734,7.715,7.717,1044.53
2025-10-20 09:20:00,1760952000000,7.72,7.73,7.714,7.719,476.27
2025-10-20 09:25:00,1760952300000,7.716,7.73,7.709,7.726,1196.37
2025-10-20 09:30:00,1760952600000,7.724,7.748,7.714,7.74,5135.73
2025-10-20 09:35:00,1760952900000,7.741,7.753,7.73,7.745,4791.52
2025-10-20 09:40:00,1760953200000,7.743,7.757,7.733,7.745,5792.39
2025-10-20 09:45:00,1760953500000,7.745,7.755,7.731,7.732,4594.26
2025-10-20 09:50:00,1760953800000,7.733,7.745,7.731,7.734,2931.2
2025-10-20 09:55:00,1760954100000,7.733,7.743,7.73,7.731,2227.89
2025-10-20 10:00:00,1760954400000,7.733,7.733,7.706,7.715,2100.94
2025-10-20 10:05:00,1760954700000,7.717,7.73,7.712,7.722,2113.34
2025-10-20 10:10:00,1760955000000,7.722,7.735,7.719,7.735,1872.4
2025-10-20 10:15:00,1760955300000,7.733,7.752,7.727,7.728,3492.81
2025-10-20 10:20:00,1760955600000,7.729,7.741,7.722,7.729,2484.31
2025-10-20 10:25:00,1760955900000,7.735,7.786,7.733,7.786,2020.18
2025-10-20 10:30:00,1760956200000,7.786,7.793,7.772,7.79,1219.95
2025-10-20 10:35:00,1760956500000,7.787,7.789,7.768,7.769,1572.36
2025-10-20 10:40:00,1760956800000,7.768,7.775,7.748,7.759,3116.97
2025-10-20 10:45:00,1760957100000,7.756,7.761,7.728,7.733,1551.03
2025-10-20 10:50:00,1760957400000,7.737,7.737,7.695,7.716,1588.52
2025-10-20 10:55:00,1760957700000,7.716,7.73,7.711,7.729,330.4
2025-10-20 11:00:00,1760958000000,7.73,7.736,7.705,7.708,850.0
2025-10-20 11:05:00,1760958300000,7.713,7.737,7.708,7.72,737.4
2025-10-20 11:10:00,1760958600000,7.725,7.725,7.703,7.707,568.6
2025-10-20 11:15:00,1760958900000,7.705,7.707,7.661,7.694,2871.42
2025-10-20 11:20:00,1760959200000,7.691,7.7,7.672,7.68,1418.81
2025-10-20 11:25:00,1760959500000,7.683,7.687,7.675,7.682,798.92
2025-10-20 11:30:00,1760959800000,7.681,7.681,7.648,7.667,2992.51
2025-10-20 11:35:00,1760960100000,7.671,7.674,7.659,7.667,699.42
2025-10-20 11:40:00,1760960400000,7.665,7.677,7.66,7.674,428.38
2025-10-20 11:45:00,1760960700000,7.675,7.693,7.671,7.677,526.18
2025-10-20 11:50:00,1760961000000,7.68,7.693,7.679,7.685,564.73
2025-10-20 11:55:00,1760961300000,7.687,7.692,7.678,7.682,413.09
2025-10-20 12:00:00,1760961600000,7.677,7.684,7.673,7.673,502.77
2025-10-20 12:05:00,1760961900000,7.671,7.695,7.669,7.685,447.25
2025-10-20 12:10:00,1760962200000,7.693,7.717,7.685,7.705,1658.3
2025-10-20 12:15:00,1760962500000,7.708,7.764,7.704,7.764,2093.43
2025-10-20 12:20:00,1760962800000,7.763,7.852,7.76,7.842,6951.78
2025-10-20 12:25:00,1760963100000,7.842,7.887,7.819,7.838,5382.17
2025-10-20 12:30:00,1760963400000,7.84,7.872,7.828,7.832,2279.75
2025-10-20 12:35:00,1760963700000,7.83,7.831,7.798,7.81,3192.43
2025-10-20 12:40:00,1760964000000,7.805,7.832,7.784,7.815,6723.04
2025-10-20 12:45:00,1760964300000,7.815,7.841,7.8,7.807,2963.85
2025-10-20 12:50:00,1760964600000,7.803,7.835,7.803,7.832,1655.11
2025-10-20 12:55:00,1760964900000,7.832,7.857,7.83,7.84,1902.51
2025-10-20 13:00:00,1760965200000,7.843,7.901,7.84,7.851,5461.24
2025-10-20 13:05:00,1760965500000,7.851,7.851,7.811,7.836,1740.39
2025-10-20 13:10:00,1760965800000,7.835,7.873,7.818,7.851,3724.76
2025-10-20 13:15:00,1760966100000,7.851,7.859,7.813,7.813,1527.14
2025-10-20 13:20:00,1760966400000,7.813,7.815,7.752,7.788,3863.9
2025-10-20 13:25:00,1760966700000,7.79,7.803,7.772,7.797,3030.94
2025-10-20 13:30:00,1760967000000,7.792,7.815,7.786,7.79,1414.19
2025-10-20 13:35:00,1760967300000,7.792,7.802,7.763,7.783,1634.12
2025-10-20 13:40:00,1760967600000,7.786,7.8,7.76,7.77,1697.26
2025-10-20 13:45:00,1760967900000,7.773,7.778,7.748,7.752,1735.0
2025-10-20 13:50:00,1760968200000,7.747,7.747,7.716,7.735,1104.24
2025-10-20 13:55:00,1760968500000,7.731,7.74,7.689,7.709,1035.91
2025-10-20 14:00:00,1760968800000,7.708,7.724,7.671,7.689,3127.07
2025-10-20 14:05:00,1760969100000,7.688,7.695,7.62,7.62,5697.22
2025-10-20 14:10:00,1760969400000,7.623,7.635,7.583,7.593,7975.75
2025-10-20 14:15:00,1760969700000,7.594,7.599,7.563,7.587,882.45
2025-10-20 14:20:00,1760970000000,7.588,7.612,7.588,7.611,1408.55
2025-10-20 14:25:00,1760970300000,7.611,7.643,7.592,7.643,2695.71
2025-10-20 14:30:00,1760970600000,7.646,7.652,7.615,7.617,2906.85
2025-10-20 14:35:00,1760970900000,7.615,7.619,7.581,7.588,1316.09
2025-10-20 14:40:00,1760971200000,7.59,7.615,7.588,7.604,884.02
2025-10-20 14:45:00,1760971500000,7.604,7.637,7.597,7.633,2133.52
2025-10-20 14:50:00,1760971800000,7.634,7.635,7.6,7.607,1903.04
2025-10-20 14:55:00,1760972100000,7.608,7.63,7.581,7.584,3525.37
2025-10-20 15:00:00,1760972400000,7.588,7.595,7.571,7.586,1452.82
2025-10-20 15:05:00,1760972700000,7.587,7.636,7.587,7.621,2467.91
2025-10-20 15:10:00,1760973000000,7.62,7.628,7.603,7.606,1014.1
2025-10-20 15:15:00,1760973300000,7.608,7.631,7.589,7.611,2185.03
2025-10-20 15:20:00,1760973600000,7.612,7.627,7.6,7.611,2256.75
2025-10-20 15:25:00,1760973900000,7.607,7.621,7.599,7.616,1016.02
2025-10-20 15:30:00,1760974200000,7.617,7.64,7.611,7.63,2192.71
2025-10-20 15:35:00,1760974500000,7.629,7.64,7.604,7.624,3986.03
2025-10-20 15:40:00,1760974800000,7.623,7.642,7.618,7.639,3653.18
2025-10-20 15:45:00,1760975100000,7.638,7.643,7.596,7.61,4392.48
2025-10-20 15:50:00,1760975400000,7.608,7.642,7.603,7.609,2641.8
2025-10-20 15:55:00,1760975700000,7.605,7.605,7.551,7.561,4653.88
2025-10-20 16:00:00,1760976000000,7.561,7.561,7.478,7.533,12977.97
2025-10-20 16:05:00,1760976300000,7.534,7.578,7.532,7.548,2802.68
2025-10-20 16:10:00,1760976600000,7.547,7.579,7.547,7.564,3323.87
2025-10-20 16:15:00,1760976900000,7.561,7.58,7.54,7.577,5213.94
2025-10-20 16:20:00,1760977200000,7.577,7.727,7.571,7.691,11242.32
2025-10-20 16:25:00,1760977500000,7.696,7.705,7.651,7.658,2997.07
2025-10-20 16:30:00,1760977800000,7.66,7.662,7.63,7.632,1591.57
2025-10-20 16:35:00,1760978100000,7.631,7.64,7.615,7.628,1521.58
2025-10-20 16:40:00,1760978400000,7.63,7.676,7.627,7.661,5197.74
2025-10-20 16:45:00,1760978700000,7.662,7.662,7.61,7.617,1596.47
2025-10-20 16:50:00,1760979000000,7.614,7.647,7.61,7.611,938.83
2025-10-20 16:55:00,1760979300000,7.616,7.665,7.613,7.64,2628.54
2025-10-20 17:00:00,1760979600000,7.637,7.69,7.633,7.659,1410.55
2025-10-20 17:05:00,1760979900000,7.662,7.691,7.634,7.638,1531.46
2025-10-20 17:10:00,1760980200000,7.636,7.636,7.588,7.597,1001.85
2025-10-20 17:15:00,1760980500000,7.588,7.609,7.577,7.589,825.56
2025-10-20 17:20:00,1760980800000,7.589,7.592,7.554,7.56,1067.4
2025-10-20 17:25:00,1760981100000,7.56,7.591,7.555,7.573,716.51
2025-10-20 17:30:00,1760981400000,7.569,7.576,7.559,7.56,1406.54
2025-10-20 17:35:00,1760981700000,7.564,7.598,7.551,7.592,2596.13
2025-10-20 17:40:00,1760982000000,7.593,7.623,7.586,7.602,1196.01
2025-10-20 17:45:00,1760982300000,7.604,7.624,7.589,7.611,2469.02
2025-10-20 17:50:00,1760982600000,7.603,7.613,7.585,7.587,929.14
2025-10-20 17:55:00,1760982900000,7.587,7.591,7.542,7.553,7231.63
2025-10-20 18:00:00,1760983200000,7.557,7.572,7.516,7.526,5335.4
2025-10-20 18:05:00,1760983500000,7.529,7.58,7.529,7.547,2201.85
2025-10-20 18:10:00,1760983800000,7.544,7.548,7.526,7.542,1491.13
2025-10-20 18:15:00,1760984100000,7.543,7.546,7.497,7.519,2806.78
2025-10-20 18:20:00,1760984400000,7.517,7.545,7.514,7.542,923.71
2025-10-20 18:25:00,1760984700000,7.542,7.58,7.536,7.571,2205.16
2025-10-20 18:30:00,1760985000000,7.571,7.585,7.567,7.585,1997.67
2025-10-20 18:35:00,1760985300000,7.585,7.62,7.583,7.608,2242.01
2025-10-20 18:40:00,1760985600000,7.609,7.613,7.575,7.593,2615.82
2025-10-20 18:45:00,1760985900000,7.597,7.627,7.589,7.618,2045.34
2025-10-20 18:50:00,1760986200000,7.618,7.623,7.584,7.589,2936.54
2025-10-20 18:55:00,1760986500000,7.593,7.602,7.582,7.59,1702.37
2025-10-20 19:00:00,1760986800000,7.595,7.602,7.578,7.601,1761.09
2025-10-20 19:05:00,1760987100000,7.598,7.606,7.571,7.574,4574.32
2025-10-20 19:10:00,1760987400000,7.574,7.598,7.565,7.586,2328.73
2025-10-20 19:15:00,1760987700000,7.586,7.598,7.578,7.594,2187.15
2025-10-20 19:20:00,1760988000000,7.596,7.606,7.589,7.602,1817.52
2025-10-20 19:25:00,1760988300000,7.599,7.606,7.59,7.601,2420.13
2025-10-20 19:30:00,1760988600000,7.598,7.602,7.574,7.585,1988.29
2025-10-20 19:35:00,1760988900000,7.585,7.597,7.582,7.595,2033.17
2025-10-20 19:40:00,1760989200000,7.593,7.607,7.585,7.605,1997.85
2025-10-20 19:45:00,1760989500000,7.606,7.608,7.599,7.607,3969.73
2025-10-20 19:50:00,1760989800000,7.607,7.625,7.594,7.6,4230.58
2025-10-20 19:55:00,1760990100000,7.598,7.61,7.583,7.604,4782.82
2025-10-20 20:00:00,1760990400000,7.605,7.628,7.59,7.625,4088.06
2025-10-20 20:05:00,1760990700000,7.625,7.625,7.587,7.597,4069.29
2025-10-20 20:10:00,1760991000000,7.595,7.624,7.595,7.612,2997.92
2025-10-20 20:15:00,1760991300000,7.61,7.626,7.609,7.618,1964.64
2025-10-20 20:20:00,1760991600000,7.622,7.624,7.599,7.609,2795.43
2025-10-20 20:25:00,1760991900000,7.611,7.618,7.592,7.594,2459.54
2025-10-20 20:30:00,1760992200000,7.595,7.662,7.591,7.662,3753.78
2025-10-20 20:35:00,1760992500000,7.66,7.684,7.652,7.684,2640.39
2025-10-20 20:40:00,1760992800000,7.683,7.716,7.671,7.701,3076.19
2025-10-20 20:45:00,1760993100000,7.7,7.706,7.686,7.704,1823.29
2025-10-20 20:50:00,1760993400000,7.704,7.716,7.684,7.709,2227.61
2025-10-20 20:55:00,1760993700000,7.712,7.734,7.708,7.723,2850.59
2025-10-20 21:00:00,1760994000000,7.725,7.748,7.704,7.704,1168.96
2025-10-20 21:05:00,1760994300000,7.706,7.716,7.701,7.704,613.86
2025-10-20 21:10:00,1760994600000,7.701,7.718,7.686,7.686,822.31
2025-10-20 21:15:00,1760994900000,7.686,7.687,7.667,7.67,1135.32
2025-10-20 21:20:00,1760995200000,7.672,7.684,7.659,7.683,1829.99
2025-10-20 21:25:00,1760995500000,7.68,7.695,7.671,7.691,1578.64
2025-10-20 21:30:00,1760995800000,7.69,7.724,7.679,7.717,2177.85
2025-10-20 21:35:00,1760996100000,7.72,7.74,7.708,7.74,2208.5
2025-10-20 21:40:00,1760996400000,7.737,7.758,7.723,7.757,3752.1
2025-10-20 21:45:00,1760996700000,7.754,7.807,7.75,7.806,6144.38
2025-10-20 21:50:00,1760997000000,7.802,7.817,7.798,7.813,3481.44
2025-10-20 21:55:00,1760997300000,7.809,7.823,7.798,7.809,2020.28
2025-10-20 22:00:00,1760997600000,7.809,7.895,7.807,7.895,3920.73
2025-10-20 22:05:00,1760997900000,7.89,8.099,7.889,8.049,29485.65
2025-10-20 22:10:00,1760998200000,8.046,8.046,7.905,7.921,5585.73
2025-10-20 22:15:00,1760998500000,7.919,7.934,7.862,7.916,6025.25
2025-10-20 22:20:00,1760998800000,7.92,8.437,7.92,8.437,24296.32
2025-10-20 22:25:00,1760999100000,8.426,8.426,8.122,8.155,28677.22
2025-10-20 22:30:00,1760999400000,8.158,8.279,8.115,8.22,13645.41
2025-10-20 22:35:00,1760999700000,8.219,8.369,8.138,8.152,38908.65
2025-10-20 22:40:00,1761000000000,8.149,8.436,8.115,8.342,48028.63
2025-10-20 22:45:00,1761000300000,8.342,8.412,8.244,8.291,11097.58
2025-10-20 22:50:00,1761000600000,8.297,8.462,8.284,8.443,11160.99
2025-10-20 22:55:00,1761000900000,8.443,8.446,8.282,8.307,11600.81
2025-10-20 23:00:00,1761001200000,8.305,8.359,8.201,8.325,13562.24
2025-10-20 23:05:00,1761001500000,8.329,8.436,8.275,8.308,12562.16
2025-10-20 23:10:00,1761001800000,8.306,8.367,8.276,8.367,6399.92
2025-10-20 23:15:00,1761002100000,8.371,8.421,8.337,8.404,11235.31
2025-10-20 23:20:00,1761002400000,8.407,8.668,8.4,8.562,24202.73
2025-10-20 23:25:00,1761002700000,8.56,8.682,8.531,8.561,16110.76
2025-10-20 23:30:00,1761003000000,8.56,8.647,8.53,8.593,7737.22
2025-10-20 23:35:00,1761003300000,8.593,8.601,8.391,8.454,15512.08
2025-10-20 23:40:00,1761003600000,8.452,8.509,8.413,8.456,8130.99
2025-10-20 23:45:00,1761003900000,8.457,8.602,8.436,8.549,13349.66
2025-10-20 23:50:00,1761004200000,8.547,8.618,8.534,8.558,6154.63
2025-10-20 23:55:00,1761004500000,8.561,8.7,8.467,8.483,18184.22
2025-10-21 00:00:00,1761004800000,8.479,8.616,8.426,8.56,16991.89
2025-10-21 00:05:00,1761005100000,8.561,8.567,8.363,8.404,10439.75
2025-10-21 00:10:00,1761005400000,8.409,8.43,8.364,8.385,6777.38
2025-10-21 00:15:00,1761005700000,8.385,8.508,8.346,8.499,7008.33
2025-10-21 00:20:00,1761006000000,8.498,8.519,8.411,8.433,4241.08
2025-10-21 00:25:00,1761006300000,8.436,8.443,8.366,8.437,4846.73
2025-10-21 00:30:00,1761006600000,8.438,8.833,8.438,8.616,29192.15
2025-10-21 00:35:00,1761006900000,8.608,8.608,8.393,8.425,13209.3
2025-10-21 00:40:00,1761007200000,8.424,8.528,8.361,8.386,9864.07
2025-10-21 00:45:00,1761007500000,8.393,8.441,8.35,8.389,6628.59
2025-10-21 00:50:00,1761007800000,8.388,8.458,8.347,8.38,9043.05
2025-10-21 00:55:00,1761008100000,8.378,8.407,8.312,8.385,6905.74
2025-10-21 01:00:00,1761008400000,8.384,8.461,8.351,8.452,10380.49
2025-10-21 01:05:00,1761008700000,8.451,8.451,8.351,8.385,4296.5
2025-10-21 01:10:00,1761009000000,8.386,8.4,8.314,8.39,4926.8
2025-10-21 01:15:00,1761009300000,8.387,8.387,8.333,8.346,2086.73
2025-10-21 01:20:00,1761009600000,8.353,8.408,8.35,8.385,1260.1
2025-10-21 01:25:00,1761009900000,8.386,8.458,8.376,8.387,2656.52
2025-10-21 01:30:00,1761010200000,8.393,8.47,8.393,8.467,1732.79
2025-10-21 01:35:00,1761010500000,8.469,8.541,8.447,8.523,6065.72
2025-10-21 01:40:00,1761010800000,8.526,8.604,8.485,8.586,7980.81
2025-10-21 01:45:00,1761011100000,8.586,8.62,8.536,8.587,7848.67
2025-10-21 01:50:00,1761011400000,8.594,8.645,8.559,8.606,6350.38
2025-10-21 01:55:00,1761011700000,8.603,8.611,8.442,8.467,8800.18
2025-10-21 02:00:00,1761012000000,8.468,8.556,8.436,8.543,5626.88
2025-10-21 02:05:00,1761012300000,8.544,8.544,8.378,8.384,6100.27
2025-10-21 02:10:00,1761012600000,8.388,8.457,8.371,8.426,4256.99
2025-10-21 02:15:00,1761012900000,8.424,8.451,8.352,8.418,8932.15
2025-10-21 02:20:00,1761013200000,8.415,8.476,8.411,8.427,2947.18
2025-10-21 02:25:00,1761013500000,8.428,8.45,8.385,8.432,4277.94
2025-10-21 02:30:00,1761013800000,8.431,8.523,8.425,8.511,2511.78
2025-10-21 02:35:00,1761014100000,8.517,8.517,8.369,8.412,4244.37
2025-10-21 02:40:00,1761014400000,8.411,8.427,8.369,8.384,1373.15
2025-10-21 02:45:00,1761014700000,8.383,8.394,8.339,8.367,5127.67
2025-10-21 02:50:00,1761015000000,8.37,8.386,8.341,8.362,1654.38
2025-10-21 02:55:00,1761015300000,8.358,8.375,8.3,8.373,3837.21
2025-10-21 03:00:00,1761015600000,8.374,8.398,8.347,8.39,2480.48
2025-10-21 03:05:00,1761015900000,8.39,8.412,8.354,8.366,2817.15
2025-10-21 03:10:00,1761016200000,8.366,8.394,8.326,8.392,2300.93
2025-10-21 03:15:00,1761016500000,8.394,8.454,8.358,8.433,9160.88
2025-10-21 03:20:00,1761016800000,8.428,8.466,8.364,8.372,4315.89
2025-10-21 03:25:00,1761017100000,8.374,8.38,8.352,8.375,3314.35
2025-10-21 03:30:00,1761017400000,8.375,8.38,8.305,8.363,3963.14
2025-10-21 03:35:00,1761017700000,8.362,8.37,8.31,8.363,3976.26
2025-10-21 03:40:00,1761018000000,8.362,8.362,8.306,8.307,2928.92
2025-10-21 03:45:00,1761018300000,8.311,8.315,8.223,8.286,16220.41
2025-10-21 03:50:00,1761018600000,8.286,8.302,8.234,8.255,5005.73
2025-10-21 03:55:00,1761018900000,8.26,8.275,8.23,8.26,2819.42
2025-10-21 04:00:00,1761019200000,8.258,8.28,8.236,8.256,4031.59
2025-10-21 04:05:00,1761019500000,8.255,8.276,8.173,8.247,4767.8
2025-10-21 04:10:00,1761019800000,8.247,8.304,8.196,8.294,6011.05
2025-10-21 04:15:00,1761020100000,8.293,8.298,8.176,8.211,12398.61
2025-10-21 04:20:00,1761020400000,8.215,8.238,8.172,8.185,2587.15
2025-10-21 04:25:00,1761020700000,8.186,8.247,8.186,8.218,2120.93
2025-10-21 04:30:00,1761021000000,8.22,8.225,8.179,8.194,1920.37
2025-10-21 04:35:00,1761021300000,8.191,8.207,8.154,8.161,5668.3
2025-10-21 04:40:00,1761021600000,8.165,8.185,8.076,8.086,15819.32
2025-10-21 04:45:00,1761021900000,8.089,8.13,8.068,8.095,5939.92
2025-10-21 04:50:00,1761022200000,8.092,8.11,8.08,8.097,1493.04
2025-10-21 04:55:00,1761022500000,8.099,8.105,8.074,8.081,1551.17
2025-10-21 05:00:00,1761022800000,8.078,8.155,8.078,8.12,2873.4
2025-10-21 05:05:00,1761023100000,8.115,8.132,8.074,8.079,2857.11
2025-10-21 05:10:00,1761023400000,8.075,8.083,8.006,8.043,8370.48
2025-10-21 05:15:00,1761023700000,8.039,8.052,8.014,8.017,2632.25
2025-10-21 05:20:00,1761024000000,8.024,8.043,8.014,8.022,1361.16
2025-10-21 05:25:00,1761024300000,8.024,8.069,8.02,8.048,2386.73
2025-10-21 05:30:00,1761024600000,8.05,8.05,7.972,8.002,5449.38
2025-10-21 05:35:00,1761024900000,7.999,8.019,7.98,7.984,924.22
2025-10-21 05:40:00,1761025200000,7.983,8.035,7.976,8.024,2381.17
2025-10-21 05:45:00,1761025500000,8.033,8.043,8.001,8.01,1384.71
2025-10-21 05:50:00,1761025800000,8.011,8.018,7.98,7.999,4350.62
2025-10-21 05:55:00,1761026100000,7.999,8.039,7.992,8.002,1229.78
2025-10-21 06:00:00,1761026400000,8.01,8.039,8.002,8.017,1637.33
2025-10-21 06:05:00,1761026700000,8.02,8.031,7.975,7.988,2141.89
2025-10-21 06:10:00,1761027000000,7.994,8.023,7.975,8.012,2766.52
2025-10-21 06:15:00,1761027300000,8.01,8.036,7.984,8.002,2366.51
2025-10-21 06:20:00,1761027600000,8.021,8.052,8.012,8.024,2844.8
2025-10-21 06:25:00,1761027900000,8.024,8.025,7.981,8.01,4558.73
2025-10-21 06:30:00,1761028200000,8.01,8.012,7.959,7.963,3518.78
2025-10-21 06:35:00,1761028500000,7.964,7.982,7.928,7.968,6572.89
2025-10-21 06:40:00,1761028800000,7.966,8.004,7.926,7.954,2700.7
2025-10-21 06:45:00,1761029100000,7.959,7.963,7.931,7.948,2637.41
2025-10-21 06:50:00,1761029400000,7.945,7.969,7.918,7.925,4276.31
2025-10-21 06:55:00,1761029700000,7.924,8.063,7.896,7.953,16515.33
2025-10-21 07:00:00,1761030000000,7.948,7.955,7.905,7.907,2639.94
2025-10-21 07:05:00,1761030300000,7.91,7.934,7.902,7.914,2336.45
2025-10-21 07:10:00,1761030600000,7.917,7.936,7.9,7.93,2047.64
2025-10-21 07:15:00,1761030900000,7.93,7.968,7.901,7.956,1676.79
2025-10-21 07:20:00,1761031200000,7.956,7.958,7.917,7.923,1564.73
2025-10-21 07:25:00,1761031500000,7.92,7.929,7.9,7.924,1745.05
2025-10-21 07:30:00,1761031800000,7.923,7.955,7.916,7.936,2344.08
2025-10-21 07:35:00,1761032100000,7.937,7.944,7.922,7.93,1252.26
2025-10-21 07:40:00,1761032400000,7.929,7.946,7.91,7.919,3246.21
2025-10-21 07:45:00,1761032700000,7.92,7.969,7.914,7.943,2369.54
2025-10-21 07:50:00,1761033000000,7.943,7.968,7.933,7.939,1399.75
2025-10-21 07:55:00,1761033300000,7.935,7.943,7.92,7.941,1366.56
2025-10-21 08:00:00,1761033600000,7.943,7.949,7.873,7.898,2076.11
2025-10-21 08:05:00,1761033900000,7.9,7.914,7.888,7.896,1175.91
2025-10-21 08:10:00,1761034200000,7.902,7.916,7.888,7.89,1367.56
2025-10-21 08:15:00,1761034500000,7.887,7.9,7.866,7.9,2401.03
2025-10-21 08:20:00,1761034800000,7.896,7.902,7.839,7.861,2578.78
2025-10-21 08:25:00,1761035100000,7.857,7.909,7.85,7.896,2715.99
2025-10-21 08:30:00,1761035400000,7.894,7.903,7.883,7.89,1087.09
2025-10-21 08:35:00,1761035700000,7.892,7.898,7.865,7.882,1433.61
2025-10-21 08:40:00,1761036000000,7.888,7.918,7.854,7.876,3590.62
2025-10-21 08:45:00,1761036300000,7.872,7.872,7.809,7.821,4101.44
2025-10-21 08:50:00,1761036600000,7.819,7.879,7.811,7.855,3119.36
2025-10-21 08:55:00,1761036900000,7.855,7.874,7.835,7.835,1832.69
2025-10-21 09:00:00,1761037200000,7.834,7.835,7.814,7.818,360.47
2025-10-21 09:05:00,1761037500000,7.824,7.84,7.803,7.822,1949.42
2025-10-21 09:10:00,1761037800000,7.828,7.83,7.801,7.822,1411.55
2025-10-21 09:15:00,1761038100000,7.818,7.82,7.8,7.803,1003.1
2025-10-21 09:20:00,1761038400000,7.805,7.823,7.801,7.81,2393.3
2025-10-21 09:25:00,1761038700000,7.813,7.847,7.805,7.817,793.09
2025-10-21 09:30:00,1761039000000,7.817,7.821,7.8,7.821,1383.72
2025-10-21 09:35:00,1761039300000,7.824,7.827,7.798,7.812,592.73
2025-10-21 09:40:00,1761039600000,7.805,7.816,7.783,7.784,900.42
2025-10-21 09:45:00,1761039900000,7.787,7.814,7.781,7.796,1210.1
2025-10-21 09:50:00,1761040200000,7.791,7.814,7.786,7.803,938.53
2025-10-21 09:55:00,1761040500000,7.805,7.806,7.771,7.783,2398.71
2025-10-21 10:00:00,1761040800000,7.785,7.792,7.763,7.772,1631.05
2025-10-21 10:05:00,1761041100000,7.778,7.794,7.761,7.771,1560.01
2025-10-21 10:10:00,1761041400000,7.771,7.808,7.763,7.808,2418.93
2025-10-21 10:15:00,1761041700000,7.807,7.813,7.796,7.805,1114.2
2025-10-21 10:20:00,1761042000000,7.804,7.813,7.799,7.803,485.57
2025-10-21 10:25:00,1761042300000,7.804,7.824,7.78,7.8,1983.78
2025-10-21 10:30:00,1761042600000,7.805,7.845,7.779,7.788,13752.26
2025-10-21 10:35:00,1761042900000,7.787,7.807,7.744,7.752,2110.79
2025-10-21 10:40:00,1761043200000,7.75,7.756,7.726,7.732,1146.72
2025-10-21 10:45:00,1761043500000,7.738,7.742,7.717,7.73,1424.69
2025-10-21 10:50:00,1761043800000,7.73,7.77,7.724,7.746,1740.17
2025-10-21 10:55:00,1761044100000,7.747,7.754,7.695,7.716,3208.62
2025-10-21 11:00:00,1761044400000,7.714,7.74,7.7,7.733,1150.36
2025-10-21 11:05:00,1761044700000,7.723,7.746,7.717,7.717,1573.13
2025-10-21 11:10:00,1761045000000,7.72,7.758,7.711,7.744,1918.16
2025-10-21 11:15:00,1761045300000,7.746,7.756,7.737,7.746,253.42
2025-10-21 11:20:00,1761045600000,7.745,7.745,7.713,7.713,992.33
2025-10-21 11:25:00,1761045900000,7.714,7.824,7.711,7.797,4816.69
2025-10-21 11:30:00,1761046200000,7.797,7.829,7.763,7.826,2354.46
2025-10-21 11:35:00,1761046500000,7.829,7.882,7.812,7.846,7811.73
2025-10-21 11:40:00,1761046800000,7.849,7.963,7.812,7.963,14313.58
2025-10-21 11:45:00,1761047100000,7.961,7.961,7.905,7.908,8392.28
2025-10-21 11:50:00,1761047400000,7.906,7.922,7.883,7.903,2608.09
2025-10-21 11:55:00,1761047700000,7.903,7.931,7.902,7.92,2324.79
2025-10-21 12:00:00,1761048000000,7.917,7.938,7.905,7.918,3765.12
2025-10-21 12:05:00,1761048300000,7.918,7.926,7.838,7.879,5319.34
2025-10-21 12:10:00,1761048600000,7.876,7.905,7.876,7.882,2510.99
2025-10-21 12:15:00,1761048900000,7.879,7.943,7.877,7.941,3034.74
2025-10-21 12:20:00,1761049200000,7.942,7.997,7.932,7.99,7393.28
2025-10-21 12:25:00,1761049500000,7.989,8.041,7.983,8.017,6076.32
2025-10-21 12:30:00,1761049800000,8.02,8.147,8.014,8.121,13618.85
2025-10-21 12:35:00,1761050100000,8.122,8.177,8.114,8.16,11632.92
2025-10-21 12:40:00,1761050400000,8.161,8.269,8.153,8.181,11288.1
2025-10-21 12:45:00,1761050700000,8.181,8.287,8.175,8.211,14572.36
2025-10-21 12:50:00,1761051000000,8.211,8.221,8.14,8.148,6734.81
2025-10-21 12:55:00,1761051300000,8.142,8.153,8.074,8.093,10322.7
2025-10-21 13:00:00,1761051600000,8.091,8.228,8.088,8.21,8194.65
2025-10-21 13:05:00,1761051900000,8.209,8.25,8.18,8.211,7651.74
2025-10-21 13:10:00,1761052200000,8.204,8.215,8.18,8.191,1826.46
2025-10-21 13:15:00,1761052500000,8.191,8.191,8.11,8.153,4852.58
2025-10-21 13:20:00,1761052800000,8.151,8.158,8.1,8.134,3233.29
2025-10-21 13:25:00,1761053100000,8.133,8.209,8.117,8.209,3732.45
2025-10-21 13:30:00,1761053400000,8.207,8.21,8.135,8.138,2544.54
2025-10-21 13:35:00,1761053700000,8.134,8.168,8.094,8.129,3149.32
2025-10-21 13:40:00,1761054000000,8.125,8.151,8.11,8.141,4006.94
2025-10-21 13:45:00,1761054300000,8.139,8.161,8.112,8.155,2317.36
2025-10-21 13:50:00,1761054600000,8.152,8.2,8.145,8.167,3768.97
2025-10-21 13:55:00,1761054900000,8.171,8.18,8.151,8.177,2329.92
2025-10-21 14:00:00,1761055200000,8.177,8.177,8.077,8.089,10970.56
2025-10-21 14:05:00,1761055500000,8.088,8.111,8.022,8.049,9753.1
2025-10-21 14:10:00,1761055800000,8.051,8.115,8.05,8.084,5836.34
2025-10-21 14:15:00,1761056100000,8.085,8.126,8.064,8.117,5916.15
2025-10-21 14:20:00,1761056400000,8.116,8.175,8.11,8.113,7775.43
2025-10-21 14:25:00,1761056700000,8.113,8.113,8.057,8.072,2693.66
2025-10-21 14:30:00,1761057000000,8.074,8.114,8.054,8.114,5260.77
2025-10-21 14:35:00,1761057300000,8.111,8.116,8.089,8.102,2244.44
2025-10-21 14:40:00,1761057600000,8.101,8.117,8.065,8.083,1999.85
2025-10-21 14:45:00,1761057900000,8.084,8.134,8.076,8.133,1443.78
2025-10-21 14:50:00,1761058200000,8.135,8.221,8.134,8.172,9716.62
2025-10-21 14:55:00,1761058500000,8.172,8.252,8.17,8.248,13880.33
2025-10-21 15:00:00,1761058800000,8.25,8.352,8.242,8.286,20488.64
2025-10-21 15:05:00,1761059100000,8.282,8.342,8.259,8.259,8029.23
2025-10-21 15:10:00,1761059400000,8.259,8.271,8.16,8.178,13366.65
2025-10-21 15:15:00,1761059700000,8.175,8.19,8.103,8.138,16200.32
2025-10-21 15:20:00,1761060000000,8.138,8.284,8.138,8.25,6300.03
2025-10-21 15:25:00,1761060300000,8.248,8.279,8.234,8.249,4912.51
2025-10-21 15:30:00,1761060600000,8.252,8.268,8.232,8.254,4201.83
2025-10-21 15:35:00,1761060900000,8.254,8.747,8.253,8.565,55363.7
2025-10-21 15:40:00,1761061200000,8.566,8.608,8.496,8.561,15525.11
2025-10-21 15:45:00,1761061500000,8.562,8.686,8.562,8.647,10653.97
2025-10-21 15:50:00,1761061800000,8.646,8.7,8.606,8.634,8519.14
2025-10-21 15:55:00,1761062100000,8.634,8.677,8.548,8.552,10506.42
2025-10-21 16:00:00,1761062400000,8.552,8.595,8.515,8.538,5585.41
2025-10-21 16:05:00,1761062700000,8.542,8.592,8.542,8.547,4442.63
2025-10-21 16:10:00,1761063000000,8.547,8.566,8.492,8.504,5002.65
2025-10-21 16:15:00,1761063300000,8.504,8.517,8.246,8.316,33073.04
2025-10-21 16:20:00,1761063600000,8.318,8.353,8.067,8.154,23357.87
2025-10-21 16:25:00,1761063900000,8.153,8.158,7.945,7.984,19229.61
2025-10-21 16:30:00,1761064200000,7.986,8.109,7.843,8.048,19879.8
2025-10-21 16:35:00,1761064500000,8.053,8.067,7.953,7.999,5477.7
2025-10-21 16:40:00,1761064800000,8.0,8.029,7.985,8.006,3903.23
2025-10-21 16:45:00,1761065100000,8.01,8.039,7.998,8.0,3129.89
2025-10-21 16:50:00,1761065400000,8.003,8.021,7.956,7.961,4193.37
2025-10-21 16:55:00,1761065700000,7.962,7.963,7.856,7.859,4467.19
2025-10-21 17:00:00,1761066000000,7.86,7.914,7.829,7.838,2995.11
2025-10-21 17:05:00,1761066300000,7.834,7.87,7.824,7.832,2983.7
2025-10-21 17:10:00,1761066600000,7.832,7.854,7.791,7.808,5182.75
2025-10-21 17:15:00,1761066900000,7.81,7.856,7.774,7.856,5018.53
2025-10-21 17:20:00,1761067200000,7.86,7.904,7.831,7.902,8275.55
2025-10-21 17:25:00,1761067500000,7.902,8.001,7.888,7.966,5626.14
2025-10-21 17:30:00,1761067800000,7.97,7.977,7.923,7.949,1586.61
2025-10-21 17:35:00,1761068100000,7.951,7.957,7.904,7.944,1986.56
2025-10-21 17:40:00,1761068400000,7.943,7.945,7.889,7.911,4828.63
2025-10-21 17:45:00,1761068700000,7.904,7.929,7.886,7.897,2699.77
2025-10-21 17:50:00,1761069000000,7.9,7.934,7.895,7.913,2067.68
2025-10-21 17:55:00,1761069300000,7.911,7.972,7.911,7.948,1195.35
2025-10-21 18:00:00,1761069600000,7.948,7.999,7.948,7.977,1065.86
2025-10-21 18:05:00,1761069900000,7.974,7.981,7.952,7.979,877.39
2025-10-21 18:10:00,1761070200000,7.978,7.982,7.95,7.957,881.9
2025-10-21 18:15:00,1761070500000,7.953,7.967,7.929,7.93,746.02
2025-10-21 18:20:00,1761070800000,7.934,7.937,7.901,7.913,464.18
2025-10-21 18:25:00,1761071100000,7.912,7.912,7.852,7.866,2238.65
2025-10-21 18:30:00,1761071400000,7.87,7.874,7.817,7.835,3902.45
2025-10-21 18:35:00,1761071700000,7.833,7.86,7.827,7.829,1315.62
2025-10-21 18:40:00,1761072000000,7.829,7.855,7.811,7.849,1130.99
2025-10-21 18:45:00,1761072300000,7.855,7.894,7.847,7.848,1464.26
2025-10-21 18:50:00,1761072600000,7.849,7.855,7.819,7.823,1348.06
2025-10-21 18:55:00,1761072900000,7.82,7.827,7.815,7.817,457.52
2025-10-21 19:00:00,1761073200000,7.817,7.874,7.817,7.841,2799.87
2025-10-21 19:05:00,1761073500000,7.845,7.916,7.844,7.908,4338.24
2025-10-21 19:10:00,1761073800000,7.912,7.925,7.851,7.907,3673.1
2025-10-21 19:15:00,1761074100000,7.905,7.943,7.882,7.904,8246.51
2025-10-21 19:20:00,1761074400000,7.899,7.909,7.829,7.832,1977.26
2025-10-21 19:25:00,1761074700000,7.838,7.865,7.833,7.857,2753.69
2025-10-21 19:30:00,1761075000000,7.857,7.863,7.828,7.828,1138.21
2025-10-21 19:35:00,1761075300000,7.83,7.837,7.811,7.812,1338.52
2025-10-21 19:40:00,1761075600000,7.813,7.826,7.803,7.807,981.85
2025-10-21 19:45:00,1761075900000,7.807,7.808,7.776,7.796,2660.88
2025-10-21 19:50:00,1761076200000,7.796,7.829,7.793,7.816,931.54
2025-10-21 19:55:00,1761076500000,7.815,7.827,7.798,7.798,839.29
2025-10-21 20:00:00,1761076800000,7.802,7.841,7.798,7.84,732.63
2025-10-21 20:05:00,1761077100000,7.839,7.877,7.837,7.843,832.85
2025-10-21 20:10:00,1761077400000,7.842,7.871,7.837,7.871,2062.83
2025-10-21 20:15:00,1761077700000,7.871,7.871,7.779,7.816,2562.76
2025-10-21 20:20:00,1761078000000,7.821,7.823,7.569,7.665,23830.6
2025-10-21 20:25:00,1761078300000,7.662,7.663,7.613,7.632,2067.81
2025-10-21 20:30:00,1761078600000,7.631,7.646,7.611,7.611,1281.33
2025-10-21 20:35:00,1761078900000,7.605,7.609,7.566,7.586,3165.21
2025-10-21 20:40:00,1761079200000,7.583,7.615,7.582,7.594,1235.6
2025-10-21 20:45:00,1761079500000,7.594,7.594,7.55,7.559,736.51
2025-10-21 20:50:00,1761079800000,7.554,7.617,7.548,7.564,6010.06
2025-10-21 20:55:00,1761080100000,7.561,7.59,7.55,7.586,1388.94
2025-10-21 21:00:00,1761080400000,7.578,7.578,7.533,7.549,3140.89
2025-10-21 21:05:00,1761080700000,7.546,7.619,7.546,7.611,2219.07
2025-10-21 21:10:00,1761081000000,7.61,7.622,7.579,7.586,1467.01
2025-10-21 21:15:00,1761081300000,7.585,7.625,7.579,7.592,1668.87
2025-10-21 21:20:00,1761081600000,7.591,7.591,7.504,7.525,3343.14
2025-10-21 21:25:00,1761081900000,7.524,7.552,7.514,7.544,1045.81
2025-10-21 21:30:00,1761082200000,7.544,7.566,7.524,7.543,1298.23
2025-10-21 21:35:00,1761082500000,7.545,7.639,7.536,7.613,4076.87
2025-10-21 21:40:00,1761082800000,7.616,7.628,7.595,7.602,1513.16
2025-10-21 21:45:00,1761083100000,7.605,7.627,7.591,7.627,1377.13
2025-10-21 21:50:00,1761083400000,7.628,7.678,7.628,7.647,1149.95
2025-10-21 21:55:00,1761083700000,7.646,7.661,7.641,7.661,411.39
2025-10-21 22:00:00,1761084000000,7.658,7.674,7.61,7.62,1108.18
2025-10-21 22:05:00,1761084300000,7.62,7.631,7.581,7.606,1260.75
2025-10-21 22:10:00,1761084600000,7.603,7.625,7.601,7.619,1827.33
2025-10-21 22:15:00,1761084900000,7.622,7.622,7.597,7.602,381.36
2025-10-21 22:20:00,1761085200000,7.595,7.597,7.548,7.55,1503.53
2025-10-21 22:25:00,1761085500000,7.552,7.565,7.524,7.531,1936.24
2025-10-21 22:30:00,1761085800000,7.526,7.537,7.478,7.502,2281.61
2025-10-21 22:35:00,1761086100000,7.5,7.519,7.476,7.493,2689.9
2025-10-21 22:40:00,1761086400000,7.493,7.536,7.481,7.509,2053.52
2025-10-21 22:45:00,1761086700000,7.506,7.541,7.506,7.537,1243.83
2025-10-21 22:50:00,1761087000000,7.538,7.551,7.528,7.529,950.15
2025-10-21 22:55:00,1761087300000,7.525,7.534,7.507,7.525,1285.52
2025-10-21 23:00:00,1761087600000,7.522,7.532,7.51,7.52,897.56
2025-10-21 23:05:00,1761087900000,7.516,7.546,7.515,7.518,602.62
2025-10-21 23:10:00,1761088200000,7.517,7.526,7.48,7.507,3105.4
2025-10-21 23:15:00,1761088500000,7.501,7.528,7.492,7.51,3095.31
2025-10-21 23:20:00,1761088800000,7.509,7.541,7.502,7.512,4946.88
2025-10-21 23:25:00,1761089100000,7.511,7.522,7.482,7.5,2831.32
2025-10-21 23:30:00,1761089400000,7.497,7.503,7.483,7.497,794.79
2025-10-21 23:35:00,1761089700000,7.495,7.501,7.481,7.49,1487.64
2025-10-21 23:40:00,1761090000000,7.487,7.506,7.482,7.487,792.4
2025-10-21 23:45:00,1761090300000,7.493,7.508,7.476,7.492,1764.73
2025-10-21 23:50:00,1761090600000,7.494,7.511,7.452,7.475,9375.89
2025-10-21 23:55:00,1761090900000,7.481,7.487,7.469,7.477,500.43
2025-10-22 00:00:00,1761091200000,7.474,7.485,7.47,7.477,968.59
2025-10-22 00:05:00,1761091500000,7.479,7.481,7.401,7.43,3090.07
2025-10-22 00:10:00,1761091800000,7.428,7.452,7.424,7.445,684.09
2025-10-22 00:15:00,1761092100000,7.446,7.479,7.443,7.467,703.23
2025-10-22 00:20:00,1761092400000,7.457,7.471,7.456,7.47,444.42
2025-10-22 00:25:00,1761092700000,7.475,7.487,7.453,7.455,1148.89
2025-10-22 00:30:00,1761093000000,7.453,7.47,7.424,7.426,1682.83
2025-10-22 00:35:00,1761093300000,7.426,7.443,7.416,7.437,2173.68
2025-10-22 00:40:00,1761093600000,7.437,7.494,7.417,7.492,2665.48
2025-10-22 00:45:00,1761093900000,7.492,7.512,7.403,7.404,5023.38
2025-10-22 00:50:00,1761094200000,7.404,7.406,7.273,7.312,12280.34
2025-10-22 00:55:00,1761094500000,7.308,7.329,7.3,7.31,2447.96
2025-10-22 01:00:00,1761094800000,7.312,7.379,7.312,7.318,4159.58
2025-10-22 01:05:00,1761095100000,7.317,7.372,7.316,7.372,1333.12
2025-10-22 01:10:00,1761095400000,7.37,7.381,7.354,7.37,1225.53
2025-10-22 01:15:00,1761095700000,7.363,7.366,7.326,7.326,1607.83
2025-10-22 01:20:00,1761096000000,7.324,7.336,7.284,7.323,3308.52
2025-10-22 01:25:00,1761096300000,7.32,7.326,7.305,7.307,1231.42
2025-10-22 01:30:00,1761096600000,7.306,7.32,7.291,7.31,721.57
2025-10-22 01:35:00,1761096900000,7.305,7.316,7.295,7.315,1486.08
2025-10-22 01:40:00,1761097200000,7.313,7.352,7.31,7.326,1415.94
2025-10-22 01:45:00,1761097500000,7.322,7.332,7.299,7.307,830.89
2025-10-22 01:50:00,1761097800000,7.313,7.316,7.289,7.292,752.46
2025-10-22 01:55:00,1761098100000,7.298,7.318,7.284,7.288,1027.43
2025-10-22 02:00:00,1761098400000,7.287,7.304,7.272,7.283,778.16
2025-10-22 02:05:00,1761098700000,7.286,7.306,7.278,7.303,1465.24
2025-10-22 02:10:00,1761099000000,7.302,7.331,7.296,7.323,1013.92
2025-10-22 02:15:00,1761099300000,7.321,7.322,7.297,7.313,438.07
2025-10-22 02:20:00,1761099600000,7.313,7.329,7.304,7.314,2023.15
2025-10-22 02:25:00,1761099900000,7.315,7.351,7.313,7.338,4316.21
2025-10-22 02:30:00,1761100200000,7.335,7.338,7.315,7.328,750.75
2025-10-22 02:35:00,1761100500000,7.328,7.346,7.302,7.308,2956.85
2025-10-22 02:40:00,1761100800000,7.306,7.323,7.306,7.32,637.14
2025-10-22 02:45:00,1761101100000,7.325,7.346,7.317,7.341,1532.08
2025-10-22 02:50:00,1761101400000,7.343,7.384,7.337,7.359,4175.08
2025-10-22 02:55:00,1761101700000,7.36,7.36,7.348,7.351,394.83
2025-10-22 03:00:00,1761102000000,7.346,7.346,7.321,7.33,1975.14
2025-10-22 03:05:00,1761102300000,7.33,7.36,7.323,7.355,1334.49
2025-10-22 03:10:00,1761102600000,7.356,7.386,7.35,7.373,2258.22
2025-10-22 03:15:00,1761102900000,7.371,7.386,7.361,7.383,1300.3
2025-10-22 03:20:00,1761103200000,7.381,7.381,7.357,7.365,1056.7
2025-10-22 03:25:00,1761103500000,7.366,7.406,7.366,7.399,2588.52
2025-10-22 03:30:00,1761103800000,7.401,7.407,7.366,7.366,1021.3
2025-10-22 03:35:00,1761104100000,7.363,7.368,7.357,7.36,690.85
2025-10-22 03:40:00,1761104400000,7.357,7.385,7.353,7.381,631.72
2025-10-22 03:45:00,1761104700000,7.379,7.39,7.373,7.38,497.78
2025-10-22 03:50:00,1761105000000,7.378,7.397,7.372,7.376,534.7
2025-10-22 03:55:00,1761105300000,7.373,7.401,7.367,7.374,1905.25
2025-10-22 04:00:00,1761105600000,7.37,7.391,7.356,7.364,1874.36
2025-10-22 04:05:00,1761105900000,7.363,7.388,7.346,7.372,1361.96
2025-10-22 04:10:00,1761106200000,7.372,7.395,7.368,7.388,2284.88
2025-10-22 04:15:00,1761106500000,7.391,7.401,7.373,7.397,958.4
2025-10-22 04:20:00,1761106800000,7.399,7.407,7.379,7.381,1030.95
2025-10-22 04:25:00,1761107100000,7.38,7.4,7.378,7.397,1096.21
2025-10-22 04:30:00,1761107400000,7.397,7.398,7.36,7.363,3597.34
2025-10-22 04:35:00,1761107700000,7.362,7.376,7.349,7.376,1876.1
2025-10-22 04:40:00,1761108000000,7.378,7.379,7.35,7.362,1047.13
2025-10-22 04:45:00,1761108300000,7.361,7.382,7.343,7.359,3086.18
2025-10-22 04:50:00,1761108600000,7.36,7.565,7.353,7.534,17837.78
2025-10-22 04:55:00,1761108900000,7.537,7.549,7.472,7.522,3785.26
2025-10-22 05:00:00,1761109200000,7.526,7.526,7.46,7.499,2264.16
2025-10-22 05:05:00,1761109500000,7.497,7.555,7.494,7.5,3207.55
2025-10-22 05:10:00,1761109800000,7.499,7.506,7.462,7.478,3347.24
2025-10-22 05:15:00,1761110100000,7.478,7.478,7.444,7.456,2850.91
2025-10-22 05:20:00,1761110400000,7.456,7.469,7.44,7.461,1064.28
2025-10-22 05:25:00,1761110700000,7.462,7.47,7.423,7.437,1589.5
2025-10-22 05:30:00,1761111000000,7.44,7.44,7.393,7.433,1554.14
2025-10-22 05:35:00,1761111300000,7.436,7.459,7.428,7.454,2642.61
2025-10-22 05:40:00,1761111600000,7.455,7.479,7.44,7.446,3327.67
2025-10-22 05:45:00,1761111900000,7.442,7.482,7.442,7.465,653.52
2025-10-22 05:50:00,1761112200000,7.462,7.468,7.448,7.461,1576.48
2025-10-22 05:55:00,1761112500000,7.461,7.461,7.443,7.453,1339.39
2025-10-22 06:00:00,1761112800000,7.452,7.463,7.444,7.445,1174.0
2025-10-22 06:05:00,1761113100000,7.445,7.45,7.423,7.436,1680.88
2025-10-22 06:10:00,1761113400000,7.435,7.438,7.414,7.422,1148.01
2025-10-22 06:15:00,1761113700000,7.42,7.462,7.419,7.45,4087.73
2025-10-22 06:20:00,1761114000000,7.452,7.474,7.445,7.457,2566.36
2025-10-22 06:25:00,1761114300000,7.458,7.46,7.43,7.431,844.66
2025-10-22 06:30:00,1761114600000,7.427,7.44,7.422,7.439,800.46
2025-10-22 06:35:00,1761114900000,7.437,7.437,7.405,7.409,1117.29
2025-10-22 06:40:00,1761115200000,7.406,7.413,7.396,7.398,752.46
2025-10-22 06:45:00,1761115500000,7.396,7.423,7.394,7.423,1876.99
2025-10-22 06:50:00,1761115800000,7.419,7.42,7.39,7.401,2101.3
2025-10-22 06:55:00,1761116100000,7.405,7.414,7.391,7.407,3821.99
2025-10-22 07:00:00,1761116400000,7.408,7.408,7.381,7.383,3245.27
2025-10-22 07:05:00,1761116700000,7.385,7.403,7.383,7.391,2266.25
2025-10-22 07:10:00,1761117000000,7.391,7.392,7.361,7.37,2383.41
2025-10-22 07:15:00,1761117300000,7.368,7.389,7.366,7.379,2495.69
2025-10-22 07:20:00,1761117600000,7.379,7.379,7.347,7.365,3007.1
2025-10-22 07:25:00,1761117900000,7.358,7.376,7.345,7.366,3861.06
2025-10-22 07:30:00,1761118200000,7.366,7.376,7.352,7.355,2437.72
2025-10-22 07:35:00,1761118500000,7.358,7.373,7.341,7.369,5275.74
2025-10-22 07:40:00,1761118800000,7.371,7.416,7.37,7.414,5197.27
2025-10-22 07:45:00,1761119100000,7.414,7.481,7.401,7.475,7341.73
2025-10-22 07:50:00,1761119400000,7.475,7.486,7.433,7.434,3126.41
2025-10-22 07:55:00,1761119700000,7.434,7.465,7.413,7.451,6093.72
2025-10-22 08:00:00,1761120000000,7.454,7.457,7.421,7.422,3767.96
2025-10-22 08:05:00,1761120300000,7.42,7.456,7.401,7.455,2562.52
2025-10-22 08:10:00,1761120600000,7.452,7.479,7.437,7.457,4182.53
2025-10-22 08:15:00,1761120900000,7.458,7.564,7.449,7.549,9293.75
2025-10-22 08:20:00,1761121200000,7.542,7.563,7.486,7.488,7627.89
2025-10-22 08:25:00,1761121500000,7.488,7.517,7.488,7.514,2894.34
2025-10-22 08:30:00,1761121800000,7.514,7.545,7.503,7.519,3311.7
2025-10-22 08:35:00,1761122100000,7.519,7.618,7.518,7.58,15928.41
2025-10-22 08:40:00,1761122400000,7.587,7.755,7.584,7.654,11993.3
2025-10-22 08:45:00,1761122700000,7.653,7.677,7.615,7.658,6358.98
2025-10-22 08:50:00,1761123000000,7.661,7.666,7.63,7.645,2073.4
2025-10-22 08:55:00,1761123300000,7.646,7.648,7.589,7.6,4607.89
2025-10-22 09:00:00,1761123600000,7.606,7.626,7.576,7.58,2657.01
2025-10-22 09:05:00,1761123900000,7.585,7.585,7.544,7.553,3352.33
2025-10-22 09:10:00,1761124200000,7.556,7.619,7.551,7.579,4722.47
2025-10-22 09:15:00,1761124500000,7.572,7.574,7.514,7.521,2466.78
2025-10-22 09:20:00,1761124800000,7.522,7.527,7.489,7.508,4633.64
2025-10-22 09:25:00,1761125100000,7.511,7.536,7.503,7.505,2816.7
2025-10-22 09:30:00,1761125400000,7.506,7.522,7.496,7.519,3248.62
2025-10-22 09:35:00,1761125700000,7.517,7.567,7.515,7.529,3874.89
2025-10-22 09:40:00,1761126000000,7.53,7.531,7.47,7.487,2468.34
2025-10-22 09:45:00,1761126300000,7.487,7.487,7.41,7.443,9682.12
2025-10-22 09:50:00,1761126600000,7.443,7.469,7.406,7.456,8538.42
2025-10-22 09:55:00,1761126900000,7.452,7.452,7.421,7.426,2139.17
2025-10-22 10:00:00,1761127200000,7.425,7.437,7.403,7.426,2408.79
2025-10-22 10:05:00,1761127500000,7.428,7.455,7.421,7.434,3270.25
2025-10-22 10:10:00,1761127800000,7.433,7.444,7.424,7.428,1783.92
2025-10-22 10:15:00,1761128100000,7.428,7.447,7.411,7.413,2585.27
2025-10-22 10:20:00,1761128400000,7.415,7.451,7.412,7.438,2791.02
2025-10-22 10:25:00,1761128700000,7.441,7.441,7.412,7.418,2110.93
2025-10-22 10:30:00,1761129000000,7.415,7.435,7.411,7.43,760.25
2025-10-22 10:35:00,1761129300000,7.421,7.46,7.421,7.433,2234.54
2025-10-22 10:40:00,1761129600000,7.437,7.448,7.416,7.42,1918.09
2025-10-22 10:45:00,1761129900000,7.42,7.425,7.414,7.422,1486.73
2025-10-22 10:50:00,1761130200000,7.422,7.445,7.414,7.421,1095.85
2025-10-22 10:55:00,1761130500000,7.418,7.427,7.407,7.426,1427.29
2025-10-22 11:00:00,1761130800000,7.428,7.445,7.393,7.432,6817.59
2025-10-22 11:05:00,1761131100000,7.431,7.467,7.425,7.433,6023.6
2025-10-22 11:10:00,1761131400000,7.433,7.489,7.432,7.481,4143.01
2025-10-22 11:15:00,1761131700000,7.48,7.558,7.456,7.55,10392.36
2025-10-22 11:20:00,1761132000000,7.549,7.616,7.547,7.559,10777.16
2025-10-22 11:25:00,1761132300000,7.558,7.558,7.502,7.508,2382.95
2025-10-22 11:30:00,1761132600000,7.508,7.538,7.506,7.509,1603.57
2025-10-22 11:35:00,1761132900000,7.509,7.537,7.509,7.535,1464.18
2025-10-22 11:40:00,1761133200000,7.533,7.54,7.504,7.522,3273.77
2025-10-22 11:45:00,1761133500000,7.518,7.518,7.456,7.456,5649.69
2025-10-22 11:50:00,1761133800000,7.456,7.482,7.448,7.482,4541.98
2025-10-22 11:55:00,1761134100000,7.479,7.499,7.467,7.49,3095.39
2025-10-22 12:00:00,1761134400000,7.491,7.497,7.472,7.482,4685.03
2025-10-22 12:05:00,1761134700000,7.482,7.517,7.465,7.487,4613.93
2025-10-22 12:10:00,1761135000000,7.485,7.487,7.465,7.467,3591.08
2025-10-22 12:15:00,1761135300000,7.469,7.498,7.469,7.475,2145.23
2025-10-22 12:20:00,1761135600000,7.477,7.477,7.458,7.466,2103.4
2025-10-22 12:25:00,1761135900000,7.467,7.484,7.467,7.476,2451.11
2025-10-22 12:30:00,1761136200000,7.475,7.485,7.463,7.482,3513.57
2025-10-22 12:35:00,1761136500000,7.479,7.524,7.469,7.508,6196.12
2025-10-22 12:40:00,1761136800000,7.508,7.513,7.476,7.484,2431.22
2025-10-22 12:45:00,1761137100000,7.485,7.491,7.456,7.473,3493.67
2025-10-22 12:50:00,1761137400000,7.473,7.536,7.464,7.516,4603.32
2025-10-22 12:55:00,1761137700000,7.516,7.534,7.511,7.517,3236.62
2025-10-22 13:00:00,1761138000000,7.516,7.528,7.504,7.513,4638.68
2025-10-22 13:05:00,1761138300000,7.512,7.53,7.509,7.521,1687.09
2025-10-22 13:10:00,1761138600000,7.52,7.558,7.516,7.547,3528.28
2025-10-22 13:15:00,1761138900000,7.547,7.547,7.508,7.527,4083.24
2025-10-22 13:20:00,1761139200000,7.529,7.529,7.5,7.512,5986.36
2025-10-22 13:25:00,1761139500000,7.512,7.524,7.499,7.501,2909.52
2025-10-22 13:30:00,1761139800000,7.502,7.523,7.483,7.521,3319.02
2025-10-22 13:35:00,1761140100000,7.521,7.579,7.5,7.573,10237.54
2025-10-22 13:40:00,1761140400000,7.578,7.59,7.558,7.561,6933.56
2025-10-22 13:45:00,1761140700000,7.562,7.578,7.539,7.543,5441.65
2025-10-22 13:50:00,1761141000000,7.541,7.567,7.525,7.562,3445.27
2025-10-22 13:55:00,1761141300000,7.564,7.613,7.543,7.597,4831.04
2025-10-22 14:00:00,1761141600000,7.597,7.668,7.588,7.643,9640.17
2025-10-22 14:05:00,1761141900000,7.639,7.681,7.624,7.638,6227.79
2025-10-22 14:10:00,1761142200000,7.641,7.649,7.61,7.625,3951.69
2025-10-22 14:15:00,1761142500000,7.625,7.63,7.574,7.576,4707.54
2025-10-22 14:20:00,1761142800000,7.578,7.58,7.539,7.565,10237.3
2025-10-22 14:25:00,1761143100000,7.565,7.61,7.558,7.583,7357.96
2025-10-22 14:30:00,1761143400000,7.584,7.642,7.578,7.64,10694.55
2025-10-22 14:35:00,1761143700000,7.638,7.666,7.615,7.638,5685.01
2025-10-22 14:40:00,1761144000000,7.638,7.654,7.601,7.604,3081.29
2025-10-22 14:45:00,1761144300000,7.604,7.614,7.566,7.606,5212.8
2025-10-22 14:50:00,1761144600000,7.601,7.658,7.597,7.603,7223.27
2025-10-22 14:55:00,1761144900000,7.603,7.698,7.603,7.698,5270.77
2025-10-22 15:00:00,1761145200000,7.697,7.727,7.622,7.633,5570.62
2025-10-22 15:05:00,1761145500000,7.633,7.668,7.585,7.604,12134.98
2025-10-22 15:10:00,1761145800000,7.604,7.613,7.574,7.59,5378.4
2025-10-22 15:15:00,1761146100000,7.59,7.59,7.546,7.571,3937.42
2025-10-22 15:20:00,1761146400000,7.568,7.57,7.523,7.552,8399.69
2025-10-22 15:25:00,1761146700000,7.551,7.551,7.521,7.533,4053.51
2025-10-22 15:30:00,1761147000000,7.533,7.548,7.483,7.494,5409.37
2025-10-22 15:35:00,1761147300000,7.494,7.547,7.465,7.53,8622.47
2025-10-22 15:40:00,1761147600000,7.527,7.548,7.5,7.545,6952.78
2025-10-22 15:45:00,1761147900000,7.543,7.572,7.534,7.567,4477.47
2025-10-22 15:50:00,1761148200000,7.567,7.582,7.548,7.565,4259.53
2025-10-22 15:55:00,1761148500000,7.564,7.574,7.536,7.548,3862.69
2025-10-22 16:00:00,1761148800000,7.545,7.572,7.536,7.554,5191.17
2025-10-22 16:05:00,1761149100000,7.557,7.572,7.546,7.553,4084.84
2025-10-22 16:10:00,1761149400000,7.553,7.568,7.537,7.54,4924.6
2025-10-22 16:15:00,1761149700000,7.542,7.581,7.528,7.564,7081.53
2025-10-22 16:20:00,1761150000000,7.565,7.602,7.537,7.594,4428.61
2025-10-22 16:25:00,1761150300000,7.593,7.699,7.574,7.68,10301.8
2025-10-22 16:30:00,1761150600000,7.678,7.709,7.586,7.709,15180.35
2025-10-22 16:35:00,1761150900000,7.709,7.715,7.644,7.701,5712.31
2025-10-22 16:40:00,1761151200000,7.7,7.702,7.614,7.646,5097.43
2025-10-22 16:45:00,1761151500000,7.649,7.672,7.61,7.621,3183.15
2025-10-22 16:50:00,1761151800000,7.621,7.661,7.609,7.659,8974.02
2025-10-22 16:55:00,1761152100000,7.661,7.679,7.624,7.63,5158.79
2025-10-22 17:00:00,1761152400000,7.627,7.64,7.594,7.604,4024.7
2025-10-22 17:05:00,1761152700000,7.601,7.632,7.598,7.614,4359.49
2025-10-22 17:10:00,1761153000000,7.614,7.616,7.553,7.554,5604.97
2025-10-22 17:15:00,1761153300000,7.554,7.577,7.529,7.538,7431.81
2025-10-22 17:20:00,1761153600000,7.537,7.565,7.525,7.554,4063.0
2025-10-22 17:25:00,1761153900000,7.556,7.584,7.544,7.574,2838.89
2025-10-22 17:30:00,1761154200000,7.572,7.592,7.558,7.585,2018.35
2025-10-22 17:35:00,1761154500000,7.588,7.608,7.565,7.59,4126.95
2025-10-22 17:40:00,1761154800000,7.592,7.604,7.533,7.566,4643.22
2025-10-22 17:45:00,1761155100000,7.565,7.578,7.547,7.573,2721.27
2025-10-22 17:50:00,1761155400000,7.575,7.606,7.562,7.599,3673.04
2025-10-22 17:55:00,1761155700000,7.599,7.602,7.558,7.584,3868.03
2025-10-22 18:00:00,1761156000000,7.582,7.595,7.565,7.585,3269.9
2025-10-22 18:05:00,1761156300000,7.584,7.64,7.584,7.637,3129.78
2025-10-22 18:10:00,1761156600000,7.635,7.651,7.584,7.588,4700.79
2025-10-22 18:15:00,1761156900000,7.587,7.603,7.56,7.598,2802.21
2025-10-22 18:20:00,1761157200000,7.6,7.639,7.595,7.6,3844.9
2025-10-22 18:25:00,1761157500000,7.602,7.614,7.581,7.602,3027.74
2025-10-22 18:30:00,1761157800000,7.6,7.603,7.565,7.571,2769.84
2025-10-22 18:35:00,1761158100000,7.573,7.607,7.573,7.584,2654.31
2025-10-22 18:40:00,1761158400000,7.583,7.583,7.541,7.544,3126.96
2025-10-22 18:45:00,1761158700000,7.544,7.555,7.516,7.541,3147.18
2025-10-22 18:50:00,1761159000000,7.539,7.557,7.518,7.547,4535.72
2025-10-22 18:55:00,1761159300000,7.546,7.556,7.521,7.536,6895.9
2025-10-22 19:00:00,1761159600000,7.533,7.579,7.518,7.577,4567.35
2025-10-22 19:05:00,1761159900000,7.575,7.632,7.575,7.622,5539.73
2025-10-22 19:10:00,1761160200000,7.618,7.625,7.584,7.597,8771.04
2025-10-22 19:15:00,1761160500000,7.599,7.602,7.508,7.566,11185.77
2025-10-22 19:20:00,1761160800000,7.567,7.582,7.545,7.547,3413.53
2025-10-22 19:25:00,1761161100000,7.547,7.562,7.541,7.557,2538.89
2025-10-22 19:30:00,1761161400000,7.559,7.571,7.539,7.557,4011.64
2025-10-22 19:35:00,1761161700000,7.557,7.561,7.54,7.545,2273.91
2025-10-22 19:40:00,1761162000000,7.545,7.549,7.504,7.508,4447.75
2025-10-22 19:45:00,1761162300000,7.506,7.524,7.492,7.496,3037.22
2025-10-22 19:50:00,1761162600000,7.498,7.529,7.498,7.512,4341.6
2025-10-22 19:55:00,1761162900000,7.513,7.531,7.45,7.515,5659.21
2025-10-22 20:00:00,1761163200000,7.516,7.545,7.507,7.517,4148.33
2025-10-22 20:05:00,1761163500000,7.516,7.553,7.508,7.546,4658.04
2025-10-22 20:10:00,1761163800000,7.548,7.554,7.522,7.543,2773.54
2025-10-22 20:15:00,1761164100000,7.544,7.551,7.524,7.524,2124.33
2025-10-22 20:20:00,1761164400000,7.523,7.528,7.495,7.509,3001.18
2025-10-22 20:25:00,1761164700000,7.507,7.532,7.48,7.522,3290.18
2025-10-22 20:30:00,1761165000000,7.519,7.544,7.5,7.526,2907.52
2025-10-22 20:35:00,1761165300000,7.527,7.528,7.505,7.518,2872.76
2025-10-22 20:40:00,1761165600000,7.514,7.534,7.508,7.527,1757.08
2025-10-22 20:45:00,1761165900000,7.528,7.534,7.511,7.515,833.12
2025-10-22 20:50:00,1761166200000,7.513,7.518,7.482,7.493,2151.2
2025-10-22 20:55:00,1761166500000,7.497,7.517,7.494,7.514,1010.37
2025-10-22 21:00:00,1761166800000,7.515,7.518,7.472,7.509,4059.57
2025-10-22 21:05:00,1761167100000,7.509,7.511,7.441,7.465,4628.91
2025-10-22 21:10:00,1761167400000,7.456,7.498,7.42,7.481,6959.62
2025-10-22 21:15:00,1761167700000,7.478,7.514,7.454,7.457,6222.0
2025-10-22 21:20:00,1761168000000,7.457,7.484,7.443,7.449,2659.73
2025-10-22 21:25:00,1761168300000,7.446,7.446,7.402,7.413,7240.87
2025-10-22 21:30:00,1761168600000,7.415,7.462,7.411,7.424,2976.3
2025-10-22 21:35:00,1761168900000,7.423,7.448,7.413,7.444,1595.19
2025-10-22 21:40:00,1761169200000,7.443,7.466,7.424,7.451,2104.5
2025-10-22 21:45:00,1761169500000,7.453,7.456,7.444,7.453,855.12
2025-10-22 21:50:00,1761169800000,7.456,7.469,7.451,7.464,1094.51
2025-10-22 21:55:00,1761170100000,7.462,7.463,7.445,7.446,601.17
2025-10-22 22:00:00,1761170400000,7.446,7.468,7.435,7.455,4243.51
2025-10-22 22:05:00,1761170700000,7.453,7.464,7.401,7.426,3212.56
2025-10-22 22:10:00,1761171000000,7.423,7.423,7.402,7.409,1940.79
2025-10-22 22:15:00,1761171300000,7.406,7.415,7.382,7.397,2907.35
2025-10-22 22:20:00,1761171600000,7.395,7.417,7.38,7.399,1912.17
2025-10-22 22:25:00,1761171900000,7.397,7.417,7.381,7.381,1416.64
2025-10-22 22:30:00,1761172200000,7.383,7.407,7.376,7.406,1795.98
2025-10-22 22:35:00,1761172500000,7.405,7.422,7.397,7.406,1504.42
2025-10-22 22:40:00,1761172800000,7.407,7.433,7.407,7.411,1405.06
2025-10-22 22:45:00,1761173100000,7.41,7.41,7.345,7.351,6035.06
2025-10-22 22:50:00,1761173400000,7.351,7.379,7.345,7.354,9396.82
2025-10-22 22:55:00,1761173700000,7.353,7.379,7.351,7.353,5195.89
2025-10-22 23:00:00,1761174000000,7.353,7.396,7.352,7.379,4762.31
2025-10-22 23:05:00,1761174300000,7.38,7.4,7.377,7.387,1591.55
2025-10-22 23:10:00,1761174600000,7.389,7.405,7.386,7.386,2524.58
2025-10-22 23:15:00,1761174900000,7.385,7.429,7.384,7.423,2104.03
2025-10-22 23:20:00,1761175200000,7.423,7.429,7.398,7.399,2041.51
2025-10-22 23:25:00,1761175500000,7.4,7.445,7.4,7.425,4579.31
2025-10-22 23:30:00,1761175800000,7.426,7.475,7.426,7.472,2120.09
2025-10-22 23:35:00,1761176100000,7.471,7.509,7.462,7.502,2718.95
2025-10-22 23:40:00,1761176400000,7.501,7.501,7.471,7.475,1531.3
2025-10-22 23:45:00,1761176700000,7.477,7.493,7.473,7.488,1373.32
2025-10-22 23:50:00,1761177000000,7.488,7.49,7.475,7.49,1083.73
2025-10-22 23:55:00,1761177300000,7.49,7.516,7.478,7.486,1894.4
2025-10-23 00:00:00,1761177600000,7.486,7.486,7.382,7.385,6127.86
2025-10-23 00:05:00,1761177900000,7.386,7.392,7.352,7.357,4833.52
2025-10-23 00:10:00,1761178200000,7.358,7.417,7.356,7.402,2696.92
2025-10-23 00:15:00,1761178500000,7.402,7.426,7.391,7.406,2832.46
2025-10-23 00:20:00,1761178800000,7.406,7.406,7.371,7.383,2392.51
2025-10-23 00:25:00,1761179100000,7.386,7.388,7.36,7.374,818.35
2025-10-23 00:30:00,1761179400000,7.374,7.406,7.366,7.402,2310.49
2025-10-23 00:35:00,1761179700000,7.401,7.401,7.364,7.371,3090.56
2025-10-23 00:40:00,1761180000000,7.371,7.373,7.355,7.36,1975.34
2025-10-23 00:45:00,1761180300000,7.359,7.376,7.357,7.369,1122.58
2025-10-23 00:50:00,1761180600000,7.369,7.377,7.362,7.366,1139.04
2025-10-23 00:55:00,1761180900000,7.365,7.373,7.365,7.369,419.21
2025-10-23 01:00:00,1761181200000,7.368,7.38,7.357,7.375,1483.21
2025-10-23 01:05:00,1761181500000,7.377,7.42,7.377,7.397,2357.05
2025-10-23 01:10:00,1761181800000,7.397,7.426,7.397,7.419,3583.2
2025-10-23 01:15:00,1761182100000,7.42,7.443,7.419,7.43,2244.13
2025-10-23 01:20:00,1761182400000,7.43,7.43,7.393,7.403,1828.69
2025-10-23 01:25:00,1761182700000,7.403,7.416,7.398,7.415,1742.27
2025-10-23 01:30:00,1761183000000,7.414,7.439,7.414,7.435,1083.22
2025-10-23 01:35:00,1761183300000,7.436,7.436,7.421,7.427,1210.25
2025-10-23 01:40:00,1761183600000,7.428,7.442,7.42,7.43,1575.66
2025-10-23 01:45:00,1761183900000,7.429,7.436,7.395,7.404,1796.52
2025-10-23 01:50:00,1761184200000,7.405,7.414,7.403,7.41,923.24
2025-10-23 01:55:00,1761184500000,7.41,7.425,7.398,7.409,3925.31
2025-10-23 02:00:00,1761184800000,7.409,7.443,7.405,7.443,2570.14
2025-10-23 02:05:00,1761185100000,7.444,7.448,7.435,7.442,1148.99
2025-10-23 02:10:00,1761185400000,7.44,7.471,7.44,7.464,1628.5
2025-10-23 02:15:00,1761185700000,7.464,7.495,7.464,7.487,1948.77
2025-10-23 02:20:00,1761186000000,7.488,7.505,7.488,7.496,1319.57
2025-10-23 02:25:00,1761186300000,7.497,7.518,7.484,7.49,3808.33
2025-10-23 02:30:00,1761186600000,7.489,7.503,7.471,7.49,1693.79
2025-10-23 02:35:00,1761186900000,7.49,7.514,7.489,7.49,1218.51
2025-10-23 02:40:00,1761187200000,7.49,7.499,7.477,7.483,2081.5
2025-10-23 02:45:00,1761187500000,7.483,7.491,7.476,7.486,1297.96
2025-10-23 02:50:00,1761187800000,7.485,7.485,7.47,7.47,1111.69
2025-10-23 02:55:00,1761188100000,7.47,7.556,7.459,7.538,14692.35
2025-10-23 03:00:00,1761188400000,7.54,7.603,7.54,7.597,5919.02
2025-10-23 03:05:00,1761188700000,7.598,7.616,7.536,7.543,9744.7
2025-10-23 03:10:00,1761189000000,7.543,7.549,7.502,7.519,5752.59
2025-10-23 03:15:00,1761189300000,7.519,7.519,7.497,7.503,3215.07
2025-10-23 03:20:00,1761189600000,7.503,7.535,7.498,7.526,3532.6
2025-10-23 03:25:00,1761189900000,7.526,7.543,7.52,7.521,2217.04
2025-10-23 03:30:00,1761190200000,7.52,7.521,7.444,7.448,11010.75
2025-10-23 03:35:00,1761190500000,7.447,7.498,7.447,7.491,3370.31
2025-10-23 03:40:00,1761190800000,7.492,7.494,7.464,7.487,2134.38
2025-10-23 03:45:00,1761191100000,7.487,7.493,7.481,7.491,1004.55
2025-10-23 03:50:00,1761191400000,7.492,7.498,7.486,7.489,1393.32
2025-10-23 03:55:00,1761191700000,7.489,7.494,7.479,7.494,845.86
2025-10-23 04:00:00,1761192000000,7.495,7.514,7.486,7.5,2150.26
2025-10-23 04:05:00,1761192300000,7.499,7.505,7.494,7.497,345.34
2025-10-23 04:10:00,1761192600000,7.498,7.512,7.491,7.512,878.21
2025-10-23 04:15:00,1761192900000,7.513,7.535,7.509,7.525,3069.6
2025-10-23 04:20:00,1761193200000,7.526,7.568,7.526,7.562,4014.09
2025-10-23 04:25:00,1761193500000,7.561,7.587,7.529,7.532,6080.27
2025-10-23 04:30:00,1761193800000,7.532,7.554,7.524,7.548,2532.7
2025-10-23 04:35:00,1761194100000,7.548,7.59,7.547,7.572,4752.87
2025-10-23 04:40:00,1761194400000,7.571,7.575,7.54,7.552,3172.91
2025-10-23 04:45:00,1761194700000,7.551,7.572,7.541,7.566,1281.07
2025-10-23 04:50:00,1761195000000,7.567,7.598,7.559,7.568,2519.97
2025-10-23 04:55:00,1761195300000,7.569,7.582,7.535,7.554,5383.62
2025-10-23 05:00:00,1761195600000,7.555,7.573,7.539,7.57,3807.59
2025-10-23 05:05:00,1761195900000,7.571,7.584,7.512,7.526,3801.41
2025-10-23 05:10:00,1761196200000,7.526,7.539,7.492,7.514,5582.63
2025-10-23 05:15:00,1761196500000,7.514,7.527,7.501,7.503,3971.03
2025-10-23 05:20:00,1761196800000,7.504,7.516,7.482,7.487,3984.96
2025-10-23 05:25:00,1761197100000,7.488,7.522,7.478,7.508,5252.25
2025-10-23 05:30:00,1761197400000,7.509,7.517,7.473,7.482,2342.93
2025-10-23 05:35:00,1761197700000,7.482,7.496,7.476,7.488,2213.8
2025-10-23 05:40:00,1761198000000,7.488,7.496,7.479,7.487,2235.94
2025-10-23 05:45:00,1761198300000,7.488,7.528,7.488,7.527,2223.85
2025-10-23 05:50:00,1761198600000,7.527,7.536,7.518,7.536,1657.11
2025-10-23 05:55:00,1761198900000,7.534,7.58,7.533,7.575,1914.87
2025-10-23 06:00:00,1761199200000,7.574,7.59,7.536,7.54,3074.15
2025-10-23 06:05:00,1761199500000,7.54,7.544,7.523,7.527,2373.42
2025-10-23 06:10:00,1761199800000,7.527,7.55,7.524,7.531,3134.34
2025-10-23 06:15:00,1761200100000,7.53,7.586,7.53,7.558,4144.76
2025-10-23 06:20:00,1761200400000,7.558,7.577,7.547,7.566,3733.62
2025-10-23 06:25:00,1761200700000,7.566,7.568,7.541,7.545,2538.6
2025-10-23 06:30:00,1761201000000,7.545,7.565,7.531,7.541,3614.79
2025-10-23 06:35:00,1761201300000,7.541,7.558,7.54,7.558,1523.56
2025-10-23 06:40:00,1761201600000,7.558,7.577,7.521,7.521,7270.23
2025-10-23 06:45:00,1761201900000,7.521,7.552,7.519,7.532,4845.17
2025-10-23 06:50:00,1761202200000,7.532,7.584,7.527,7.569,4267.74
2025-10-23 06:55:00,1761202500000,7.568,7.591,7.555,7.578,1792.4
2025-10-23 07:00:00,1761202800000,7.578,7.578,7.537,7.561,4761.59
2025-10-23 07:05:00,1761203100000,7.561,7.684,7.561,7.659,11899.4
2025-10-23 07:10:00,1761203400000,7.659,7.669,7.604,7.614,5226.76
2025-10-23 07:15:00,1761203700000,7.614,7.62,7.552,7.552,6972.62
2025-10-23 07:20:00,1761204000000,7.553,7.569,7.544,7.558,4613.47
2025-10-23 07:25:00,1761204300000,7.558,7.57,7.54,7.558,3404.64
2025-10-23 07:30:00,1761204600000,7.559,7.567,7.539,7.554,2915.85
2025-10-23 07:35:00,1761204900000,7.555,7.557,7.534,7.537,2409.85
2025-10-23 07:40:00,1761205200000,7.539,7.572,7.539,7.562,2951.32
2025-10-23 07:45:00,1761205500000,7.56,7.585,7.557,7.561,2092.0
2025-10-23 07:50:00,1761205800000,7.56,7.569,7.544,7.553,2863.26
2025-10-23 07:55:00,1761206100000,7.555,7.558,7.517,7.55,6551.73
2025-10-23 08:00:00,1761206400000,7.549,7.549,7.501,7.511,10948.06
2025-10-23 08:05:00,1761206700000,7.511,7.544,7.503,7.506,4794.4
2025-10-23 08:10:00,1761207000000,7.508,7.523,7.495,7.496,2088.94
2025-10-23 08:15:00,1761207300000,7.495,7.535,7.49,7.508,2569.04
2025-10-23 08:20:00,1761207600000,7.51,7.534,7.51,7.523,1471.51
2025-10-23 08:25:00,1761207900000,7.523,7.531,7.511,7.525,1788.53
2025-10-23 08:30:00,1761208200000,7.524,7.524,7.499,7.499,1673.29
2025-10-23 08:35:00,1761208500000,7.499,7.5,7.457,7.488,8456.07
2025-10-23 08:40:00,1761208800000,7.49,7.498,7.445,7.464,6241.03
2025-10-23 08:45:00,1761209100000,7.465,7.482,7.456,7.462,2782.71
2025-10-23 08:50:00,1761209400000,7.462,7.488,7.447,7.463,5772.91
2025-10-23 08:55:00,1761209700000,7.463,7.463,7.445,7.452,1436.73
2025-10-23 09:00:00,1761210000000,7.451,7.454,7.442,7.448,1357.42
2025-10-23 09:05:00,1761210300000,7.447,7.465,7.445,7.452,1507.84
2025-10-23 09:10:00,1761210600000,7.451,7.454,7.422,7.437,3502.44
2025-10-23 09:15:00,1761210900000,7.438,7.447,7.432,7.44,1078.1
2025-10-23 09:20:00,1761211200000,7.439,7.441,7.425,7.434,983.38
2025-10-23 09:25:00,1761211500000,7.434,7.443,7.423,7.433,793.26
2025-10-23 09:30:00,1761211800000,7.433,7.438,7.423,7.43,1920.86
2025-10-23 09:35:00,1761212100000,7.429,7.438,7.423,7.426,1800.18
2025-10-23 09:40:00,1761212400000,7.426,7.433,7.419,7.42,1635.07
2025-10-23 09:45:00,1761212700000,7.419,7.419,7.34,7.34,7860.9
2025-10-23 09:50:00,1761213000000,7.339,7.379,7.323,7.363,9349.8
2025-10-23 09:55:00,1761213300000,7.363,7.375,7.347,7.354,1070.29
2025-10-23 10:00:00,1761213600000,7.355,7.365,7.338,7.355,1668.1
2025-10-23 10:05:00,1761213900000,7.354,7.367,7.338,7.351,946.83
2025-10-23 10:10:00,1761214200000,7.351,7.375,7.341,7.372,1879.97
2025-10-23 10:15:00,1761214500000,7.373,7.4,7.361,7.385,2977.97
2025-10-23 10:20:00,1761214800000,7.385,7.392,7.37,7.389,1253.93
2025-10-23 10:25:00,1761215100000,7.389,7.393,7.382,7.384,1369.6
2025-10-23 10:30:00,1761215400000,7.384,7.398,7.36,7.386,3792.12
2025-10-23 10:35:00,1761215700000,7.389,7.406,7.365,7.375,1902.45
2025-10-23 10:40:00,1761216000000,7.376,7.387,7.372,7.374,284.94
2025-10-23 10:45:00,1761216300000,7.375,7.38,7.365,7.365,575.06
2025-10-23 10:50:00,1761216600000,7.365,7.39,7.365,7.379,1082.82
2025-10-23 10:55:00,1761216900000,7.379,7.38,7.363,7.363,1650.77
2025-10-23 11:00:00,1761217200000,7.363,7.386,7.337,7.384,2633.85
2025-10-23 11:05:00,1761217500000,7.385,7.392,7.339,7.363,1963.88
2025-10-23 11:10:00,1761217800000,7.364,7.402,7.361,7.397,1754.47
2025-10-23 11:15:00,1761218100000,7.395,7.409,7.386,7.4,1370.31
2025-10-23 11:20:00,1761218400000,7.404,7.418,7.376,7.381,2739.08
2025-10-23 11:25:00,1761218700000,7.385,7.421,7.379,7.406,3279.01
2025-10-23 11:30:00,1761219000000,7.406,7.415,7.38,7.387,4510.97
2025-10-23 11:35:00,1761219300000,7.387,7.405,7.365,7.393,3124.15
2025-10-23 11:40:00,1761219600000,7.393,7.393,7.347,7.354,4518.34
2025-10-23 11:45:00,1761219900000,7.353,7.364,7.337,7.364,3315.9
2025-10-23 11:50:00,1761220200000,7.364,7.371,7.338,7.369,3071.39
2025-10-23 11:55:00,1761220500000,7.37,7.384,7.363,7.368,1689.22
2025-10-23 12:00:00,1761220800000,7.367,7.371,7.283,7.283,7863.1
2025-10-23 12:05:00,1761221100000,7.283,7.3,7.184,7.204,16979.94
2025-10-23 12:10:00,1761221400000,7.205,7.238,7.186,7.205,9679.21
2025-10-23 12:15:00,1761221700000,7.206,7.247,7.189,7.242,3696.65
2025-10-23 12:20:00,1761222000000,7.242,7.287,7.226,7.269,9509.91
2025-10-23 12:25:00,1761222300000,7.268,7.299,7.257,7.261,3180.23
2025-10-23 12:30:00,1761222600000,7.258,7.283,7.196,7.231,8207.31
2025-10-23 12:35:00,1761222900000,7.231,7.243,7.209,7.216,1344.28
2025-10-23 12:40:00,1761223200000,7.216,7.243,7.214,7.226,3226.76
2025-10-23 12:45:00,1761223500000,7.225,7.264,7.224,7.237,3653.89
2025-10-23 12:50:00,1761223800000,7.237,7.241,7.215,7.219,1215.37
2025-10-23 12:55:00,1761224100000,7.22,7.238,7.205,7.238,869.75
2025-10-23 13:00:00,1761224400000,7.239,7.272,7.223,7.244,5382.78
2025-10-23 13:05:00,1761224700000,7.244,7.246,7.211,7.211,1431.78
2025-10-23 13:10:00,1761225000000,7.212,7.241,7.208,7.239,579.57
2025-10-23 13:15:00,1761225300000,7.239,7.254,7.215,7.23,2985.25
2025-10-23 13:20:00,1761225600000,7.23,7.24,7.214,7.233,2825.6
2025-10-23 13:25:00,1761225900000,7.232,7.259,7.219,7.24,4628.92
2025-10-23 13:30:00,1761226200000,7.235,7.261,7.212,7.257,3169.55
2025-10-23 13:35:00,1761226500000,7.257,7.286,7.247,7.274,3551.09
2025-10-23 13:40:00,1761226800000,7.275,7.275,7.224,7.237,1993.65
2025-10-23 13:45:00,1761227100000,7.238,7.278,7.232,7.261,3415.14
2025-10-23 13:50:00,1761227400000,7.26,7.266,7.242,7.258,2609.15
2025-10-23 13:55:00,1761227700000,7.259,7.265,7.237,7.253,1942.0
2025-10-23 14:00:00,1761228000000,7.255,7.258,7.217,7.23,3414.79
2025-10-23 14:05:00,1761228300000,7.23,7.23,7.172,7.193,3928.13
2025-10-23 14:10:00,1761228600000,7.192,7.205,7.164,7.173,5921.06
2025-10-23 14:15:00,1761228900000,7.173,7.182,7.125,7.129,12865.12
2025-10-23 14:20:00,1761229200000,7.129,7.155,7.091,7.152,7217.53
2025-10-23 14:25:00,1761229500000,7.15,7.177,7.117,7.124,7228.62
2025-10-23 14:30:00,1761229800000,7.126,7.227,7.126,7.22,9034.46
2025-10-23 14:35:00,1761230100000,7.218,7.258,7.217,7.242,4212.28
2025-10-23 14:40:00,1761230400000,7.243,7.244,7.195,7.208,3562.01
2025-10-23 14:45:00,1761230700000,7.207,7.214,7.161,7.191,3712.82
2025-10-23 14:50:00,1761231000000,7.194,7.201,7.168,7.172,1396.44
2025-10-23 14:55:00,1761231300000,7.172,7.208,7.167,7.197,3064.49
2025-10-23 15:00:00,1761231600000,7.197,7.198,7.158,7.161,1998.63
2025-10-23 15:05:00,1761231900000,7.162,7.258,7.162,7.255,11869.6
2025-10-23 15:10:00,1761232200000,7.257,7.324,7.254,7.302,7403.54
2025-10-23 15:15:00,1761232500000,7.302,7.336,7.267,7.282,3780.4
2025-10-23 15:20:00,1761232800000,7.282,7.319,7.275,7.319,1907.47
2025-10-23 15:25:00,1761233100000,7.319,7.322,7.288,7.306,3121.32
2025-10-23 15:30:00,1761233400000,7.305,7.357,7.303,7.348,2948.29
2025-10-23 15:35:00,1761233700000,7.346,7.39,7.337,7.381,9290.7
2025-10-23 15:40:00,1761234000000,7.382,7.398,7.338,7.339,2942.19
2025-10-23 15:45:00,1761234300000,7.339,7.375,7.334,7.375,765.98
2025-10-23 15:50:00,1761234600000,7.374,7.388,7.361,7.378,3635.58
2025-10-23 15:55:00,1761234900000,7.377,7.382,7.353,7.359,2547.66
2025-10-23 16:00:00,1761235200000,7.359,7.403,7.353,7.383,2459.97
2025-10-23 16:05:00,1761235500000,7.385,7.409,7.383,7.389,3197.15
2025-10-23 16:10:00,1761235800000,7.392,7.402,7.364,7.393,4265.72
2025-10-23 16:15:00,1761236100000,7.391,7.4,7.37,7.372,1505.45
2025-10-23 16:20:00,1761236400000,7.373,7.378,7.362,7.365,1966.25
2025-10-23 16:25:00,1761236700000,7.366,7.387,7.321,7.343,9985.5
2025-10-23 16:30:00,1761237000000,7.343,7.378,7.342,7.344,2640.3
2025-10-23 16:35:00,1761237300000,7.343,7.345,7.288,7.307,5557.05
2025-10-23 16:40:00,1761237600000,7.308,7.324,7.304,7.307,3144.36
2025-10-23 16:45:00,1761237900000,7.307,7.323,7.294,7.316,1863.26
2025-10-23 16:50:00,1761238200000,7.318,7.379,7.314,7.377,3345.41
2025-10-23 16:55:00,1761238500000,7.379,7.407,7.354,7.368,6552.47
2025-10-23 17:00:00,1761238800000,7.368,7.369,7.32,7.324,3305.89
2025-10-23 17:05:00,1761239100000,7.324,7.324,7.276,7.301,3670.26
2025-10-23 17:10:00,1761239400000,7.301,7.335,7.297,7.335,2063.79
2025-10-23 17:15:00,1761239700000,7.334,7.412,7.326,7.411,7620.92
2025-10-23 17:20:00,1761240000000,7.411,7.461,7.399,7.427,5375.07
2025-10-23 17:25:00,1761240300000,7.428,7.442,7.412,7.438,2102.07
2025-10-23 17:30:00,1761240600000,7.435,7.445,7.421,7.438,1218.83
2025-10-23 17:35:00,1761240900000,7.438,7.491,7.438,7.48,2539.21
2025-10-23 17:40:00,1761241200000,7.481,7.497,7.473,7.476,2045.73
2025-10-23 17:45:00,1761241500000,7.477,7.497,7.466,7.47,5986.53
2025-10-23 17:50:00,1761241800000,7.469,7.488,7.445,7.471,3486.53
2025-10-23 17:55:00,1761242100000,7.472,7.472,7.435,7.448,1731.36
2025-10-23 18:00:00,1761242400000,7.447,7.471,7.424,7.427,2952.5
2025-10-23 18:05:00,1761242700000,7.429,7.441,7.406,7.414,1992.43
2025-10-23 18:10:00,1761243000000,7.414,7.444,7.414,7.434,3385.29
2025-10-23 18:15:00,1761243300000,7.435,7.455,7.423,7.432,2954.15
2025-10-23 18:20:00,1761243600000,7.431,7.439,7.402,7.407,1121.43
2025-10-23 18:25:00,1761243900000,7.408,7.419,7.396,7.402,1595.21
2025-10-23 18:30:00,1761244200000,7.402,7.42,7.379,7.404,1177.85
2025-10-23 18:35:00,1761244500000,7.404,7.414,7.385,7.41,837.65
2025-10-23 18:40:00,1761244800000,7.409,7.435,7.404,7.42,2746.86
2025-10-23 18:45:00,1761245100000,7.421,7.438,7.415,7.429,1566.8
2025-10-23 18:50:00,1761245400000,7.43,7.43,7.405,7.424,1291.4
2025-10-23 18:55:00,1761245700000,7.424,7.438,7.406,7.411,2087.9
2025-10-23 19:00:00,1761246000000,7.412,7.423,7.395,7.4,2808.87
2025-10-23 19:05:00,1761246300000,7.4,7.417,7.379,7.401,2738.04
2025-10-23 19:10:00,1761246600000,7.4,7.415,7.382,7.405,1907.58
2025-10-23 19:15:00,1761246900000,7.407,7.411,7.379,7.381,1691.42
2025-10-23 19:20:00,1761247200000,7.381,7.426,7.378,7.422,2405.24
2025-10-23 19:25:00,1761247500000,7.421,7.432,7.399,7.404,2734.18
2025-10-23 19:30:00,1761247800000,7.402,7.405,7.388,7.394,1475.35
2025-10-23 19:35:00,1761248100000,7.395,7.402,7.387,7.392,921.06
2025-10-23 19:40:00,1761248400000,7.394,7.404,7.387,7.402,568.09
2025-10-23 19:45:00,1761248700000,7.403,7.409,7.38,7.389,2511.57
2025-10-23 19:50:00,1761249000000,7.388,7.4,7.375,7.399,1410.8
2025-10-23 19:55:00,1761249300000,7.399,7.403,7.383,7.397,1526.37
2025-10-23 20:00:00,1761249600000,7.395,7.402,7.377,7.392,1292.37
2025-10-23 20:05:00,1761249900000,7.392,7.406,7.383,7.395,675.91
2025-10-23 20:10:00,1761250200000,7.396,7.402,7.376,7.381,1019.64
2025-10-23 20:15:00,1761250500000,7.382,7.389,7.376,7.385,1340.06
2025-10-23 20:20:00,1761250800000,7.384,7.396,7.38,7.381,1194.61
2025-10-23 20:25:00,1761251100000,7.38,7.382,7.371,7.374,1043.67
2025-10-23 20:30:00,1761251400000,7.375,7.378,7.353,7.364,1688.11
2025-10-23 20:35:00,1761251700000,7.365,7.378,7.362,7.364,582.13
2025-10-23 20:40:00,1761252000000,7.364,7.366,7.336,7.351,1306.05
2025-10-23 20:45:00,1761252300000,7.354,7.359,7.344,7.355,434.37
2025-10-23 20:50:00,1761252600000,7.356,7.367,7.356,7.365,791.2
2025-10-23 20:55:00,1761252900000,7.366,7.376,7.284,7.31,4208.18
2025-10-23 21:00:00,1761253200000,7.31,7.346,7.308,7.343,2165.91
2025-10-23 21:05:00,1761253500000,7.345,7.353,7.339,7.348,616.41
2025-10-23 21:10:00,1761253800000,7.329,7.354,7.323,7.353,658.67
2025-10-23 21:15:00,1761254100000,7.356,7.375,7.351,7.364,240.72
2025-10-23 21:20:00,1761254400000,7.359,7.359,7.325,7.334,578.79
2025-10-23 21:25:00,1761254700000,7.34,7.341,7.333,7.341,437.26
2025-10-23 21:30:00,1761255000000,7.328,7.341,7.325,7.332,253.34
2025-10-23 21:35:00,1761255300000,7.333,7.347,7.326,7.326,411.87
2025-10-23 21:40:00,1761255600000,7.323,7.342,7.322,7.331,857.39
2025-10-23 21:45:00,1761255900000,7.338,7.338,7.325,7.33,310.92
2025-10-23 21:50:00,1761256200000,7.328,7.328,7.324,7.324,17.3
2025-10-23 21:55:00,1761256500000,7.325,7.348,7.325,7.334,546.64
2025-10-23 22:00:00,1761256800000,7.333,7.357,7.315,7.326,1317.3
2025-10-23 22:05:00,1761257100000,7.326,7.341,7.309,7.325,620.34
2025-10-23 22:10:00,1761257400000,7.326,7.33,7.316,7.325,411.17
2025-10-23 22:15:00,1761257700000,7.325,7.335,7.315,7.317,243.58
2025-10-23 22:20:00,1761258000000,7.317,7.321,7.309,7.314,741.46
2025-10-23 22:25:00,1761258300000,7.311,7.32,7.305,7.32,218.61
2025-10-23 22:30:00,1761258600000,7.321,7.346,7.309,7.333,3654.29
2025-10-23 22:35:00,1761258900000,7.336,7.337,7.323,7.33,468.43
2025-10-23 22:40:00,1761259200000,7.329,7.329,7.313,7.315,712.31
2025-10-23 22:45:00,1761259500000,7.314,7.325,7.31,7.319,1259.91
2025-10-23 22:50:00,1761259800000,7.32,7.334,7.32,7.331,1274.83
2025-10-23 22:55:00,1761260100000,7.331,7.334,7.319,7.327,442.5
2025-10-23 23:00:00,1761260400000,7.327,7.344,7.313,7.334,2522.16
2025-10-23 23:05:00,1761260700000,7.339,7.343,7.319,7.332,1505.43
2025-10-23 23:10:00,1761261000000,7.33,7.356,7.328,7.35,1730.36
2025-10-23 23:15:00,1761261300000,7.347,7.35,7.334,7.338,336.85
2025-10-23 23:20:00,1761261600000,7.338,7.349,7.332,7.343,491.98
2025-10-23 23:25:00,1761261900000,7.341,7.342,7.316,7.33,1308.12
2025-10-23 23:30:00,1761262200000,7.331,7.332,7.315,7.319,1465.81
2025-10-23 23:35:00,1761262500000,7.318,7.321,7.308,7.314,876.95
2025-10-23 23:40:00,1761262800000,7.312,7.319,7.312,7.314,108.93
2025-10-23 23:45:00,1761263100000,7.314,7.351,7.309,7.35,1757.63
2025-10-23 23:50:00,1761263400000,7.351,7.356,7.342,7.352,645.21
2025-10-23 23:55:00,1761263700000,7.352,7.363,7.342,7.349,575.56
2025-10-24 00:00:00,1761264000000,7.349,7.352,7.32,7.329,772.17
2025-10-24 00:05:00,1761264300000,7.328,7.331,7.309,7.327,489.61
2025-10-24 00:10:00,1761264600000,7.326,7.346,7.323,7.346,302.38
2025-10-24 00:15:00,1761264900000,7.345,7.345,7.314,7.335,927.48
2025-10-24 00:20:00,1761265200000,7.335,7.338,7.32,7.331,945.44
2025-10-24 00:25:00,1761265500000,7.331,7.331,7.302,7.303,1602.81
2025-10-24 00:30:00,1761265800000,7.306,7.335,7.306,7.327,922.22
2025-10-24 00:35:00,1761266100000,7.327,7.339,7.318,7.334,829.66
2025-10-24 00:40:00,1761266400000,7.333,7.343,7.325,7.325,483.72
2025-10-24 00:45:00,1761266700000,7.326,7.344,7.32,7.343,575.51
2025-10-24 00:50:00,1761267000000,7.342,7.361,7.338,7.359,1114.79
2025-10-24 00:55:00,1761267300000,7.359,7.371,7.35,7.37,633.49
2025-10-24 01:00:00,1761267600000,7.368,7.396,7.356,7.394,1508.53
2025-10-24 01:05:00,1761267900000,7.394,7.394,7.363,7.381,753.96
2025-10-24 01:10:00,1761268200000,7.381,7.4,7.376,7.392,808.93
2025-10-24 01:15:00,1761268500000,7.391,7.396,7.365,7.365,322.48
2025-10-24 01:20:00,1761268800000,7.365,7.365,7.357,7.36,354.71
2025-10-24 01:25:00,1761269100000,7.36,7.36,7.343,7.347,1096.78
2025-10-24 01:30:00,1761269400000,7.346,7.357,7.344,7.345,345.25
2025-10-24 01:35:00,1761269700000,7.345,7.346,7.313,7.319,815.67
2025-10-24 01:40:00,1761270000000,7.322,7.329,7.308,7.319,1908.28
2025-10-24 01:45:00,1761270300000,7.318,7.339,7.316,7.332,1125.91
2025-10-24 01:50:00,1761270600000,7.331,7.338,7.319,7.319,932.05
2025-10-24 01:55:00,1761270900000,7.319,7.33,7.319,7.325,691.79
2025-10-24 02:00:00,1761271200000,7.325,7.337,7.298,7.325,2570.1
2025-10-24 02:05:00,1761271500000,7.325,7.339,7.309,7.309,771.55
2025-10-24 02:10:00,1761271800000,7.308,7.325,7.306,7.323,781.57
2025-10-24 02:15:00,1761272100000,7.325,7.326,7.313,7.324,712.61
2025-10-24 02:20:00,1761272400000,7.323,7.323,7.305,7.305,383.89
2025-10-24 02:25:00,1761272700000,7.305,7.307,7.3,7.303,157.76
2025-10-24 02:30:00,1761273000000,7.302,7.317,7.287,7.289,1061.44
2025-10-24 02:35:00,1761273300000,7.288,7.311,7.284,7.297,1992.41
2025-10-24 02:40:00,1761273600000,7.299,7.315,7.294,7.298,1123.05
2025-10-24 02:45:00,1761273900000,7.298,7.307,7.287,7.29,489.39
2025-10-24 02:50:00,1761274200000,7.29,7.3,7.281,7.297,264.78
2025-10-24 02:55:00,1761274500000,7.297,7.307,7.286,7.287,641.32
2025-10-24 03:00:00,1761274800000,7.289,7.3,7.252,7.266,1839.45
2025-10-24 03:05:00,1761275100000,7.264,7.274,7.255,7.274,501.51
2025-10-24 03:10:00,1761275400000,7.272,7.293,7.271,7.279,1066.54
2025-10-24 03:15:00,1761275700000,7.28,7.288,7.261,7.28,1268.85
2025-10-24 03:20:00,1761276000000,7.28,7.288,7.277,7.281,267.96
2025-10-24 03:25:00,1761276300000,7.281,7.294,7.276,7.279,971.23
2025-10-24 03:30:00,1761276600000,7.278,7.288,7.267,7.269,1939.11
2025-10-24 03:35:00,1761276900000,7.267,7.283,7.26,7.272,1136.95
2025-10-24 03:40:00,1761277200000,7.274,7.292,7.261,7.267,1502.31
2025-10-24 03:45:00,1761277500000,7.267,7.274,7.267,7.27,504.49
2025-10-24 03:50:00,1761277800000,7.27,7.276,7.267,7.27,1338.83
2025-10-24 03:55:00,1761278100000,7.272,7.287,7.272,7.28,659.03
2025-10-24 04:00:00,1761278400000,7.279,7.279,7.247,7.248,980.7
2025-10-24 04:05:00,1761278700000,7.248,7.288,7.248,7.276,977.02
2025-10-24 04:10:00,1761279000000,7.279,7.3,7.277,7.286,900.78
2025-10-24 04:15:00,1761279300000,7.286,7.31,7.286,7.298,974.3
2025-10-24 04:20:00,1761279600000,7.298,7.333,7.295,7.319,913.47
2025-10-24 04:25:00,1761279900000,7.319,7.345,7.311,7.334,1522.94
2025-10-24 04:30:00,1761280200000,7.335,7.407,7.329,7.393,2436.46
2025-10-24 04:35:00,1761280500000,7.393,7.4,7.363,7.368,1950.24
2025-10-24 04:40:00,1761280800000,7.368,7.392,7.363,7.378,3083.87
2025-10-24 04:45:00,1761281100000,7.376,7.405,7.375,7.395,2618.82
2025-10-24 04:50:00,1761281400000,7.394,7.418,7.38,7.412,1836.68
2025-10-24 04:55:00,1761281700000,7.413,7.42,7.387,7.389,1012.24
2025-10-24 05:00:00,1761282000000,7.389,7.415,7.382,7.395,4127.23
2025-10-24 05:05:00,1761282300000,7.396,7.434,7.396,7.425,1229.73
2025-10-24 05:10:00,1761282600000,7.425,7.48,7.425,7.444,5297.29
2025-10-24 05:15:00,1761282900000,7.446,7.472,7.445,7.462,769.86
2025-10-24 05:20:00,1761283200000,7.464,7.465,7.433,7.438,1382.15
2025-10-24 05:25:00,1761283500000,7.437,7.443,7.423,7.426,862.6
2025-10-24 05:30:00,1761283800000,7.427,7.455,7.417,7.439,1692.54
2025-10-24 05:35:00,1761284100000,7.44,7.457,7.425,7.442,1272.41
2025-10-24 05:40:00,1761284400000,7.44,7.454,7.426,7.444,1404.6
2025-10-24 05:45:00,1761284700000,7.443,7.458,7.433,7.458,516.59
2025-10-24 05:50:00,1761285000000,7.458,7.467,7.444,7.462,1683.41
2025-10-24 05:55:00,1761285300000,7.461,7.463,7.458,7.462,584.94
2025-10-24 06:00:00,1761285600000,7.461,7.467,7.44,7.451,1743.98
2025-10-24 06:05:00,1761285900000,7.449,7.452,7.421,7.428,976.99
2025-10-24 06:10:00,1761286200000,7.432,7.464,7.424,7.458,3701.03
2025-10-24 06:15:00,1761286500000,7.458,7.465,7.427,7.439,7141.45
2025-10-24 06:20:00,1761286800000,7.437,7.445,7.427,7.43,1334.88
2025-10-24 06:25:00,1761287100000,7.433,7.452,7.427,7.447,3637.42
2025-10-24 06:30:00,1761287400000,7.445,7.458,7.439,7.451,2146.48
2025-10-24 06:35:00,1761287700000,7.452,7.473,7.452,7.464,2253.64
2025-10-24 06:40:00,1761288000000,7.462,7.462,7.433,7.439,1073.4
2025-10-24 06:45:00,1761288300000,7.438,7.447,7.422,7.426,2741.42
2025-10-24 06:50:00,1761288600000,7.427,7.445,7.418,7.436,2779.09
2025-10-24 06:55:00,1761288900000,7.436,7.443,7.429,7.439,516.14
2025-10-24 07:00:00,1761289200000,7.439,7.551,7.439,7.539,6420.87
2025-10-24 07:05:00,1761289500000,7.538,7.563,7.518,7.523,3676.54
2025-10-24 07:10:00,1761289800000,7.522,7.525,7.461,7.479,2513.3
2025-10-24 07:15:00,1761290100000,7.479,7.491,7.461,7.484,1648.53
2025-10-24 07:20:00,1761290400000,7.484,7.498,7.48,7.494,776.99
2025-10-24 07:25:00,1761290700000,7.495,7.496,7.474,7.479,770.33
2025-10-24 07:30:00,1761291000000,7.48,7.487,7.47,7.479,455.86
2025-10-24 07:35:00,1761291300000,7.48,7.489,7.473,7.484,1040.0
2025-10-24 07:40:00,1761291600000,7.485,7.49,7.471,7.473,896.07
2025-10-24 07:45:00,1761291900000,7.472,7.475,7.449,7.47,1740.61
2025-10-24 07:50:00,1761292200000,7.473,7.488,7.473,7.478,674.37
2025-10-24 07:55:00,1761292500000,7.477,7.477,7.457,7.473,934.0
2025-10-24 08:00:00,1761292800000,7.472,7.482,7.453,7.464,1675.85
2025-10-24 08:05:00,1761293100000,7.463,7.47,7.454,7.457,1900.61
2025-10-24 08:10:00,1761293400000,7.458,7.492,7.454,7.478,2286.61
2025-10-24 08:15:00,1761293700000,7.483,7.486,7.467,7.478,1337.69
2025-10-24 08:20:00,1761294000000,7.48,7.486,7.463,7.474,2356.39
2025-10-24 08:25:00,1761294300000,7.474,7.476,7.459,7.463,800.46
2025-10-24 08:30:00,1761294600000,7.462,7.462,7.451,7.458,1189.94
2025-10-24 08:35:00,1761294900000,7.458,7.478,7.455,7.475,2136.42
2025-10-24 08:40:00,1761295200000,7.477,7.49,7.465,7.48,2388.51
2025-10-24 08:45:00,1761295500000,7.482,7.498,7.471,7.482,3291.01
2025-10-24 08:50:00,1761295800000,7.481,7.481,7.454,7.456,2952.08
2025-10-24 08:55:00,1761296100000,7.457,7.46,7.432,7.437,1938.22
2025-10-24 09:00:00,1761296400000,7.435,7.461,7.414,7.458,2625.88
2025-10-24 09:05:00,1761296700000,7.459,7.478,7.449,7.464,1885.47
2025-10-24 09:10:00,1761297000000,7.465,7.467,7.448,7.452,1045.32
2025-10-24 09:15:00,1761297300000,7.452,7.47,7.447,7.451,1251.79
2025-10-24 09:20:00,1761297600000,7.451,7.459,7.445,7.447,1136.27
2025-10-24 09:25:00,1761297900000,7.449,7.476,7.442,7.476,1474.59
2025-10-24 09:30:00,1761298200000,7.476,7.504,7.464,7.494,2424.18
2025-10-24 09:35:00,1761298500000,7.492,7.496,7.479,7.48,2835.5
2025-10-24 09:40:00,1761298800000,7.48,7.482,7.453,7.468,1514.45
2025-10-24 09:45:00,1761299100000,7.468,7.476,7.463,7.467,1164.11
2025-10-24 09:50:00,1761299400000,7.468,7.471,7.452,7.452,1110.97
2025-10-24 09:55:00,1761299700000,7.452,7.459,7.444,7.448,484.54
2025-10-24 10:00:00,1761300000000,7.449,7.462,7.433,7.434,1077.34
2025-10-24 10:05:00,1761300300000,7.433,7.438,7.42,7.429,967.81
2025-10-24 10:10:00,1761300600000,7.429,7.445,7.426,7.444,831.84
2025-10-24 10:15:00,1761300900000,7.445,7.448,7.409,7.409,825.05
2025-10-24 10:20:00,1761301200000,7.408,7.423,7.4,7.401,3968.81
2025-10-24 10:25:00,1761301500000,7.401,7.418,7.388,7.389,2433.37
2025-10-24 10:30:00,1761301800000,7.389,7.413,7.38,7.406,2085.18
2025-10-24 10:35:00,1761302100000,7.403,7.413,7.391,7.403,1840.05
2025-10-24 10:40:00,1761302400000,7.401,7.412,7.388,7.395,3513.47
2025-10-24 10:45:00,1761302700000,7.393,7.407,7.387,7.388,2434.2
2025-10-24 10:50:00,1761303000000,7.389,7.393,7.36,7.368,3509.42
2025-10-24 10:55:00,1761303300000,7.37,7.385,7.365,7.377,943.62
2025-10-24 11:00:00,1761303600000,7.377,7.384,7.36,7.38,5420.53
2025-10-24 11:05:00,1761303900000,7.379,7.381,7.365,7.365,2052.59
2025-10-24 11:10:00,1761304200000,7.365,7.398,7.365,7.394,1138.76
2025-10-24 11:15:00,1761304500000,7.395,7.406,7.383,7.402,1068.22
2025-10-24 11:20:00,1761304800000,7.401,7.401,7.373,7.377,1146.9
2025-10-24 11:25:00,1761305100000,7.378,7.436,7.37,7.42,5031.41
2025-10-24 11:30:00,1761305400000,7.422,7.436,7.345,7.352,7238.49
2025-10-24 11:35:00,1761305700000,7.353,7.383,7.346,7.376,2519.45
2025-10-24 11:40:00,1761306000000,7.377,7.407,7.377,7.406,1119.08
2025-10-24 11:45:00,1761306300000,7.406,7.406,7.383,7.394,1651.06
2025-10-24 11:50:00,1761306600000,7.394,7.42,7.392,7.405,1235.57
2025-10-24 11:55:00,1761306900000,7.406,7.427,7.403,7.418,967.46
2025-10-24 12:00:00,1761307200000,7.415,7.43,7.399,7.399,9229.97
2025-10-24 12:05:00,1761307500000,7.4,7.427,7.393,7.409,22575.06
2025-10-24 12:10:00,1761307800000,7.401,7.419,7.393,7.393,14222.94
2025-10-24 12:15:00,1761308100000,7.395,7.395,7.368,7.373,3379.45
2025-10-24 12:20:00,1761308400000,7.368,7.412,7.365,7.409,3009.89
2025-10-24 12:25:00,1761308700000,7.412,7.425,7.406,7.41,3175.83
2025-10-24 12:30:00,1761309000000,7.412,7.549,7.406,7.462,12363.55
2025-10-24 12:35:00,1761309300000,7.462,7.498,7.462,7.478,2747.56
2025-10-24 12:40:00,1761309600000,7.477,7.484,7.459,7.479,1945.62
2025-10-24 12:45:00,1761309900000,7.481,7.485,7.455,7.476,2328.97
2025-10-24 12:50:00,1761310200000,7.475,7.516,7.474,7.5,5336.87
2025-10-24 12:55:00,1761310500000,7.499,7.501,7.476,7.48,851.97
2025-10-24 13:00:00,1761310800000,7.477,7.486,7.453,7.479,4028.33
2025-10-24 13:05:00,1761311100000,7.476,7.477,7.461,7.473,1345.1
2025-10-24 13:10:00,1761311400000,7.473,7.475,7.449,7.453,4373.42
2025-10-24 13:15:00,1761311700000,7.456,7.477,7.455,7.469,2423.9
2025-10-24 13:20:00,1761312000000,7.471,7.481,7.463,7.467,1376.97
2025-10-24 13:25:00,1761312300000,7.468,7.472,7.452,7.461,2306.37
2025-10-24 13:30:00,1761312600000,7.463,7.511,7.457,7.505,5958.51
2025-10-24 13:35:00,1761312900000,7.503,7.507,7.464,7.464,6234.31
2025-10-24 13:40:00,1761313200000,7.464,7.478,7.447,7.449,3288.16
2025-10-24 13:45:00,1761313500000,7.45,7.553,7.398,7.443,49171.63
2025-10-24 13:50:00,1761313800000,7.443,7.463,7.424,7.455,4392.17
2025-10-24 13:55:00,1761314100000,7.454,7.474,7.448,7.473,1728.88
2025-10-24 14:00:00,1761314400000,7.474,7.479,7.413,7.417,7559.14
2025-10-24 14:05:00,1761314700000,7.417,7.447,7.415,7.432,4958.91
2025-10-24 14:10:00,1761315000000,7.431,7.45,7.428,7.441,2772.97
2025-10-24 14:15:00,1761315300000,7.442,7.565,7.442,7.524,16030.71
2025-10-24 14:20:00,1761315600000,7.525,7.647,7.525,7.625,19307.92
2025-10-24 14:25:00,1761315900000,7.626,7.658,7.533,7.534,21716.96
2025-10-24 14:30:00,1761316200000,7.534,7.563,7.534,7.553,4554.41
2025-10-24 14:35:00,1761316500000,7.556,7.603,7.552,7.603,4977.02
2025-10-24 14:40:00,1761316800000,7.597,7.597,7.535,7.554,9512.25
2025-10-24 14:45:00,1761317100000,7.556,7.578,7.529,7.55,4630.64
2025-10-24 14:50:00,1761317400000,7.549,7.559,7.529,7.538,2761.79
2025-10-24 14:55:00,1761317700000,7.54,7.559,7.533,7.55,2795.38
2025-10-24 15:00:00,1761318000000,7.553,7.568,7.537,7.543,1011.14
2025-10-24 15:05:00,1761318300000,7.544,7.554,7.524,7.546,2803.03
2025-10-24 15:10:00,1761318600000,7.548,7.596,7.542,7.554,3240.32
2025-10-24 15:15:00,1761318900000,7.557,7.585,7.552,7.577,2043.44
2025-10-24 15:20:00,1761319200000,7.577,7.597,7.542,7.565,7217.94
2025-10-24 15:25:00,1761319500000,7.567,7.568,7.524,7.544,2630.18
2025-10-24 15:30:00,1761319800000,7.544,7.56,7.524,7.526,1783.86
2025-10-24 15:35:00,1761320100000,7.526,7.538,7.513,7.517,1733.95
2025-10-24 15:40:00,1761320400000,7.516,7.518,7.497,7.512,2305.06
2025-10-24 15:45:00,1761320700000,7.512,7.512,7.483,7.496,3324.96
2025-10-24 15:50:00,1761321000000,7.496,7.517,7.49,7.499,2796.86
2025-10-24 15:55:00,1761321300000,7.499,7.516,7.488,7.51,2106.61
2025-10-24 16:00:00,1761321600000,7.509,7.516,7.475,7.48,3681.83
2025-10-24 16:05:00,1761321900000,7.481,7.522,7.465,7.517,3851.66
2025-10-24 16:10:00,1761322200000,7.518,7.569,7.513,7.559,8615.71
2025-10-24 16:15:00,1761322500000,7.562,7.583,7.552,7.558,5448.58
2025-10-24 16:20:00,1761322800000,7.559,7.567,7.524,7.527,7450.99
2025-10-24 16:25:00,1761323100000,7.53,7.556,7.515,7.54,4530.77
2025-10-24 16:30:00,1761323400000,7.541,7.547,7.516,7.538,3566.17
2025-10-24 16:35:00,1761323700000,7.538,7.538,7.514,7.529,2922.82
2025-10-24 16:40:00,1761324000000,7.532,7.539,7.515,7.531,3434.6
2025-10-24 16:45:00,1761324300000,7.529,7.588,7.524,7.573,8553.18
2025-10-24 16:50:00,1761324600000,7.571,7.584,7.555,7.574,4563.85
2025-10-24 16:55:00,1761324900000,7.574,7.594,7.569,7.573,2593.2
2025-10-24 17:00:00,1761325200000,7.574,7.649,7.569,7.643,4585.58
2025-10-24 17:05:00,1761325500000,7.643,7.664,7.61,7.622,6495.14
2025-10-24 17:10:00,1761325800000,7.622,7.63,7.582,7.599,4058.85
2025-10-24 17:15:00,1761326100000,7.599,7.635,7.586,7.608,8764.41
2025-10-24 17:20:00,1761326400000,7.605,7.619,7.566,7.57,5493.46
2025-10-24 17:25:00,1761326700000,7.569,7.619,7.569,7.593,4637.4
2025-10-24 17:30:00,1761327000000,7.593,7.64,7.581,7.634,3853.91
2025-10-24 17:35:00,1761327300000,7.631,7.646,7.622,7.633,2835.51
2025-10-24 17:40:00,1761327600000,7.631,7.64,7.616,7.632,2453.88
2025-10-24 17:45:00,1761327900000,7.632,7.639,7.602,7.618,3471.49
2025-10-24 17:50:00,1761328200000,7.619,7.633,7.591,7.63,2967.3
2025-10-24 17:55:00,1761328500000,7.631,7.684,7.627,7.683,3800.71
2025-10-24 18:00:00,1761328800000,7.682,7.731,7.663,7.728,6517.34
2025-10-24 18:05:00,1761329100000,7.728,7.742,7.667,7.677,6447.83
2025-10-24 18:10:00,1761329400000,7.678,7.693,7.661,7.675,3076.08
2025-10-24 18:15:00,1761329700000,7.675,7.678,7.627,7.642,5546.76
2025-10-24 18:20:00,1761330000000,7.644,7.66,7.634,7.642,746.36
2025-10-24 18:25:00,1761330300000,7.641,7.706,7.639,7.659,6399.66
2025-10-24 18:30:00,1761330600000,7.659,7.688,7.651,7.681,2373.44
2025-10-24 18:35:00,1761330900000,7.681,7.685,7.642,7.642,3189.12
2025-10-24 18:40:00,1761331200000,7.643,7.649,7.633,7.64,1719.52
2025-10-24 18:45:00,1761331500000,7.642,7.643,7.62,7.636,1684.83
2025-10-24 18:50:00,1761331800000,7.635,7.682,7.63,7.67,1822.64
2025-10-24 18:55:00,1761332100000,7.671,7.686,7.649,7.681,1594.93
2025-10-24 19:00:00,1761332400000,7.68,7.728,7.666,7.725,4965.7
2025-10-24 19:05:00,1761332700000,7.722,7.745,7.717,7.72,1871.39
2025-10-24 19:10:00,1761333000000,7.723,7.75,7.72,7.744,2753.37
2025-10-24 19:15:00,1761333300000,7.743,7.754,7.73,7.732,1043.52
2025-10-24 19:20:00,1761333600000,7.732,7.748,7.718,7.735,3184.33
2025-10-24 19:25:00,1761333900000,7.736,7.746,7.721,7.746,1301.28
2025-10-24 19:30:00,1761334200000,7.744,7.784,7.731,7.783,3248.79
2025-10-24 19:35:00,1761334500000,7.779,7.879,7.777,7.834,12331.13
2025-10-24 19:40:00,1761334800000,7.832,7.847,7.822,7.839,2718.69
2025-10-24 19:45:00,1761335100000,7.839,7.875,7.836,7.845,3825.1
2025-10-24 19:50:00,1761335400000,7.845,7.866,7.833,7.858,1818.53
2025-10-24 19:55:00,1761335700000,7.857,7.862,7.829,7.842,2688.64
2025-10-24 20:00:00,1761336000000,7.84,7.886,7.839,7.855,3463.34
2025-10-24 20:05:00,1761336300000,7.859,7.897,7.851,7.865,4450.57
2025-10-24 20:10:00,1761336600000,7.867,7.925,7.848,7.914,5477.95
2025-10-24 20:15:00,1761336900000,7.912,7.932,7.891,7.927,2395.83
2025-10-24 20:20:00,1761337200000,7.926,7.947,7.915,7.923,2882.25
2025-10-24 20:25:00,1761337500000,7.924,7.924,7.869,7.877,2823.18
2025-10-24 20:30:00,1761337800000,7.876,7.909,7.866,7.904,2844.24
2025-10-24 20:35:00,1761338100000,7.905,7.923,7.894,7.898,2530.7
2025-10-24 20:40:00,1761338400000,7.899,7.918,7.876,7.903,3281.68
2025-10-24 20:45:00,1761338700000,7.902,7.902,7.836,7.864,8826.91
2025-10-24 20:50:00,1761339000000,7.863,7.867,7.83,7.838,2444.08
2025-10-24 20:55:00,1761339300000,7.836,7.849,7.832,7.846,1850.1
2025-10-24 21:00:00,1761339600000,7.847,7.851,7.767,7.773,6846.21
2025-10-24 21:05:00,1761339900000,7.779,7.837,7.776,7.822,3922.39
2025-10-24 21:10:00,1761340200000,7.822,7.83,7.799,7.822,2554.93
2025-10-24 21:15:00,1761340500000,7.822,7.837,7.795,7.835,1255.21
2025-10-24 21:20:00,1761340800000,7.831,7.849,7.825,7.828,925.41
2025-10-24 21:25:00,1761341100000,7.83,7.837,7.815,7.826,985.25
2025-10-24 21:30:00,1761341400000,7.827,7.848,7.814,7.818,1877.05
2025-10-24 21:35:00,1761341700000,7.822,7.828,7.803,7.822,460.37
2025-10-24 21:40:00,1761342000000,7.824,7.826,7.797,7.8,1240.35
2025-10-24 21:45:00,1761342300000,7.8,7.809,7.785,7.809,132.79
2025-10-24 21:50:00,1761342600000,7.81,7.828,7.81,7.828,424.02
2025-10-24 21:55:00,1761342900000,7.829,7.83,7.808,7.809,778.36
2025-10-24 22:00:00,1761343200000,7.809,7.817,7.791,7.804,492.72
2025-10-24 22:05:00,1761343500000,7.805,7.83,7.805,7.816,2512.39
2025-10-24 22:10:00,1761343800000,7.815,7.835,7.81,7.832,986.5
2025-10-24 22:15:00,1761344100000,7.834,7.877,7.834,7.86,2699.97
2025-10-24 22:20:00,1761344400000,7.863,7.866,7.838,7.839,905.84
2025-10-24 22:25:00,1761344700000,7.839,7.868,7.836,7.866,1025.62
2025-10-24 22:30:00,1761345000000,7.867,7.868,7.84,7.842,2675.24
2025-10-24 22:35:00,1761345300000,7.843,7.86,7.839,7.843,1564.76
2025-10-24 22:40:00,1761345600000,7.846,7.853,7.842,7.842,234.42
2025-10-24 22:45:00,1761345900000,7.841,7.847,7.835,7.847,322.24
2025-10-24 22:50:00,1761346200000,7.845,7.846,7.819,7.828,1941.67
2025-10-24 22:55:00,1761346500000,7.827,7.838,7.824,7.833,944.03
2025-10-24 23:00:00,1761346800000,7.831,7.831,7.803,7.823,3447.0
2025-10-24 23:05:00,1761347100000,7.823,7.843,7.813,7.841,2149.82
2025-10-24 23:10:00,1761347400000,7.84,7.84,7.822,7.829,950.87
2025-10-24 23:15:00,1761347700000,7.828,7.828,7.8,7.8,670.34
2025-10-24 23:20:00,1761348000000,7.804,7.82,7.798,7.82,797.57
2025-10-24 23:25:00,1761348300000,7.821,7.828,7.784,7.787,1128.86
2025-10-24 23:30:00,1761348600000,7.787,7.804,7.786,7.788,1195.91
2025-10-24 23:35:00,1761348900000,7.788,7.801,7.77,7.778,1399.56
2025-10-24 23:40:00,1761349200000,7.776,7.801,7.771,7.799,1278.34
2025-10-24 23:45:00,1761349500000,7.798,7.798,7.78,7.784,590.16
2025-10-24 23:50:00,1761349800000,7.784,7.803,7.784,7.8,447.13
2025-10-24 23:55:00,1761350100000,7.801,7.824,7.801,7.822,393.2
2025-10-25 00:00:00,1761350400000,7.821,7.822,7.805,7.814,479.89
2025-10-25 00:05:00,1761350700000,7.815,7.834,7.768,7.785,2228.15
2025-10-25 00:10:00,1761351000000,7.784,7.811,7.782,7.789,976.89
2025-10-25 00:15:00,1761351300000,7.791,7.794,7.765,7.772,1981.42
2025-10-25 00:20:00,1761351600000,7.776,7.782,7.756,7.759,1243.19
2025-10-25 00:25:00,1761351900000,7.759,7.78,7.755,7.779,1152.7
2025-10-25 00:30:00,1761352200000,7.777,7.796,7.753,7.788,1731.16
2025-10-25 00:35:00,1761352500000,7.784,7.795,7.769,7.791,1335.01
2025-10-25 00:40:00,1761352800000,7.79,7.797,7.768,7.768,769.98
2025-10-25 00:45:00,1761353100000,7.768,7.791,7.768,7.791,772.18
2025-10-25 00:50:00,1761353400000,7.791,7.802,7.772,7.773,728.26
2025-10-25 00:55:00,1761353700000,7.773,7.799,7.773,7.798,1070.58
2025-10-25 01:00:00,1761354000000,7.799,7.815,7.79,7.796,1868.67
2025-10-25 01:05:00,1761354300000,7.797,7.799,7.783,7.796,407.75
2025-10-25 01:10:00,1761354600000,7.797,7.816,7.797,7.81,287.19
2025-10-25 01:15:00,1761354900000,7.809,7.811,7.791,7.807,930.11
2025-10-25 01:20:00,1761355200000,7.806,7.834,7.805,7.829,520.65
2025-10-25 01:25:00,1761355500000,7.832,7.86,7.817,7.844,2734.82
2025-10-25 01:30:00,1761355800000,7.844,7.855,7.841,7.844,295.35
2025-10-25 01:35:00,1761356100000,7.846,7.857,7.837,7.857,815.79
2025-10-25 01:40:00,1761356400000,7.853,7.873,7.85,7.869,487.83
2025-10-25 01:45:00,1761356700000,7.873,7.892,7.865,7.877,1946.24
2025-10-25 01:50:00,1761357000000,7.875,7.917,7.874,7.91,2329.41
2025-10-25 01:55:00,1761357300000,7.911,7.919,7.885,7.888,2817.92
2025-10-25 02:00:00,1761357600000,7.888,7.891,7.871,7.883,1130.91
2025-10-25 02:05:00,1761357900000,7.884,7.888,7.863,7.869,1419.44
2025-10-25 02:10:00,1761358200000,7.87,7.87,7.83,7.842,1408.83
2025-10-25 02:15:00,1761358500000,7.841,7.841,7.816,7.821,1346.53
2025-10-25 02:20:00,1761358800000,7.822,7.853,7.817,7.818,2379.98
2025-10-25 02:25:00,1761359100000,7.817,7.822,7.775,7.779,1914.35
2025-10-25 02:30:00,1761359400000,7.78,7.795,7.772,7.778,3353.98
2025-10-25 02:35:00,1761359700000,7.778,7.78,7.765,7.767,705.3
2025-10-25 02:40:00,1761360000000,7.767,7.769,7.749,7.752,673.49
2025-10-25 02:45:00,1761360300000,7.753,7.774,7.753,7.765,1135.79
2025-10-25 02:50:00,1761360600000,7.763,7.773,7.754,7.758,1215.99
2025-10-25 02:55:00,1761360900000,7.755,7.759,7.73,7.742,1081.85
2025-10-25 03:00:00,1761361200000,7.745,7.75,7.732,7.739,585.62
2025-10-25 03:05:00,1761361500000,7.738,7.744,7.721,7.744,751.27
2025-10-25 03:10:00,1761361800000,7.745,7.759,7.743,7.759,577.19
2025-10-25 03:15:00,1761362100000,7.76,7.782,7.752,7.781,1093.74
2025-10-25 03:20:00,1761362400000,7.78,7.783,7.77,7.78,1153.18
2025-10-25 03:25:00,1761362700000,7.781,7.815,7.781,7.796,941.81
2025-10-25 03:30:00,1761363000000,7.796,7.803,7.782,7.79,1012.44
2025-10-25 03:35:00,1761363300000,7.787,7.79,7.761,7.777,1561.94
2025-10-25 03:40:00,1761363600000,7.776,7.8,7.763,7.794,1921.72
2025-10-25 03:45:00,1761363900000,7.794,7.806,7.782,7.785,1213.38
2025-10-25 03:50:00,1761364200000,7.786,7.8,7.783,7.785,372.43
2025-10-25 03:55:00,1761364500000,7.784,7.802,7.781,7.785,723.4
2025-10-25 04:00:00,1761364800000,7.786,7.79,7.766,7.774,1008.22
2025-10-25 04:05:00,1761365100000,7.775,7.778,7.762,7.766,682.8
2025-10-25 04:10:00,1761365400000,7.765,7.776,7.757,7.762,553.45
2025-10-25 04:15:00,1761365700000,7.763,7.778,7.758,7.768,412.82
2025-10-25 04:20:00,1761366000000,7.767,7.769,7.758,7.758,274.71
2025-10-25 04:25:00,1761366300000,7.758,7.773,7.753,7.764,1006.1
2025-10-25 04:30:00,1761366600000,7.766,7.77,7.752,7.755,1065.09
2025-10-25 04:35:00,1761366900000,7.753,7.755,7.74,7.744,775.03
2025-10-25 04:40:00,1761367200000,7.744,7.749,7.728,7.734,797.41
2025-10-25 04:45:00,1761367500000,7.734,7.745,7.726,7.736,854.29
2025-10-25 04:50:00,1761367800000,7.735,7.743,7.733,7.74,289.46
2025-10-25 04:55:00,1761368100000,7.739,7.741,7.72,7.723,649.93
2025-10-25 05:00:00,1761368400000,7.723,7.725,7.706,7.716,872.24
2025-10-25 05:05:00,1761368700000,7.717,7.728,7.715,7.717,546.79
2025-10-25 05:10:00,1761369000000,7.717,7.717,7.687,7.702,1431.47
2025-10-25 05:15:00,1761369300000,7.704,7.706,7.683,7.691,763.46
2025-10-25 05:20:00,1761369600000,7.692,7.727,7.685,7.714,1152.98
2025-10-25 05:25:00,1761369900000,7.713,7.74,7.704,7.73,1930.45
2025-10-25 05:30:00,1761370200000,7.73,7.738,7.721,7.724,1373.75
2025-10-25 05:35:00,1761370500000,7.726,7.74,7.724,7.74,222.9
2025-10-25 05:40:00,1761370800000,7.741,7.75,7.737,7.741,784.07
2025-10-25 05:45:00,1761371100000,7.742,7.748,7.732,7.735,1422.36
2025-10-25 05:50:00,1761371400000,7.735,7.758,7.735,7.742,968.02
2025-10-25 05:55:00,1761371700000,7.742,7.785,7.738,7.778,2030.92
2025-10-25 06:00:00,1761372000000,7.779,7.816,7.775,7.807,2372.57
2025-10-25 06:05:00,1761372300000,7.808,7.819,7.804,7.807,1019.77
2025-10-25 06:10:00,1761372600000,7.808,7.809,7.788,7.791,1715.3
2025-10-25 06:15:00,1761372900000,7.792,7.808,7.789,7.789,1074.14
2025-10-25 06:20:00,1761373200000,7.791,7.796,7.78,7.791,832.18
2025-10-25 06:25:00,1761373500000,7.79,7.798,7.78,7.783,2282.77
2025-10-25 06:30:00,1761373800000,7.785,7.795,7.781,7.793,2653.43
2025-10-25 06:35:00,1761374100000,7.793,7.799,7.772,7.774,3334.72
2025-10-25 06:40:00,1761374400000,7.774,7.789,7.772,7.773,2401.54
2025-10-25 06:45:00,1761374700000,7.775,7.78,7.74,7.749,3680.45
2025-10-25 06:50:00,1761375000000,7.749,7.762,7.747,7.754,2826.66
2025-10-25 06:55:00,1761375300000,7.754,7.759,7.742,7.743,5975.7
2025-10-25 07:00:00,1761375600000,7.744,7.756,7.737,7.754,2278.56
2025-10-25 07:05:00,1761375900000,7.752,7.771,7.738,7.762,4815.61
2025-10-25 07:10:00,1761376200000,7.764,7.783,7.762,7.78,970.93
2025-10-25 07:15:00,1761376500000,7.779,7.791,7.775,7.785,1028.58
2025-10-25 07:20:00,1761376800000,7.785,7.797,7.772,7.793,2701.12
2025-10-25 07:25:00,1761377100000,7.792,7.804,7.781,7.786,2144.28
2025-10-25 07:30:00,1761377400000,7.787,7.794,7.761,7.764,3071.48
2025-10-25 07:35:00,1761377700000,7.767,7.772,7.741,7.751,995.47
2025-10-25 07:40:00,1761378000000,7.75,7.754,7.736,7.754,1313.68
2025-10-25 07:45:00,1761378300000,7.753,7.754,7.737,7.744,1246.26
2025-10-25 07:50:00,1761378600000,7.747,7.751,7.701,7.714,1803.63
2025-10-25 07:55:00,1761378900000,7.717,7.743,7.715,7.732,2443.49
2025-10-25 08:00:00,1761379200000,7.734,7.759,7.729,7.751,2199.09
2025-10-25 08:05:00,1761379500000,7.752,7.778,7.747,7.758,2013.9
2025-10-25 08:10:00,1761379800000,7.758,7.766,7.754,7.754,785.08
2025-10-25 08:15:00,1761380100000,7.755,7.766,7.746,7.764,1336.03
2025-10-25 08:20:00,1761380400000,7.764,7.77,7.753,7.766,3317.79
2025-10-25 08:25:00,1761380700000,7.766,7.787,7.762,7.776,3036.62
2025-10-25 08:30:00,1761381000000,7.774,7.789,7.761,7.764,1885.71
2025-10-25 08:35:00,1761381300000,7.763,7.763,7.743,7.747,741.36
2025-10-25 08:40:00,1761381600000,7.748,7.758,7.744,7.75,1007.86
2025-10-25 08:45:00,1761381900000,7.753,7.778,7.751,7.771,3537.76
2025-10-25 08:50:00,1761382200000,7.771,7.793,7.761,7.764,4264.16
2025-10-25 08:55:00,1761382500000,7.765,7.77,7.74,7.747,2038.83
2025-10-25 09:00:00,1761382800000,7.746,7.764,7.746,7.756,1893.32
2025-10-25 09:05:00,1761383100000,7.754,7.778,7.753,7.761,2745.05
2025-10-25 09:10:00,1761383400000,7.762,7.773,7.752,7.759,4035.32
2025-10-25 09:15:00,1761383700000,7.759,7.763,7.741,7.754,2331.13
2025-10-25 09:20:00,1761384000000,7.753,7.754,7.724,7.73,1895.09
2025-10-25 09:25:00,1761384300000,7.728,7.75,7.717,7.737,2411.13
2025-10-25 09:30:00,1761384600000,7.738,7.748,7.726,7.731,2102.32
2025-10-25 09:35:00,1761384900000,7.733,7.748,7.73,7.746,1245.4
2025-10-25 09:40:00,1761385200000,7.743,7.749,7.734,7.741,1528.14
2025-10-25 09:45:00,1761385500000,7.739,7.74,7.725,7.727,2299.03
2025-10-25 09:50:00,1761385800000,7.727,7.728,7.682,7.708,5967.41
2025-10-25 09:55:00,1761386100000,7.707,7.71,7.687,7.701,3252.85
2025-10-25 10:00:00,1761386400000,7.698,7.715,7.695,7.706,1836.74
2025-10-25 10:05:00,1761386700000,7.708,7.716,7.683,7.69,4695.91
2025-10-25 10:10:00,1761387000000,7.69,7.696,7.674,7.696,3028.37
2025-10-25 10:15:00,1761387300000,7.694,7.708,7.693,7.708,1528.41
2025-10-25 10:20:00,1761387600000,7.706,7.721,7.695,7.717,2385.16
2025-10-25 10:25:00,1761387900000,7.717,7.728,7.706,7.715,3908.6
2025-10-25 10:30:00,1761388200000,7.718,7.741,7.713,7.729,4164.67
2025-10-25 10:35:00,1761388500000,7.729,7.753,7.714,7.746,4279.53
2025-10-25 10:40:00,1761388800000,7.746,7.77,7.739,7.762,3461.29
2025-10-25 10:45:00,1761389100000,7.763,7.764,7.747,7.757,641.95
2025-10-25 10:50:00,1761389400000,7.758,7.76,7.739,7.76,1412.62
2025-10-25 10:55:00,1761389700000,7.761,7.778,7.755,7.773,1521.59
2025-10-25 11:00:00,1761390000000,7.773,7.823,7.771,7.811,4517.05
2025-10-25 11:05:00,1761390300000,7.808,7.82,7.789,7.789,2934.16
2025-10-25 11:10:00,1761390600000,7.788,7.8,7.78,7.795,417.26
2025-10-25 11:15:00,1761390900000,7.794,7.828,7.794,7.813,910.0
2025-10-25 11:20:00,1761391200000,7.815,7.821,7.803,7.805,417.11
2025-10-25 11:25:00,1761391500000,7.805,7.821,7.8,7.803,2990.02
2025-10-25 11:30:00,1761391800000,7.805,7.82,7.794,7.812,878.75
2025-10-25 11:35:00,1761392100000,7.812,7.849,7.809,7.839,1103.82
2025-10-25 11:40:00,1761392400000,7.84,7.862,7.838,7.861,264.23
2025-10-25 11:45:00,1761392700000,7.862,7.864,7.849,7.859,593.77
2025-10-25 11:50:00,1761393000000,7.859,7.872,7.832,7.832,821.07
2025-10-25 11:55:00,1761393300000,7.832,7.86,7.829,7.845,2498.61
2025-10-25 12:00:00,1761393600000,7.844,7.844,7.811,7.842,2177.97
2025-10-25 12:05:00,1761393900000,7.84,7.841,7.811,7.814,1973.21
2025-10-25 12:10:00,1761394200000,7.815,7.823,7.787,7.788,886.68
2025-10-25 12:15:00,1761394500000,7.79,7.822,7.789,7.806,1966.28
2025-10-25 12:20:00,1761394800000,7.805,7.819,7.803,7.815,1617.46
2025-10-25 12:25:00,1761395100000,7.815,7.824,7.811,7.811,1689.59
2025-10-25 12:30:00,1761395400000,7.814,7.817,7.792,7.799,1813.46
2025-10-25 12:35:00,1761395700000,7.798,7.809,7.765,7.779,3458.73
2025-10-25 12:40:00,1761396000000,7.779,7.779,7.752,7.759,1858.79
2025-10-25 12:45:00,1761396300000,7.758,7.782,7.758,7.774,2943.52
2025-10-25 12:50:00,1761396600000,7.774,7.776,7.756,7.76,4505.91
2025-10-25 12:55:00,1761396900000,7.762,7.776,7.756,7.767,3892.46
2025-10-25 13:00:00,1761397200000,7.768,7.771,7.716,7.723,3930.44
2025-10-25 13:05:00,1761397500000,7.724,7.742,7.723,7.739,2151.65
2025-10-25 13:10:00,1761397800000,7.738,7.754,7.73,7.731,4036.96
2025-10-25 13:15:00,1761398100000,7.734,7.748,7.722,7.724,2727.78
2025-10-25 13:20:00,1761398400000,7.723,7.723,7.695,7.705,4830.62
2025-10-25 13:25:00,1761398700000,7.706,7.709,7.681,7.686,3815.29
2025-10-25 13:30:00,1761399000000,7.689,7.715,7.683,7.715,4271.67
2025-10-25 13:35:00,1761399300000,7.713,7.731,7.707,7.72,1896.01
2025-10-25 13:40:00,1761399600000,7.72,7.727,7.698,7.701,3788.4
2025-10-25 13:45:00,1761399900000,7.704,7.706,7.671,7.684,5069.53
2025-10-25 13:50:00,1761400200000,7.683,7.683,7.646,7.677,7776.38
2025-10-25 13:55:00,1761400500000,7.681,7.703,7.677,7.696,3719.31
2025-10-25 14:00:00,1761400800000,7.694,7.694,7.675,7.685,1402.16
2025-10-25 14:05:00,1761401100000,7.687,7.702,7.675,7.677,2239.37
2025-10-25 14:10:00,1761401400000,7.68,7.703,7.675,7.7,4466.33
2025-10-25 14:15:00,1761401700000,7.702,7.706,7.684,7.695,2157.63
2025-10-25 14:20:00,1761402000000,7.694,7.704,7.68,7.682,1478.5
2025-10-25 14:25:00,1761402300000,7.685,7.691,7.649,7.658,3992.82
2025-10-25 14:30:00,1761402600000,7.658,7.677,7.649,7.669,4694.58
2025-10-25 14:35:00,1761402900000,7.668,7.693,7.664,7.688,2880.45
2025-10-25 14:40:00,1761403200000,7.688,7.705,7.673,7.695,1824.5
2025-10-25 14:45:00,1761403500000,7.7,7.707,7.689,7.702,7167.15
2025-10-25 14:50:00,1761403800000,7.697,7.706,7.681,7.691,10724.78
2025-10-25 14:55:00,1761404100000,7.688,7.719,7.683,7.695,5592.48
2025-10-25 15:00:00,1761404400000,7.694,7.715,7.676,7.715,2685.15
2025-10-25 15:05:00,1761404700000,7.713,7.73,7.707,7.713,2724.15
2025-10-25 15:10:00,1761405000000,7.711,7.778,7.71,7.767,8243.42
2025-10-25 15:15:00,1761405300000,7.769,7.772,7.735,7.741,2121.83
2025-10-25 15:20:00,1761405600000,7.743,7.755,7.734,7.753,2067.42
2025-10-25 15:25:00,1761405900000,7.756,7.778,7.751,7.765,6055.37
2025-10-25 15:30:00,1761406200000,7.762,7.771,7.744,7.75,11328.9
2025-10-25 15:35:00,1761406500000,7.754,7.787,7.749,7.775,2522.51
2025-10-25 15:40:00,1761406800000,7.776,7.783,7.761,7.764,1561.46
2025-10-25 15:45:00,1761407100000,7.763,7.779,7.747,7.751,10660.97
2025-10-25 15:50:00,1761407400000,7.751,7.754,7.733,7.738,2897.62
2025-10-25 15:55:00,1761407700000,7.734,7.755,7.727,7.755,2465.27
2025-10-25 16:00:00,1761408000000,7.753,7.76,7.732,7.747,9210.05
2025-10-25 16:05:00,1761408300000,7.748,7.757,7.72,7.738,6711.18
2025-10-25 16:10:00,1761408600000,7.734,7.766,7.73,7.755,4715.06
2025-10-25 16:15:00,1761408900000,7.752,7.765,7.735,7.762,1931.56
2025-10-25 16:20:00,1761409200000,7.762,7.762,7.746,7.747,870.28
2025-10-25 16:25:00,1761409500000,7.748,7.756,7.741,7.747,2096.49
2025-10-25 16:30:00,1761409800000,7.748,7.749,7.74,7.746,430.47
2025-10-25 16:35:00,1761410100000,7.747,7.754,7.733,7.739,3355.32
2025-10-25 16:40:00,1761410400000,7.738,7.753,7.724,7.747,3971.48
2025-10-25 16:45:00,1761410700000,7.745,7.756,7.739,7.756,5924.67
2025-10-25 16:50:00,1761411000000,7.754,7.761,7.739,7.743,3256.43
2025-10-25 16:55:00,1761411300000,7.745,7.91,7.74,7.866,12467.46
2025-10-25 17:00:00,1761411600000,7.869,7.871,7.812,7.844,7411.07
2025-10-25 17:05:00,1761411900000,7.846,7.972,7.842,7.965,10081.99
2025-10-25 17:10:00,1761412200000,7.967,8.089,7.89,7.902,25425.71
2025-10-25 17:15:00,1761412500000,7.902,7.934,7.873,7.928,6643.73
2025-10-25 17:20:00,1761412800000,7.929,7.939,7.915,7.922,2764.94
2025-10-25 17:25:00,1761413100000,7.921,7.943,7.912,7.934,4611.66
2025-10-25 17:30:00,1761413400000,7.932,8.012,7.932,8.004,8114.72
2025-10-25 17:35:00,1761413700000,8.005,8.005,7.951,7.976,3849.3
2025-10-25 17:40:00,1761414000000,7.978,7.981,7.958,7.961,1995.19
2025-10-25 17:45:00,1761414300000,7.961,7.999,7.961,7.998,3810.26
2025-10-25 17:50:00,1761414600000,7.997,8.009,7.984,7.987,2153.73
2025-10-25 17:55:00,1761414900000,7.984,7.999,7.978,7.994,2147.27
2025-10-25 18:00:00,1761415200000,7.996,7.998,7.946,7.955,6475.13
2025-10-25 18:05:00,1761415500000,7.953,8.024,7.951,8.0,7217.49
2025-10-25 18:10:00,1761415800000,8.0,8.038,7.991,7.994,4493.78
2025-10-25 18:15:00,1761416100000,7.992,7.994,7.952,7.962,4038.88
2025-10-25 18:20:00,1761416400000,7.963,7.967,7.94,7.954,2822.8
2025-10-25 18:25:00,1761416700000,7.956,7.962,7.923,7.948,2895.65
2025-10-25 18:30:00,1761417000000,7.945,7.958,7.92,7.947,2939.83
2025-10-25 18:35:00,1761417300000,7.948,7.958,7.909,7.909,3628.66
2025-10-25 18:40:00,1761417600000,7.91,7.913,7.873,7.874,2269.17
2025-10-25 18:45:00,1761417900000,7.876,7.894,7.876,7.884,1831.01
2025-10-25 18:50:00,1761418200000,7.884,7.904,7.879,7.899,2452.16
2025-10-25 18:55:00,1761418500000,7.897,7.908,7.891,7.906,1184.42
2025-10-25 19:00:00,1761418800000,7.906,7.916,7.841,7.853,2559.49
2025-10-25 19:05:00,1761419100000,7.853,7.88,7.845,7.871,1435.33
2025-10-25 19:10:00,1761419400000,7.87,7.894,7.86,7.876,2270.3
2025-10-25 19:15:00,1761419700000,7.875,7.889,7.87,7.884,1568.62
2025-10-25 19:20:00,1761420000000,7.884,7.885,7.848,7.864,3848.46
2025-10-25 19:25:00,1761420300000,7.866,7.877,7.855,7.857,966.28
2025-10-25 19:30:00,1761420600000,7.86,7.87,7.855,7.863,1113.24
2025-10-25 19:35:00,1761420900000,7.862,7.873,7.852,7.853,651.61
2025-10-25 19:40:00,1761421200000,7.854,7.869,7.854,7.862,331.92
2025-10-25 19:45:00,1761421500000,7.863,7.875,7.849,7.871,1579.77
2025-10-25 19:50:00,1761421800000,7.871,7.875,7.854,7.866,934.03
2025-10-25 19:55:00,1761422100000,7.869,7.882,7.864,7.875,1043.9
2025-10-25 20:00:00,1761422400000,7.875,7.891,7.867,7.872,1335.16
2025-10-25 20:05:00,1761422700000,7.874,7.875,7.868,7.872,166.75
2025-10-25 20:10:00,1761423000000,7.871,7.882,7.871,7.877,380.22
2025-10-25 20:15:00,1761423300000,7.877,7.877,7.851,7.86,1338.05
2025-10-25 20:20:00,1761423600000,7.86,7.881,7.856,7.86,698.08
2025-10-25 20:25:00,1761423900000,7.859,7.863,7.851,7.851,295.81
2025-10-25 20:30:00,1761424200000,7.85,7.854,7.837,7.843,1291.85
2025-10-25 20:35:00,1761424500000,7.842,7.844,7.827,7.84,853.63
2025-10-25 20:40:00,1761424800000,7.841,7.875,7.841,7.873,2338.01
2025-10-25 20:45:00,1761425100000,7.873,7.898,7.871,7.888,1411.2
2025-10-25 20:50:00,1761425400000,7.891,7.894,7.882,7.888,388.55
2025-10-25 20:55:00,1761425700000,7.888,7.895,7.88,7.884,1501.81
2025-10-25 21:00:00,1761426000000,7.885,7.9,7.883,7.899,813.45
2025-10-25 21:05:00,1761426300000,7.9,7.916,7.9,7.916,640.58
2025-10-25 21:10:00,1761426600000,7.919,7.925,7.902,7.914,642.0
2025-10-25 21:15:00,1761426900000,7.906,7.906,7.886,7.892,574.82
2025-10-25 21:20:00,1761427200000,7.894,7.903,7.88,7.884,422.08
2025-10-25 21:25:00,1761427500000,7.88,7.881,7.875,7.877,152.01
2025-10-25 21:30:00,1761427800000,7.878,7.878,7.852,7.86,799.07
2025-10-25 21:35:00,1761428100000,7.863,7.865,7.854,7.858,390.92
2025-10-25 21:40:00,1761428400000,7.858,7.858,7.825,7.831,4072.53
2025-10-25 21:45:00,1761428700000,7.833,7.847,7.831,7.844,414.03
2025-10-25 21:50:00,1761429000000,7.846,7.859,7.842,7.842,1081.22
2025-10-25 21:55:00,1761429300000,7.843,7.853,7.835,7.843,714.19
2025-10-25 22:00:00,1761429600000,7.842,7.848,7.834,7.844,927.82
2025-10-25 22:05:00,1761429900000,7.843,7.854,7.826,7.845,1934.29
2025-10-25 22:10:00,1761430200000,7.841,7.856,7.822,7.824,2846.16
2025-10-25 22:15:00,1761430500000,7.824,7.829,7.815,7.82,1421.73
2025-10-25 22:20:00,1761430800000,7.819,7.821,7.805,7.815,2193.2
2025-10-25 22:25:00,1761431100000,7.816,7.842,7.813,7.837,2627.92
2025-10-25 22:30:00,1761431400000,7.838,7.856,7.834,7.838,1543.12
2025-10-25 22:35:00,1761431700000,7.839,7.846,7.835,7.84,1117.35
2025-10-25 22:40:00,1761432000000,7.841,7.843,7.835,7.837,541.47
2025-10-25 22:45:00,1761432300000,7.837,7.842,7.835,7.839,393.94
2025-10-25 22:50:00,1761432600000,7.84,7.85,7.84,7.85,473.98
2025-10-25 22:55:00,1761432900000,7.851,7.852,7.84,7.844,291.34
2025-10-25 23:00:00,1761433200000,7.845,7.845,7.825,7.832,840.77
2025-10-25 23:05:00,1761433500000,7.832,7.84,7.791,7.797,3634.57
2025-10-25 23:10:00,1761433800000,7.796,7.802,7.778,7.795,2280.16
2025-10-25 23:15:00,1761434100000,7.795,7.805,7.77,7.794,3729.7
2025-10-25 23:20:00,1761434400000,7.795,7.802,7.789,7.798,1022.28
2025-10-25 23:25:00,1761434700000,7.797,7.81,7.791,7.8,2471.25
2025-10-25 23:30:00,1761435000000,7.805,7.825,7.8,7.823,1507.84
2025-10-25 23:35:00,1761435300000,7.823,7.825,7.816,7.822,177.3
2025-10-25 23:40:00,1761435600000,7.822,7.829,7.821,7.828,470.94
2025-10-25 23:45:00,1761435900000,7.828,7.828,7.819,7.827,208.14
2025-10-25 23:50:00,1761436200000,7.826,7.826,7.813,7.819,253.5
2025-10-25 23:55:00,1761436500000,7.818,7.827,7.814,7.814,910.94
2025-10-26 00:00:00,1761436800000,7.815,7.815,7.797,7.806,582.53
2025-10-26 00:05:00,1761437100000,7.808,7.813,7.803,7.803,222.71
2025-10-26 00:10:00,1761437400000,7.802,7.81,7.8,7.804,752.94
2025-10-26 00:15:00,1761437700000,7.805,7.817,7.805,7.816,507.72
2025-10-26 00:20:00,1761438000000,7.816,7.819,7.813,7.817,232.92
2025-10-26 00:25:00,1761438300000,7.816,7.832,7.814,7.832,138.36
2025-10-26 00:30:00,1761438600000,7.832,7.835,7.827,7.835,366.73
2025-10-26 00:35:00,1761438900000,7.835,7.839,7.83,7.839,196.58
2025-10-26 00:40:00,1761439200000,7.84,7.852,7.833,7.837,668.0
2025-10-26 00:45:00,1761439500000,7.839,7.854,7.834,7.849,1617.7
2025-10-26 00:50:00,1761439800000,7.848,7.853,7.843,7.848,607.7
2025-10-26 00:55:00,1761440100000,7.847,7.847,7.839,7.839,103.07
2025-10-26 01:00:00,1761440400000,7.838,7.843,7.837,7.837,285.95
2025-10-26 01:05:00,1761440700000,7.836,7.841,7.833,7.836,276.74
2025-10-26 01:10:00,1761441000000,7.836,7.836,7.81,7.827,2081.58
2025-10-26 01:15:00,1761441300000,7.825,7.841,7.824,7.827,1032.64
2025-10-26 01:20:00,1761441600000,7.827,7.831,7.814,7.814,1192.25
2025-10-26 01:25:00,1761441900000,7.815,7.82,7.812,7.819,407.85
2025-10-26 01:30:00,1761442200000,7.818,7.819,7.814,7.816,351.55
2025-10-26 01:35:00,1761442500000,7.816,7.819,7.816,7.816,375.68
2025-10-26 01:40:00,1761442800000,7.815,7.816,7.808,7.808,392.66
2025-10-26 01:45:00,1761443100000,7.807,7.811,7.791,7.798,1580.77
2025-10-26 01:50:00,1761443400000,7.799,7.806,7.791,7.795,815.38
2025-10-26 01:55:00,1761443700000,7.796,7.81,7.774,7.792,1499.87
2025-10-26 02:00:00,1761444000000,7.791,7.792,7.775,7.777,962.53
2025-10-26 02:05:00,1761444300000,7.777,7.785,7.765,7.768,875.76
2025-10-26 02:10:00,1761444600000,7.765,7.788,7.756,7.777,2467.41
2025-10-26 02:15:00,1761444900000,7.777,7.788,7.777,7.783,272.25
2025-10-26 02:20:00,1761445200000,7.785,7.797,7.777,7.788,565.53
2025-10-26 02:25:00,1761445500000,7.79,7.814,7.787,7.811,742.17
2025-10-26 02:30:00,1761445800000,7.81,7.817,7.805,7.805,519.99
2025-10-26 02:35:00,1761446100000,7.804,7.807,7.798,7.8,672.5
2025-10-26 02:40:00,1761446400000,7.801,7.808,7.8,7.805,250.42
2025-10-26 02:45:00,1761446700000,7.805,7.807,7.795,7.795,304.91
2025-10-26 02:50:00,1761447000000,7.794,7.794,7.784,7.793,261.09
2025-10-26 02:55:00,1761447300000,7.793,7.8,7.792,7.796,1036.02
2025-10-26 03:00:00,1761447600000,7.797,7.798,7.786,7.794,217.81
2025-10-26 03:05:00,1761447900000,7.795,7.798,7.793,7.798,280.01
2025-10-26 03:10:00,1761448200000,7.797,7.802,7.79,7.796,313.22
2025-10-26 03:15:00,1761448500000,7.795,7.807,7.794,7.806,358.42
2025-10-26 03:20:00,1761448800000,7.807,7.81,7.807,7.808,292.31
2025-10-26 03:25:00,1761449100000,7.807,7.84,7.807,7.832,1153.8
2025-10-26 03:30:00,1761449400000,7.832,7.843,7.832,7.842,142.45
2025-10-26 03:35:00,1761449700000,7.841,7.855,7.841,7.854,656.71
2025-10-26 03:40:00,1761450000000,7.853,7.867,7.853,7.861,889.44
2025-10-26 03:45:00,1761450300000,7.86,7.895,7.853,7.895,3291.94
2025-10-26 03:50:00,1761450600000,7.896,7.902,7.885,7.894,771.79
2025-10-26 03:55:00,1761450900000,7.894,7.914,7.891,7.909,854.6
2025-10-26 04:00:00,1761451200000,7.909,7.919,7.9,7.908,954.71
2025-10-26 04:05:00,1761451500000,7.908,7.938,7.891,7.929,1723.95
2025-10-26 04:10:00,1761451800000,7.929,7.969,7.928,7.941,2796.86
2025-10-26 04:15:00,1761452100000,7.94,7.962,7.939,7.955,3084.7
2025-10-26 04:20:00,1761452400000,7.959,7.979,7.958,7.976,2210.23
2025-10-26 04:25:00,1761452700000,7.976,7.976,7.916,7.922,2282.49
2025-10-26 04:30:00,1761453000000,7.922,7.967,7.915,7.949,3428.09
2025-10-26 04:35:00,1761453300000,7.948,7.959,7.935,7.946,1339.88
2025-10-26 04:40:00,1761453600000,7.946,7.946,7.924,7.932,559.9
2025-10-26 04:45:00,1761453900000,7.931,7.931,7.887,7.909,4629.44
2025-10-26 04:50:00,1761454200000,7.909,7.915,7.891,7.913,2172.12
2025-10-26 04:55:00,1761454500000,7.912,7.916,7.873,7.878,2752.56
2025-10-26 05:00:00,1761454800000,7.878,7.878,7.86,7.862,1305.76
2025-10-26 05:05:00,1761455100000,7.865,7.887,7.862,7.883,1842.29
2025-10-26 05:10:00,1761455400000,7.881,7.897,7.852,7.854,2321.4
2025-10-26 05:15:00,1761455700000,7.855,7.864,7.848,7.855,1728.8
2025-10-26 05:20:00,1761456000000,7.855,7.882,7.851,7.865,2109.95
2025-10-26 05:25:00,1761456300000,7.865,7.865,7.808,7.847,4057.33
2025-10-26 05:30:00,1761456600000,7.848,7.868,7.831,7.868,1894.33
2025-10-26 05:35:00,1761456900000,7.868,7.877,7.852,7.859,2006.1
2025-10-26 05:40:00,1761457200000,7.86,7.87,7.86,7.86,335.39
2025-10-26 05:45:00,1761457500000,7.861,7.883,7.861,7.875,869.07
2025-10-26 05:50:00,1761457800000,7.875,7.879,7.858,7.865,1426.41
2025-10-26 05:55:00,1761458100000,7.867,7.884,7.867,7.883,1053.63
2025-10-26 06:00:00,1761458400000,7.884,7.902,7.863,7.902,10049.85
2025-10-26 06:05:00,1761458700000,7.903,7.929,7.897,7.897,3389.32
2025-10-26 06:10:00,1761459000000,7.896,7.905,7.88,7.886,1092.05
2025-10-26 06:15:00,1761459300000,7.887,7.893,7.871,7.876,819.21
2025-10-26 06:20:00,1761459600000,7.876,7.885,7.867,7.883,1348.82
2025-10-26 06:25:00,1761459900000,7.883,7.905,7.877,7.889,1513.23
2025-10-26 06:30:00,1761460200000,7.89,7.905,7.88,7.884,6693.58
2025-10-26 06:35:00,1761460500000,7.882,7.897,7.862,7.884,4178.96
2025-10-26 06:40:00,1761460800000,7.884,7.889,7.872,7.884,3698.64
2025-10-26 06:45:00,1761461100000,7.884,7.892,7.878,7.88,2709.95
2025-10-26 06:50:00,1761461400000,7.88,7.891,7.871,7.88,7195.11
2025-10-26 06:55:00,1761461700000,7.88,7.889,7.875,7.879,2281.43
2025-10-26 07:00:00,1761462000000,7.879,7.882,7.843,7.85,4675.63
2025-10-26 07:05:00,1761462300000,7.851,7.872,7.835,7.87,6181.44
2025-10-26 07:10:00,1761462600000,7.87,7.883,7.865,7.874,9886.35
2025-10-26 07:15:00,1761462900000,7.874,7.876,7.854,7.862,11092.67
2025-10-26 07:20:00,1761463200000,7.864,7.872,7.847,7.856,21600.27
2025-10-26 07:25:00,1761463500000,7.855,7.906,7.844,7.869,31526.15
2025-10-26 07:30:00,1761463800000,7.869,7.876,7.822,7.836,30236.68
2025-10-26 07:35:00,1761464100000,7.836,7.89,7.828,7.875,41879.72
2025-10-26 07:40:00,1761464400000,7.873,7.9,7.867,7.879,23125.62
2025-10-26 07:45:00,1761464700000,7.879,7.886,7.856,7.869,33936.15
2025-10-26 07:50:00,1761465000000,7.869,7.888,7.864,7.871,28641.89
2025-10-26 07:55:00,1761465300000,7.87,7.885,7.863,7.87,34543.88
2025-10-26 08:00:00,1761465600000,7.87,7.883,7.867,7.875,31343.31
2025-10-26 08:05:00,1761465900000,7.877,7.895,7.857,7.857,27930.95
2025-10-26 08:10:00,1761466200000,7.86,7.864,7.841,7.849,23857.68
2025-10-26 08:15:00,1761466500000,7.849,7.856,7.838,7.843,26785.97
2025-10-26 08:20:00,1761466800000,7.843,7.872,7.834,7.865,26400.27
2025-10-26 08:25:00,1761467100000,7.865,7.881,7.853,7.868,30204.8
2025-10-26 08:30:00,1761467400000,7.868,7.885,7.859,7.861,25057.02
2025-10-26 08:35:00,1761467700000,7.865,7.87,7.846,7.852,18751.07
2025-10-26 08:40:00,1761468000000,7.853,7.868,7.849,7.866,23777.57
2025-10-26 08:45:00,1761468300000,7.866,7.888,7.862,7.872,23908.94
2025-10-26 08:50:00,1761468600000,7.872,7.878,7.86,7.876,19292.64
2025-10-26 08:55:00,1761468900000,7.876,7.877,7.86,7.86,26029.74
2025-10-26 09:00:00,1761469200000,7.862,7.869,7.829,7.853,27751.69
2025-10-26 09:05:00,1761469500000,7.85,7.864,7.83,7.837,20684.18
2025-10-26 09:10:00,1761469800000,7.833,7.926,7.831,7.899,35456.04
2025-10-26 09:15:00,1761470100000,7.896,7.904,7.882,7.892,25694.59
2025-10-26 09:20:00,1761470400000,7.895,7.944,7.885,7.937,24165.27
2025-10-26 09:25:00,1761470700000,7.936,7.964,7.93,7.951,26184.17
2025-10-26 09:30:00,1761471000000,7.952,7.968,7.873,7.881,26307.07
2025-10-26 09:35:00,1761471300000,7.882,7.89,7.834,7.861,30760.21
2025-10-26 09:40:00,1761471600000,7.861,7.897,7.854,7.868,40081.72
2025-10-26 09:45:00,1761471900000,7.868,7.881,7.842,7.853,40895.98
2025-10-26 09:50:00,1761472200000,7.853,7.854,7.838,7.846,21478.3
2025-10-26 09:55:00,1761472500000,7.848,7.869,7.84,7.866,5802.35
2025-10-26 10:00:00,1761472800000,7.866,7.904,7.866,7.881,6624.69
2025-10-26 10:05:00,1761473100000,7.879,7.884,7.856,7.856,3705.97
2025-10-26 10:10:00,1761473400000,7.856,7.915,7.854,7.913,4546.16
2025-10-26 10:15:00,1761473700000,7.914,7.922,7.897,7.911,2444.2
2025-10-26 10:20:00,1761474000000,7.909,7.927,7.901,7.901,4677.85
2025-10-26 10:25:00,1761474300000,7.903,7.905,7.892,7.893,1530.09
2025-10-26 10:30:00,1761474600000,7.893,7.919,7.882,7.896,4623.41
2025-10-26 10:35:00,1761474900000,7.895,7.92,7.892,7.904,3928.14
2025-10-26 10:40:00,1761475200000,7.903,7.908,7.892,7.899,4943.43
2025-10-26 10:45:00,1761475500000,7.899,7.904,7.892,7.897,4614.5
2025-10-26 10:50:00,1761475800000,7.897,7.91,7.894,7.905,4371.62
2025-10-26 10:55:00,1761476100000,7.904,7.929,7.903,7.917,5978.86
2025-10-26 11:00:00,1761476400000,7.919,8.0,7.918,7.993,10564.47
2025-10-26 11:05:00,1761476700000,7.992,8.012,7.972,7.978,4378.67
2025-10-26 11:10:00,1761477000000,7.978,7.985,7.971,7.98,1264.5
2025-10-26 11:15:00,1761477300000,7.982,8.029,7.977,8.017,5487.07
2025-10-26 11:20:00,1761477600000,8.019,8.024,7.986,8.006,27583.69
2025-10-26 11:25:00,1761477900000,8.009,8.017,7.993,8.01,47073.03
2025-10-26 11:30:00,1761478200000,8.01,8.016,7.946,7.964,36310.18
2025-10-26 11:35:00,1761478500000,7.964,7.98,7.922,7.931,34516.66
2025-10-26 11:40:00,1761478800000,7.929,7.947,7.922,7.928,25488.36
2025-10-26 11:45:00,1761479100000,7.932,7.954,7.922,7.949,36665.77
2025-10-26 11:50:00,1761479400000,7.949,7.969,7.935,7.947,35347.71
2025-10-26 11:55:00,1761479700000,7.952,7.964,7.94,7.954,31790.15
2025-10-26 12:00:00,1761480000000,7.955,7.984,7.955,7.964,31780.43
2025-10-26 12:05:00,1761480300000,7.964,7.971,7.944,7.965,33116.66
2025-10-26 12:10:00,1761480600000,7.963,7.992,7.901,7.988,49998.59
2025-10-26 12:15:00,1761480900000,7.988,8.0,7.941,7.959,31072.83
2025-10-26 12:20:00,1761481200000,7.959,7.963,7.929,7.936,6788.17
2025-10-26 12:25:00,1761481500000,7.934,7.957,7.93,7.956,10908.15
2025-10-26 12:30:00,1761481800000,7.954,7.956,7.909,7.934,13249.01
2025-10-26 12:35:00,1761482100000,7.936,7.971,7.933,7.962,7666.93
2025-10-26 12:40:00,1761482400000,7.963,7.966,7.95,7.963,11859.02
2025-10-26 12:45:00,1761482700000,7.965,7.976,7.936,7.962,16533.72
2025-10-26 12:50:00,1761483000000,7.962,7.962,7.92,7.938,18946.67
2025-10-26 12:55:00,1761483300000,7.937,7.953,7.917,7.922,19086.71
2025-10-26 13:00:00,1761483600000,7.924,7.937,7.915,7.923,17195.13
2025-10-26 13:05:00,1761483900000,7.923,7.938,7.921,7.927,17122.73
2025-10-26 13:10:00,1761484200000,7.927,7.945,7.925,7.937,20418.87
2025-10-26 13:15:00,1761484500000,7.937,7.956,7.926,7.952,19918.0
2025-10-26 13:20:00,1761484800000,7.953,7.961,7.941,7.947,22282.11
2025-10-26 13:25:00,1761485100000,7.949,7.972,7.947,7.958,24931.95
2025-10-26 13:30:00,1761485400000,7.959,7.959,7.921,7.933,23189.08
2025-10-26 13:35:00,1761485700000,7.933,7.937,7.898,7.903,22671.4
2025-10-26 13:40:00,1761486000000,7.904,7.939,7.9,7.929,23528.78
2025-10-26 13:45:00,1761486300000,7.928,7.934,7.914,7.923,27210.77
2025-10-26 13:50:00,1761486600000,7.924,7.937,7.909,7.922,28878.86
2025-10-26 13:55:00,1761486900000,7.919,7.929,7.906,7.927,21743.68
2025-10-26 14:00:00,1761487200000,7.927,7.933,7.913,7.921,22751.19
2025-10-26 14:05:00,1761487500000,7.92,7.944,7.914,7.917,23494.92
2025-10-26 14:10:00,1761487800000,7.915,7.936,7.915,7.929,22705.35
2025-10-26 14:15:00,1761488100000,7.929,7.949,7.92,7.929,25858.23
2025-10-26 14:20:00,1761488400000,7.929,7.944,7.917,7.923,27445.55
2025-10-26 14:25:00,1761488700000,7.923,7.929,7.885,7.907,25036.63
2025-10-26 14:30:00,1761489000000,7.905,7.906,7.875,7.883,22109.11
2025-10-26 14:35:00,1761489300000,7.881,7.898,7.857,7.863,19085.42
2025-10-26 14:40:00,1761489600000,7.862,7.875,7.842,7.846,14734.98
2025-10-26 14:45:00,1761489900000,7.849,7.869,7.84,7.861,11729.18
2025-10-26 14:50:00,1761490200000,7.859,7.866,7.838,7.844,8939.33
2025-10-26 14:55:00,1761490500000,7.845,7.877,7.842,7.854,26836.49
2025-10-26 15:00:00,1761490800000,7.857,7.877,7.841,7.844,38294.52
2025-10-26 15:05:00,1761491100000,7.844,7.874,7.831,7.857,40903.46
2025-10-26 15:10:00,1761491400000,7.857,7.885,7.855,7.871,42119.14
2025-10-26 15:15:00,1761491700000,7.871,7.876,7.848,7.858,27313.27
2025-10-26 15:20:00,1761492000000,7.858,7.871,7.837,7.839,45304.64
2025-10-26 15:25:00,1761492300000,7.841,7.851,7.817,7.834,43249.46
2025-10-26 15:30:00,1761492600000,7.834,7.844,7.821,7.835,41873.81
2025-10-26 15:35:00,1761492900000,7.835,7.866,7.824,7.859,54049.43
2025-10-26 15:40:00,1761493200000,7.859,7.928,7.852,7.902,60933.46
2025-10-26 15:45:00,1761493500000,7.902,7.941,7.897,7.922,57731.03
2025-10-26 15:50:00,1761493800000,7.921,7.939,7.892,7.907,40324.16
2025-10-26 15:55:00,1761494100000,7.905,7.912,7.886,7.905,45152.48
2025-10-26 16:00:00,1761494400000,7.906,7.929,7.886,7.897,50752.35
2025-10-26 16:05:00,1761494700000,7.897,7.906,7.877,7.888,48242.32
2025-10-26 16:10:00,1761495000000,7.886,7.928,7.88,7.915,43798.99
2025-10-26 16:15:00,1761495300000,7.917,7.931,7.884,7.927,47052.52
2025-10-26 16:20:00,1761495600000,7.928,7.979,7.919,7.965,58972.47
2025-10-26 16:25:00,1761495900000,7.967,8.008,7.951,7.957,56152.45
2025-10-26 16:30:00,1761496200000,7.956,7.981,7.943,7.963,72490.89
2025-10-26 16:35:00,1761496500000,7.964,7.998,7.96,7.975,90122.56
2025-10-26 16:40:00,1761496800000,7.976,8.003,7.966,7.975,98618.53
2025-10-26 16:45:00,1761497100000,7.974,7.979,7.908,7.934,79680.84
2025-10-26 16:50:00,1761497400000,7.934,7.954,7.892,7.911,82591.22
2025-10-26 16:55:00,1761497700000,7.91,7.924,7.875,7.892,81143.9
2025-10-26 17:00:00,1761498000000,7.892,7.893,7.855,7.865,83294.75
2025-10-26 17:05:00,1761498300000,7.867,7.867,7.825,7.84,82268.01
2025-10-26 17:10:00,1761498600000,7.84,7.854,7.821,7.854,71768.95
2025-10-26 17:15:00,1761498900000,7.854,7.877,7.829,7.874,51353.91
2025-10-26 17:20:00,1761499200000,7.874,7.878,7.858,7.864,32688.19
2025-10-26 17:25:00,1761499500000,7.865,7.868,7.842,7.851,26004.65
2025-10-26 17:30:00,1761499800000,7.851,7.906,7.841,7.899,23530.46
2025-10-26 17:35:00,1761500100000,7.9,7.942,7.898,7.904,11974.21
2025-10-26 17:40:00,1761500400000,7.903,7.941,7.903,7.941,8407.26
2025-10-26 17:45:00,1761500700000,7.94,7.94,7.926,7.933,5211.86
2025-10-26 17:50:00,1761501000000,7.933,7.973,7.933,7.964,9345.95
2025-10-26 17:55:00,1761501300000,7.964,8.008,7.963,8.0,10648.16
2025-10-26 18:00:00,1761501600000,8.0,8.005,7.938,7.969,20283.0
2025-10-26 18:05:00,1761501900000,7.969,7.979,7.941,7.977,9467.81
2025-10-26 18:10:00,1761502200000,7.978,7.999,7.97,7.978,11275.78
2025-10-26 18:15:00,1761502500000,7.977,7.984,7.954,7.955,9627.92
2025-10-26 18:20:00,1761502800000,7.955,7.993,7.954,7.985,9849.83
2025-10-26 18:25:00,1761503100000,7.986,7.989,7.967,7.967,9567.35
2025-10-26 18:30:00,1761503400000,7.968,7.99,7.968,7.974,8863.19
2025-10-26 18:35:00,1761503700000,7.973,7.976,7.958,7.96,6208.97
2025-10-26 18:40:00,1761504000000,7.961,7.961,7.921,7.931,4860.99
2025-10-26 18:45:00,1761504300000,7.931,8.004,7.929,7.998,10936.01
2025-10-26 18:50:00,1761504600000,7.997,8.162,7.996,8.097,41850.6
2025-10-26 18:55:00,1761504900000,8.097,8.139,8.088,8.116,16240.5
2025-10-26 19:00:00,1761505200000,8.117,8.167,8.113,8.137,18371.07
2025-10-26 19:05:00,1761505500000,8.137,8.159,8.048,8.113,11749.18
2025-10-26 19:10:00,1761505800000,8.113,8.136,8.109,8.133,7554.64
2025-10-26 19:15:00,1761506100000,8.134,8.147,8.094,8.142,9710.92
2025-10-26 19:20:00,1761506400000,8.142,8.17,8.113,8.155,12311.1
2025-10-26 19:25:00,1761506700000,8.156,8.184,8.098,8.161,9885.95
2025-10-26 19:30:00,1761507000000,8.161,8.271,8.149,8.241,13993.98
2025-10-26 19:35:00,1761507300000,8.241,8.254,8.215,8.239,10555.79
2025-10-26 19:40:00,1761507600000,8.237,8.259,8.222,8.237,12353.98
2025-10-26 19:45:00,1761507900000,8.237,8.259,8.224,8.232,8244.62
2025-10-26 19:50:00,1761508200000,8.232,8.271,8.222,8.263,5081.73
2025-10-26 19:55:00,1761508500000,8.264,8.267,8.241,8.266,3006.91
2025-10-26 20:00:00,1761508800000,8.266,8.271,8.181,8.233,6716.78
2025-10-26 20:05:00,1761509100000,8.233,8.233,8.211,8.221,2907.53
2025-10-26 20:10:00,1761509400000,8.22,8.22,8.17,8.173,7584.69
2025-10-26 20:15:00,1761509700000,8.174,8.178,8.152,8.153,3191.24
2025-10-26 20:20:00,1761510000000,8.152,8.181,8.125,8.143,2935.98
2025-10-26 20:25:00,1761510300000,8.142,8.152,8.126,8.145,3247.74
2025-10-26 20:30:00,1761510600000,8.146,8.163,8.139,8.147,1586.26
2025-10-26 20:35:00,1761510900000,8.146,8.146,8.118,8.125,5511.92
2025-10-26 20:40:00,1761511200000,8.126,8.167,8.126,8.153,5784.08
2025-10-26 20:45:00,1761511500000,8.153,8.166,8.122,8.124,3983.77
2025-10-26 20:50:00,1761511800000,8.124,8.126,8.101,8.107,2123.89
2025-10-26 20:55:00,1761512100000,8.108,8.117,8.091,8.1,2372.25
2025-10-26 21:00:00,1761512400000,8.101,8.111,8.091,8.11,2435.12
2025-10-26 21:05:00,1761512700000,8.109,8.243,8.109,8.214,12764.66
2025-10-26 21:10:00,1761513000000,8.213,8.215,8.196,8.203,3236.53
2025-10-26 21:15:00,1761513300000,8.204,8.224,8.188,8.195,3604.16
2025-10-26 21:20:00,1761513600000,8.197,8.24,8.193,8.22,4679.48
2025-10-26 21:25:00,1761513900000,8.219,8.23,8.192,8.201,1694.33
2025-10-26 21:30:00,1761514200000,8.2,8.2,8.147,8.187,4384.87
2025-10-26 21:35:00,1761514500000,8.189,8.2,8.172,8.184,2147.25
2025-10-26 21:40:00,1761514800000,8.182,8.182,8.141,8.149,793.68
2025-10-26 21:45:00,1761515100000,8.148,8.157,8.14,8.149,942.83
2025-10-26 21:50:00,1761515400000,8.15,8.158,8.144,8.152,979.02
2025-10-26 21:55:00,1761515700000,8.153,8.157,8.133,8.134,1293.66
2025-10-26 22:00:00,1761516000000,8.135,8.257,8.133,8.2,8197.06
2025-10-26 22:05:00,1761516300000,8.201,8.258,8.201,8.25,5057.35
2025-10-26 22:10:00,1761516600000,8.25,8.252,8.22,8.225,2257.31
2025-10-26 22:15:00,1761516900000,8.226,8.23,8.204,8.204,1534.8
2025-10-26 22:20:00,1761517200000,8.204,8.227,8.198,8.224,1426.21
2025-10-26 22:25:00,1761517500000,8.223,8.232,8.209,8.209,2494.67
2025-10-26 22:30:00,1761517800000,8.21,8.232,8.21,8.223,2666.35
2025-10-26 22:35:00,1761518100000,8.222,8.242,8.219,8.241,555.29
2025-10-26 22:40:00,1761518400000,8.241,8.254,8.241,8.253,1417.63
2025-10-26 22:45:00,1761518700000,8.254,8.278,8.254,8.27,2440.86
2025-10-26 22:50:00,1761519000000,8.27,8.307,8.27,8.306,1246.54
2025-10-26 22:55:00,1761519300000,8.307,8.326,8.299,8.3,1452.29
2025-10-26 23:00:00,1761519600000,8.301,8.445,8.264,8.434,11293.54
2025-10-26 23:05:00,1761519900000,8.434,8.454,8.298,8.301,10903.83
2025-10-26 23:10:00,1761520200000,8.301,8.317,8.258,8.308,5732.07
2025-10-26 23:15:00,1761520500000,8.308,8.308,8.258,8.276,4870.79
2025-10-26 23:20:00,1761520800000,8.275,8.286,8.259,8.273,1341.81
2025-10-26 23:25:00,1761521100000,8.272,8.288,8.26,8.26,2529.74
2025-10-26 23:30:00,1761521400000,8.26,8.283,8.246,8.257,2210.66
2025-10-26 23:35:00,1761521700000,8.257,8.26,8.211,8.231,5714.1
2025-10-26 23:40:00,1761522000000,8.231,8.252,8.228,8.235,3614.5
2025-10-26 23:45:00,1761522300000,8.235,8.241,8.211,8.232,1888.32
2025-10-26 23:50:00,1761522600000,8.233,8.239,8.196,8.198,3112.65
2025-10-26 23:55:00,1761522900000,8.198,8.201,8.177,8.187,2696.99
2025-10-27 00:00:00,1761523200000,8.188,8.217,8.176,8.206,2924.42
2025-10-27 00:05:00,1761523500000,8.208,8.233,8.197,8.207,1750.14
2025-10-27 00:10:00,1761523800000,8.207,8.221,8.187,8.219,1736.68
2025-10-27 00:15:00,1761524100000,8.218,8.23,8.211,8.225,672.92
2025-10-27 00:20:00,1761524400000,8.226,8.231,8.194,8.215,2077.19
2025-10-27 00:25:00,1761524700000,8.216,8.22,8.208,8.211,884.47
2025-10-27 00:30:00,1761525000000,8.212,8.232,8.206,8.23,2160.48
2025-10-27 00:35:00,1761525300000,8.229,8.234,8.213,8.219,1974.41
2025-10-27 00:40:00,1761525600000,8.219,8.223,8.21,8.221,2027.42
2025-10-27 00:45:00,1761525900000,8.22,8.22,8.179,8.179,3440.58
2025-10-27 00:50:00,1761526200000,8.18,8.18,8.047,8.085,22472.83
2025-10-27 00:55:00,1761526500000,8.087,8.124,8.074,8.109,5709.57
2025-10-27 01:00:00,1761526800000,8.109,8.13,8.103,8.113,2879.07
2025-10-27 01:05:00,1761527100000,8.113,8.129,8.101,8.128,2854.81
2025-10-27 01:10:00,1761527400000,8.128,8.142,8.116,8.135,3561.22
2025-10-27 01:15:00,1761527700000,8.135,8.184,8.123,8.175,6677.27
2025-10-27 01:20:00,1761528000000,8.175,8.188,8.148,8.148,2488.61
2025-10-27 01:25:00,1761528300000,8.148,8.152,8.124,8.128,1086.63
2025-10-27 01:30:00,1761528600000,8.128,8.133,8.115,8.122,935.99
2025-10-27 01:35:00,1761528900000,8.123,8.144,8.122,8.129,1841.44
2025-10-27 01:40:00,1761529200000,8.129,8.134,8.121,8.121,911.49
2025-10-27 01:45:00,1761529500000,8.122,8.139,8.116,8.134,1871.02
2025-10-27 01:50:00,1761529800000,8.135,8.14,8.122,8.125,1620.73
2025-10-27 01:55:00,1761530100000,8.126,8.147,8.123,8.135,2617.97
2025-10-27 02:00:00,1761530400000,8.135,8.135,8.099,8.119,1254.12
2025-10-27 02:05:00,1761530700000,8.12,8.144,8.12,8.138,2285.09
2025-10-27 02:10:00,1761531000000,8.137,8.154,8.111,8.111,1626.05
2025-10-27 02:15:00,1761531300000,8.11,8.117,8.09,8.109,2968.19
2025-10-27 02:20:00,1761531600000,8.109,8.127,8.104,8.126,957.95
2025-10-27 02:25:00,1761531900000,8.126,8.144,8.112,8.117,2083.88
2025-10-27 02:30:00,1761532200000,8.116,8.118,8.09,8.117,1817.58
2025-10-27 02:35:00,1761532500000,8.117,8.142,8.113,8.137,2204.79
2025-10-27 02:40:00,1761532800000,8.138,8.151,8.101,8.122,4477.86
2025-10-27 02:45:00,1761533100000,8.122,8.124,8.106,8.124,1564.83
2025-10-27 02:50:00,1761533400000,8.125,8.134,8.115,8.118,2197.17
2025-10-27 02:55:00,1761533700000,8.119,8.122,8.105,8.11,1141.76
2025-10-27 03:00:00,1761534000000,8.11,8.122,8.104,8.114,2047.43
2025-10-27 03:05:00,1761534300000,8.114,8.125,8.109,8.113,2042.04
2025-10-27 03:10:00,1761534600000,8.113,8.128,8.11,8.127,3004.27
2025-10-27 03:15:00,1761534900000,8.127,8.162,8.115,8.147,5838.65
2025-10-27 03:20:00,1761535200000,8.148,8.148,8.095,8.103,4635.76
2025-10-27 03:25:00,1761535500000,8.104,8.108,8.09,8.104,1941.84
2025-10-27 03:30:00,1761535800000,8.103,8.131,8.098,8.115,2607.66
2025-10-27 03:35:00,1761536100000,8.115,8.133,8.101,8.111,2202.38
2025-10-27 03:40:00,1761536400000,8.112,8.122,8.109,8.113,1646.5
2025-10-27 03:45:00,1761536700000,8.112,8.127,8.111,8.119,777.54
2025-10-27 03:50:00,1761537000000,8.118,8.141,8.112,8.132,3247.37
2025-10-27 03:55:00,1761537300000,8.131,8.157,8.11,8.124,4279.06
2025-10-27 04:00:00,1761537600000,8.125,8.132,8.06,8.081,7164.79
2025-10-27 04:05:00,1761537900000,8.082,8.101,8.077,8.081,3639.71
2025-10-27 04:10:00,1761538200000,8.082,8.1,8.082,8.083,2786.77
2025-10-27 04:15:00,1761538500000,8.084,8.099,8.081,8.092,2832.47
2025-10-27 04:20:00,1761538800000,8.093,8.104,8.092,8.1,1674.97
2025-10-27 04:25:00,1761539100000,8.101,8.103,8.087,8.093,1801.42
2025-10-27 04:30:00,1761539400000,8.092,8.099,8.065,8.067,5654.51
2025-10-27 04:35:00,1761539700000,8.068,8.072,8.03,8.054,7293.42
2025-10-27 04:40:00,1761540000000,8.056,8.057,8.023,8.046,4662.73
2025-10-27 04:45:00,1761540300000,8.045,8.061,8.037,8.047,3040.35
2025-10-27 04:50:00,1761540600000,8.048,8.061,8.042,8.05,1765.91
2025-10-27 04:55:00,1761540900000,8.05,8.058,8.035,8.043,2239.71
2025-10-27 05:00:00,1761541200000,8.043,8.045,8.029,8.03,705.95
2025-10-27 05:05:00,1761541500000,8.029,8.042,8.021,8.034,2226.61
2025-10-27 05:10:00,1761541800000,8.034,8.061,8.032,8.048,8662.23
2025-10-27 05:15:00,1761542100000,8.051,8.075,8.048,8.054,3145.55
2025-10-27 05:20:00,1761542400000,8.053,8.068,8.049,8.064,2326.24
2025-10-27 05:25:00,1761542700000,8.063,8.084,8.055,8.082,1804.37
2025-10-27 05:30:00,1761543000000,8.082,8.09,8.061,8.073,3168.11
2025-10-27 05:35:00,1761543300000,8.073,8.073,8.034,8.039,1270.98
2025-10-27 05:40:00,1761543600000,8.039,8.054,8.038,8.05,1624.82
2025-10-27 05:45:00,1761543900000,8.049,8.053,8.039,8.045,2856.62
2025-10-27 05:50:00,1761544200000,8.045,8.049,8.041,8.042,1617.05
2025-10-27 05:55:00,1761544500000,8.041,8.043,8.002,8.011,3730.91
2025-10-27 06:00:00,1761544800000,8.012,8.013,7.939,7.962,10965.21
2025-10-27 06:05:00,1761545100000,7.961,7.965,7.943,7.955,2807.31
2025-10-27 06:10:00,1761545400000,7.954,7.969,7.947,7.96,2845.78
2025-10-27 06:15:00,1761545700000,7.961,7.99,7.946,7.959,6386.72
2025-10-27 06:20:00,1761546000000,7.959,7.961,7.945,7.952,2841.04
2025-10-27 06:25:00,1761546300000,7.952,7.967,7.95,7.959,1972.48
2025-10-27 06:30:00,1761546600000,7.96,7.966,7.927,7.954,4667.71
2025-10-27 06:35:00,1761546900000,7.953,7.993,7.95,7.975,4590.98
2025-10-27 06:40:00,1761547200000,7.976,7.986,7.958,7.979,3318.05
2025-10-27 06:45:00,1761547500000,7.978,8.004,7.973,7.998,4713.49
2025-10-27 06:50:00,1761547800000,7.999,8.021,7.981,7.982,5652.41
2025-10-27 06:55:00,1761548100000,7.983,7.988,7.967,7.974,3428.77
2025-10-27 07:00:00,1761548400000,7.974,7.976,7.945,7.965,5524.8
2025-10-27 07:05:00,1761548700000,7.964,7.986,7.93,7.931,5229.39
2025-10-27 07:10:00,1761549000000,7.93,7.945,7.927,7.942,2819.05
2025-10-27 07:15:00,1761549300000,7.943,7.949,7.91,7.928,4198.69
2025-10-27 07:20:00,1761549600000,7.931,7.969,7.93,7.944,7602.71
2025-10-27 07:25:00,1761549900000,7.945,7.954,7.932,7.937,5315.88
2025-10-27 07:30:00,1761550200000,7.936,7.938,7.927,7.933,7257.04
2025-10-27 07:35:00,1761550500000,7.932,7.945,7.884,7.899,10464.17
2025-10-27 07:40:00,1761550800000,7.899,7.905,7.859,7.896,13084.72
2025-10-27 07:45:00,1761551100000,7.897,7.907,7.865,7.877,8669.96
2025-10-27 07:50:00,1761551400000,7.876,7.899,7.862,7.887,6232.53
2025-10-27 07:55:00,1761551700000,7.888,7.901,7.883,7.886,4934.36
2025-10-27 08:00:00,1761552000000,7.887,7.92,7.862,7.91,4754.74
2025-10-27 08:05:00,1761552300000,7.912,7.917,7.868,7.893,8495.39
2025-10-27 08:10:00,1761552600000,7.893,7.897,7.869,7.875,4583.16
2025-10-27 08:15:00,1761552900000,7.875,7.931,7.869,7.904,12724.85
2025-10-27 08:20:00,1761553200000,7.903,7.903,7.862,7.867,5423.93
2025-10-27 08:25:00,1761553500000,7.866,7.872,7.829,7.834,5584.7
2025-10-27 08:30:00,1761553800000,7.833,7.852,7.826,7.845,5585.78
2025-10-27 08:35:00,1761554100000,7.846,7.85,7.829,7.838,3809.9
2025-10-27 08:40:00,1761554400000,7.839,7.876,7.836,7.868,4784.4
2025-10-27 08:45:00,1761554700000,7.868,7.897,7.868,7.868,7514.84
2025-10-27 08:50:00,1761555000000,7.867,7.876,7.831,7.834,4658.08
2025-10-27 08:55:00,1761555300000,7.835,7.857,7.81,7.826,6627.13
2025-10-27 09:00:00,1761555600000,7.827,7.838,7.799,7.814,6251.8
2025-10-27 09:05:00,1761555900000,7.814,7.817,7.736,7.748,18572.56
2025-10-27 09:10:00,1761556200000,7.751,7.788,7.751,7.767,12791.6
2025-10-27 09:15:00,1761556500000,7.768,7.774,7.727,7.766,12806.95
2025-10-27 09:20:00,1761556800000,7.766,7.783,7.733,7.736,6310.12
2025-10-27 09:25:00,1761557100000,7.737,7.753,7.72,7.741,11713.96
2025-10-27 09:30:00,1761557400000,7.743,7.772,7.732,7.768,16356.88
2025-10-27 09:35:00,1761557700000,7.768,7.801,7.768,7.789,7345.42
2025-10-27 09:40:00,1761558000000,7.789,7.8,7.77,7.789,5137.0
2025-10-27 09:45:00,1761558300000,7.788,7.788,7.754,7.758,4077.77
2025-10-27 09:50:00,1761558600000,7.758,7.777,7.754,7.773,2991.14
2025-10-27 09:55:00,1761558900000,7.774,7.787,7.772,7.775,1931.89
2025-10-27 10:00:00,1761559200000,7.776,7.782,7.756,7.758,3466.62
2025-10-27 10:05:00,1761559500000,7.758,7.777,7.751,7.766,5906.67
2025-10-27 10:10:00,1761559800000,7.765,7.774,7.728,7.745,6156.8
2025-10-27 10:15:00,1761560100000,7.744,7.763,7.734,7.755,3485.46
2025-10-27 10:20:00,1761560400000,7.755,7.765,7.727,7.734,8641.92
2025-10-27 10:25:00,1761560700000,7.735,7.749,7.735,7.744,4218.62
2025-10-27 10:30:00,1761561000000,7.744,7.746,7.702,7.726,9098.77
2025-10-27 10:35:00,1761561300000,7.726,7.731,7.708,7.717,4827.69
2025-10-27 10:40:00,1761561600000,7.716,7.723,7.68,7.7,6360.89
2025-10-27 10:45:00,1761561900000,7.699,7.72,7.698,7.719,4506.37
2025-10-27 10:50:00,1761562200000,7.717,7.718,7.689,7.695,4801.69
2025-10-27 10:55:00,1761562500000,7.696,7.707,7.682,7.704,4643.82
2025-10-27 11:00:00,1761562800000,7.705,7.732,7.693,7.729,7733.73
2025-10-27 11:05:00,1761563100000,7.729,7.749,7.715,7.719,7962.01
2025-10-27 11:10:00,1761563400000,7.719,7.732,7.707,7.723,13396.34
2025-10-27 11:15:00,1761563700000,7.724,7.745,7.709,7.711,17735.32
2025-10-27 11:20:00,1761564000000,7.715,7.726,7.689,7.706,17637.19
2025-10-27 11:25:00,1761564300000,7.706,7.742,7.703,7.736,17581.29
2025-10-27 11:30:00,1761564600000,7.736,7.746,7.725,7.734,17156.42
2025-10-27 11:35:00,1761564900000,7.733,7.75,7.725,7.75,12873.18
2025-10-27 11:40:00,1761565200000,7.747,7.763,7.731,7.736,18011.02
2025-10-27 11:45:00,1761565500000,7.735,7.743,7.715,7.724,16409.76
2025-10-27 11:50:00,1761565800000,7.724,7.758,7.71,7.745,14857.99
2025-10-27 11:55:00,1761566100000,7.745,7.767,7.744,7.748,9487.73
2025-10-27 12:00:00,1761566400000,7.748,7.764,7.734,7.745,12318.33
2025-10-27 12:05:00,1761566700000,7.745,7.754,7.726,7.739,17228.84
2025-10-27 12:10:00,1761567000000,7.739,7.746,7.728,7.728,19718.24
2025-10-27 12:15:00,1761567300000,7.729,7.75,7.714,7.744,15801.77
2025-10-27 12:20:00,1761567600000,7.746,7.77,7.744,7.767,17318.67
2025-10-27 12:25:00,1761567900000,7.766,7.794,7.75,7.78,26983.18
2025-10-27 12:30:00,1761568200000,7.781,7.788,7.722,7.734,33156.55
2025-10-27 12:35:00,1761568500000,7.734,7.743,7.706,7.717,28646.63
2025-10-27 12:40:00,1761568800000,7.719,7.762,7.687,7.689,34641.03
2025-10-27 12:45:00,1761569100000,7.689,7.719,7.681,7.709,31139.88
2025-10-27 12:50:00,1761569400000,7.71,7.722,7.687,7.702,37131.0
2025-10-27 12:55:00,1761569700000,7.7,7.727,7.693,7.709,34072.2
2025-10-27 13:00:00,1761570000000,7.711,7.769,7.701,7.753,36407.53
2025-10-27 13:05:00,1761570300000,7.752,7.781,7.738,7.767,34827.52
2025-10-27 13:10:00,1761570600000,7.767,7.78,7.74,7.769,34594.93
2025-10-27 13:15:00,1761570900000,7.769,7.802,7.756,7.769,36724.93
2025-10-27 13:20:00,1761571200000,7.768,7.783,7.749,7.756,38913.22
2025-10-27 13:25:00,1761571500000,7.755,7.784,7.741,7.768,31516.26
2025-10-27 13:30:00,1761571800000,7.772,7.806,7.756,7.777,38008.66
2025-10-27 13:35:00,1761572100000,7.782,7.782,7.697,7.718,32926.1
2025-10-27 13:40:00,1761572400000,7.717,7.749,7.689,7.737,27009.4
2025-10-27 13:45:00,1761572700000,7.738,7.766,7.72,7.758,27715.37
2025-10-27 13:50:00,1761573000000,7.757,7.794,7.74,7.75,26119.09
2025-10-27 13:55:00,1761573300000,7.751,7.766,7.736,7.751,22267.89
2025-10-27 14:00:00,1761573600000,7.751,7.765,7.736,7.743,19149.98
2025-10-27 14:05:00,1761573900000,7.742,7.75,7.7,7.716,20712.89
2025-10-27 14:10:00,1761574200000,7.717,7.725,7.691,7.706,21064.06
2025-10-27 14:15:00,1761574500000,7.707,7.719,7.685,7.696,18504.1
2025-10-27 14:20:00,1761574800000,7.695,7.74,7.68,7.736,14751.6
2025-10-27 14:25:00,1761575100000,7.736,7.74,7.719,7.734,14369.82
2025-10-27 14:30:00,1761575400000,7.734,7.738,7.705,7.717,16178.88
2025-10-27 14:35:00,1761575700000,7.718,7.723,7.693,7.712,17508.57
2025-10-27 14:40:00,1761576000000,7.711,7.748,7.708,7.726,18715.89
2025-10-27 14:45:00,1761576300000,7.725,7.729,7.673,7.678,23951.78
2025-10-27 14:50:00,1761576600000,7.68,7.711,7.66,7.697,37165.19
2025-10-27 14:55:00,1761576900000,7.697,7.72,7.687,7.7,30970.89
2025-10-27 15:00:00,1761577200000,7.699,7.726,7.689,7.708,54743.61
2025-10-27 15:05:00,1761577500000,7.708,7.732,7.69,7.706,57336.54
2025-10-27 15:10:00,1761577800000,7.706,7.728,7.694,7.708,48163.07
2025-10-27 15:15:00,1761578100000,7.708,7.715,7.66,7.678,33960.29
2025-10-27 15:20:00,1761578400000,7.682,7.689,7.644,7.679,46214.82
2025-10-27 15:25:00,1761578700000,7.679,7.695,7.643,7.68,60660.24
2025-10-27 15:30:00,1761579000000,7.681,7.731,7.673,7.731,60147.18
2025-10-27 15:35:00,1761579300000,7.73,7.742,7.698,7.703,51913.3
2025-10-27 15:40:00,1761579600000,7.703,7.788,7.703,7.733,56419.73
2025-10-27 15:45:00,1761579900000,7.733,7.779,7.726,7.756,68074.36
2025-10-27 15:50:00,1761580200000,7.756,7.756,7.71,7.722,61354.69
2025-10-27 15:55:00,1761580500000,7.723,7.747,7.706,7.739,56422.25
2025-10-27 16:00:00,1761580800000,7.737,7.772,7.716,7.765,53689.41
2025-10-27 16:05:00,1761581100000,7.765,7.806,7.75,7.79,53200.94
2025-10-27 16:10:00,1761581400000,7.788,7.788,7.762,7.768,53602.95
2025-10-27 16:15:00,1761581700000,7.769,7.792,7.744,7.751,61472.07
2025-10-27 16:20:00,1761582000000,7.749,7.781,7.727,7.759,57494.54
2025-10-27 16:25:00,1761582300000,7.758,7.766,7.745,7.762,43762.8
2025-10-27 16:30:00,1761582600000,7.763,7.795,7.758,7.795,47306.0
2025-10-27 16:35:00,1761582900000,7.793,7.811,7.777,7.803,43305.04
2025-10-27 16:40:00,1761583200000,7.802,7.809,7.786,7.788,38491.45
2025-10-27 16:45:00,1761583500000,7.789,7.803,7.77,7.783,37523.81
2025-10-27 16:50:00,1761583800000,7.783,7.822,7.782,7.815,27060.51
2025-10-27 16:55:00,1761584100000,7.816,7.818,7.793,7.8,23875.26
2025-10-27 17:00:00,1761584400000,7.8,7.807,7.78,7.794,27157.54
2025-10-27 17:05:00,1761584700000,7.793,7.802,7.785,7.785,48964.17
2025-10-27 17:10:00,1761585000000,7.785,7.82,7.779,7.815,62384.61
2025-10-27 17:15:00,1761585300000,7.814,7.866,7.81,7.852,36711.69
2025-10-27 17:20:00,1761585600000,7.851,7.865,7.778,7.783,59516.79
2025-10-27 17:25:00,1761585900000,7.782,7.793,7.756,7.756,48610.9
2025-10-27 17:30:00,1761586200000,7.755,7.787,7.743,7.771,19690.76
2025-10-27 17:35:00,1761586500000,7.771,7.803,7.763,7.796,40135.8
2025-10-27 17:40:00,1761586800000,7.796,7.813,7.772,7.78,43706.58
2025-10-27 17:45:00,1761587100000,7.78,7.802,7.765,7.794,19436.37
2025-10-27 17:50:00,1761587400000,7.793,7.823,7.787,7.823,53499.22
2025-10-27 17:55:00,1761587700000,7.822,7.829,7.787,7.794,50273.74
2025-10-27 18:00:00,1761588000000,7.794,7.814,7.785,7.81,39538.05
2025-10-27 18:05:00,1761588300000,7.809,7.846,7.804,7.842,40991.34
2025-10-27 18:10:00,1761588600000,7.841,7.846,7.826,7.83,34756.37
2025-10-27 18:15:00,1761588900000,7.829,7.839,7.819,7.826,45742.82
2025-10-27 18:20:00,1761589200000,7.826,7.835,7.82,7.828,37088.47
2025-10-27 18:25:00,1761589500000,7.828,7.829,7.806,7.816,37167.58
2025-10-27 18:30:00,1761589800000,7.816,7.847,7.81,7.833,42136.98
2025-10-27 18:35:00,1761590100000,7.832,7.839,7.819,7.829,39632.74
2025-10-27 18:40:00,1761590400000,7.829,7.843,7.819,7.838,35606.68
2025-10-27 18:45:00,1761590700000,7.838,7.843,7.815,7.831,29401.87
2025-10-27 18:50:00,1761591000000,7.832,7.876,7.827,7.873,27754.27
2025-10-27 18:55:00,1761591300000,7.874,7.878,7.858,7.87,23639.11
2025-10-27 19:00:00,1761591600000,7.87,7.893,7.84,7.877,26298.42
2025-10-27 19:05:00,1761591900000,7.877,7.934,7.85,7.857,26928.36
2025-10-27 19:10:00,1761592200000,7.857,7.871,7.834,7.865,48766.53
2025-10-27 19:15:00,1761592500000,7.866,7.869,7.815,7.83,49756.67
2025-10-27 19:20:00,1761592800000,7.829,7.836,7.804,7.812,85341.53
2025-10-27 19:25:00,1761593100000,7.811,7.837,7.809,7.821,134062.12
2025-10-27 19:30:00,1761593400000,7.821,7.822,7.775,7.781,138108.95
2025-10-27 19:35:00,1761593700000,7.782,7.791,7.754,7.789,123439.62
2025-10-27 19:40:00,1761594000000,7.789,7.825,7.775,7.817,96917.37
2025-10-27 19:45:00,1761594300000,7.818,7.841,7.793,7.799,57019.16
2025-10-27 19:50:00,1761594600000,7.8,7.802,7.763,7.766,20704.24
2025-10-27 19:55:00,1761594900000,7.767,7.83,7.767,7.814,20592.63
2025-10-27 20:00:00,1761595200000,7.815,7.815,7.777,7.798,17634.83
2025-10-27 20:05:00,1761595500000,7.797,7.797,7.749,7.757,13011.19
2025-10-27 20:10:00,1761595800000,7.758,7.806,7.758,7.788,31708.42
2025-10-27 20:15:00,1761596100000,7.788,7.821,7.785,7.806,47174.04
2025-10-27 20:20:00,1761596400000,7.806,7.823,7.786,7.791,49663.27
2025-10-27 20:25:00,1761596700000,7.791,7.824,7.787,7.791,50134.88
2025-10-27 20:30:00,1761597000000,7.792,7.823,7.792,7.811,49056.66
2025-10-27 20:35:00,1761597300000,7.811,7.835,7.807,7.818,31595.43
2025-10-27 20:40:00,1761597600000,7.818,7.842,7.816,7.839,12058.94
2025-10-27 20:45:00,1761597900000,7.838,7.838,7.788,7.803,20139.26
2025-10-27 20:50:00,1761598200000,7.803,7.821,7.802,7.817,12861.4
2025-10-27 20:55:00,1761598500000,7.816,7.831,7.803,7.819,11834.97
2025-10-27 21:00:00,1761598800000,7.818,7.85,7.807,7.829,16908.98
2025-10-27 21:05:00,1761599100000,7.828,7.852,7.82,7.851,16668.23
2025-10-27 21:10:00,1761599400000,7.85,7.851,7.807,7.809,11052.86
2025-10-27 21:15:00,1761599700000,7.809,7.863,7.807,7.862,7747.16
2025-10-27 21:20:00,1761600000000,7.863,7.883,7.811,7.824,9805.03
2025-10-27 21:25:00,1761600300000,7.824,7.827,7.802,7.818,7208.65
2025-10-27 21:30:00,1761600600000,7.818,7.865,7.818,7.857,8598.01
2025-10-27 21:35:00,1761600900000,7.856,7.865,7.838,7.855,4829.22
2025-10-27 21:40:00,1761601200000,7.854,7.854,7.826,7.84,3260.71
2025-10-27 21:45:00,1761601500000,7.839,7.871,7.839,7.871,4220.3
2025-10-27 21:50:00,1761601800000,7.872,7.901,7.872,7.893,5397.17
2025-10-27 21:55:00,1761602100000,7.894,7.941,7.856,7.876,17098.36
2025-10-27 22:00:00,1761602400000,7.875,7.939,7.863,7.924,9822.84
2025-10-27 22:05:00,1761602700000,7.924,7.94,7.911,7.937,6368.39
2025-10-27 22:10:00,1761603000000,7.938,7.975,7.93,7.955,11946.88
2025-10-27 22:15:00,1761603300000,7.955,7.999,7.94,7.98,9876.33
2025-10-27 22:20:00,1761603600000,7.98,7.99,7.97,7.979,7360.55
2025-10-27 22:25:00,1761603900000,7.979,8.012,7.974,7.988,6125.75
2025-10-27 22:30:00,1761604200000,7.989,7.991,7.946,7.957,8888.07
2025-10-27 22:35:00,1761604500000,7.958,7.963,7.924,7.93,8265.39
2025-10-27 22:40:00,1761604800000,7.929,7.934,7.896,7.905,6197.09
2025-10-27 22:45:00,1761605100000,7.905,7.945,7.905,7.935,8299.9
2025-10-27 22:50:00,1761605400000,7.934,7.996,7.934,7.989,11899.2
2025-10-27 22:55:00,1761605700000,7.988,7.995,7.963,7.982,10475.53
2025-10-27 23:00:00,1761606000000,7.982,8.017,7.963,7.985,14397.81
2025-10-27 23:05:00,1761606300000,7.984,8.003,7.981,7.995,11427.77
2025-10-27 23:10:00,1761606600000,7.996,8.05,7.992,7.998,18787.62
2025-10-27 23:15:00,1761606900000,7.999,8.021,7.972,8.017,8241.95
2025-10-27 23:20:00,1761607200000,8.016,8.016,7.981,7.987,8700.86
2025-10-27 23:25:00,1761607500000,7.988,8.015,7.988,8.013,7461.61
2025-10-27 23:30:00,1761607800000,8.013,8.061,8.006,8.061,9005.57
2025-10-27 23:35:00,1761608100000,8.061,8.064,8.031,8.043,9201.65
2025-10-27 23:40:00,1761608400000,8.044,8.084,8.044,8.065,13103.83
2025-10-27 23:45:00,1761608700000,8.066,8.104,8.039,8.046,19073.57
2025-10-27 23:50:00,1761609000000,8.046,8.056,8.006,8.01,12792.77
2025-10-27 23:55:00,1761609300000,8.01,8.013,7.968,7.971,6713.23
2025-10-28 00:00:00,1761609600000,7.97,7.993,7.958,7.984,9059.27
2025-10-28 00:05:00,1761609900000,7.983,7.984,7.938,7.961,9067.51
2025-10-28 00:10:00,1761610200000,7.96,7.99,7.948,7.972,10099.48
2025-10-28 00:15:00,1761610500000,7.973,7.999,7.97,7.999,7662.32
2025-10-28 00:20:00,1761610800000,7.998,8.039,7.989,8.027,8280.94
2025-10-28 00:25:00,1761611100000,8.027,8.079,8.025,8.05,10852.26
2025-10-28 00:30:00,1761611400000,8.05,8.069,8.026,8.062,18772.44
2025-10-28 00:35:00,1761611700000,8.063,8.072,8.021,8.038,27666.51
2025-10-28 00:40:00,1761612000000,8.04,8.044,7.993,8.006,26735.55
2025-10-28 00:45:00,1761612300000,8.007,8.018,7.975,7.983,5412.06
2025-10-28 00:50:00,1761612600000,7.982,8.05,7.981,8.036,5320.41
2025-10-28 00:55:00,1761612900000,8.037,8.061,8.037,8.058,3989.43
2025-10-28 01:00:00,1761613200000,8.059,8.085,8.02,8.067,12106.78
2025-10-28 01:05:00,1761613500000,8.066,8.117,8.054,8.097,5900.62
2025-10-28 01:10:00,1761613800000,8.097,8.167,8.093,8.156,15494.85
2025-10-28 01:15:00,1761614100000,8.157,8.179,8.096,8.097,9974.57
2025-10-28 01:20:00,1761614400000,8.097,8.118,8.079,8.08,6597.94
2025-10-28 01:25:00,1761614700000,8.08,8.08,7.973,7.993,14058.99
2025-10-28 01:30:00,1761615000000,7.993,8.01,7.992,8.007,5705.32
2025-10-28 01:35:00,1761615300000,8.008,8.011,7.959,7.964,7226.47
2025-10-28 01:40:00,1761615600000,7.965,7.995,7.933,7.983,11217.09
2025-10-28 01:45:00,1761615900000,7.983,8.015,7.959,7.996,17910.29
2025-10-28 01:50:00,1761616200000,7.996,8.023,7.977,8.02,24303.7
2025-10-28 01:55:00,1761616500000,8.02,8.02,7.93,7.944,20650.25
2025-10-28 02:00:00,1761616800000,7.943,7.971,7.932,7.95,24698.82
2025-10-28 02:05:00,1761617100000,7.951,7.965,7.913,7.947,23322.72
2025-10-28 02:10:00,1761617400000,7.946,7.963,7.894,7.894,17984.72
2025-10-28 02:15:00,1761617700000,7.895,7.905,7.85,7.899,8463.31
2025-10-28 02:20:00,1761618000000,7.899,7.901,7.844,7.864,6701.45
2025-10-28 02:25:00,1761618300000,7.865,7.963,7.858,7.958,13859.41
2025-10-28 02:30:00,1761618600000,7.957,7.981,7.943,7.98,9386.04
2025-10-28 02:35:00,1761618900000,7.981,8.019,7.979,7.993,13570.52
2025-10-28 02:40:00,1761619200000,7.992,8.069,7.984,8.067,11072.6
2025-10-28 02:45:00,1761619500000,8.068,8.082,8.04,8.041,24297.79
2025-10-28 02:50:00,1761619800000,8.041,8.063,8.006,8.056,34143.06
2025-10-28 02:55:00,1761620100000,8.056,8.057,8.028,8.037,42720.18
2025-10-28 03:00:00,1761620400000,8.036,8.092,8.031,8.072,39012.91
2025-10-28 03:05:00,1761620700000,8.073,8.076,8.029,8.033,45116.38
2025-10-28 03:10:00,1761621000000,8.033,8.047,8.019,8.029,51622.78
2025-10-28 03:15:00,1761621300000,8.029,8.127,8.025,8.113,45947.34
2025-10-28 03:20:00,1761621600000,8.112,8.148,8.083,8.148,57575.56
2025-10-28 03:25:00,1761621900000,8.147,8.285,8.127,8.241,91762.88
2025-10-28 03:30:00,1761622200000,8.241,8.273,8.172,8.196,58033.7
2025-10-28 03:35:00,1761622500000,8.196,8.216,8.06,8.061,43995.61
2025-10-28 03:40:00,1761622800000,8.06,8.091,8.022,8.06,23131.32
2025-10-28 03:45:00,1761623100000,8.06,8.084,8.03,8.045,12814.36
2025-10-28 03:50:00,1761623400000,8.046,8.066,7.986,8.016,15396.71
2025-10-28 03:55:00,1761623700000,8.015,8.105,8.007,8.052,12849.82
2025-10-28 04:00:00,1761624000000,8.051,8.125,8.043,8.115,6020.39
2025-10-28 04:05:00,1761624300000,8.114,8.136,8.098,8.136,9517.32
2025-10-28 04:10:00,1761624600000,8.136,8.189,8.128,8.186,8926.98
2025-10-28 04:15:00,1761624900000,8.185,8.242,8.185,8.211,17469.94
2025-10-28 04:20:00,1761625200000,8.21,8.278,8.2,8.275,13525.25
2025-10-28 04:25:00,1761625500000,8.275,8.275,8.206,8.247,27769.84
2025-10-28 04:30:00,1761625800000,8.246,8.357,8.234,8.324,34116.07
2025-10-28 04:35:00,1761626100000,8.325,8.343,8.216,8.259,23248.63
2025-10-28 04:40:00,1761626400000,8.258,8.265,8.229,8.265,15604.5
2025-10-28 04:45:00,1761626700000,8.264,8.353,8.259,8.298,20056.58
2025-10-28 04:50:00,1761627000000,8.299,8.371,8.299,8.371,15878.72
2025-10-28 04:55:00,1761627300000,8.371,8.378,8.342,8.366,12246.69
2025-10-28 05:00:00,1761627600000,8.367,8.374,8.329,8.337,19572.38
2025-10-28 05:05:00,1761627900000,8.337,8.368,8.32,8.358,35481.28
2025-10-28 05:10:00,1761628200000,8.358,8.374,8.316,8.322,42479.46
2025-10-28 05:15:00,1761628500000,8.322,8.358,8.266,8.282,24588.56
2025-10-28 05:20:00,1761628800000,8.283,8.292,8.239,8.258,23231.64
2025-10-28 05:25:00,1761629100000,8.259,8.314,8.255,8.296,41558.39
2025-10-28 05:30:00,1761629400000,8.298,8.338,8.293,8.299,38146.62
2025-10-28 05:35:00,1761629700000,8.299,8.316,8.264,8.27,16838.21
2025-10-28 05:40:00,1761630000000,8.27,8.285,8.258,8.271,5129.29
2025-10-28 05:45:00,1761630300000,8.272,8.339,8.257,8.33,5967.57
2025-10-28 05:50:00,1761630600000,8.331,8.338,8.295,8.315,7002.13
2025-10-28 05:55:00,1761630900000,8.314,8.325,8.293,8.317,11857.62
2025-10-28 06:00:00,1761631200000,8.316,8.354,8.295,8.327,12328.28
2025-10-28 06:05:00,1761631500000,8.327,8.36,8.322,8.335,8749.95
2025-10-28 06:10:00,1761631800000,8.335,8.369,8.309,8.347,9860.05
2025-10-28 06:15:00,1761632100000,8.346,8.399,8.342,8.393,17166.16
2025-10-28 06:20:00,1761632400000,8.393,8.4,8.324,8.337,16074.11
2025-10-28 06:25:00,1761632700000,8.339,8.347,8.322,8.332,20494.57
2025-10-28 06:30:00,1761633000000,8.332,8.354,8.303,8.303,15448.26
2025-10-28 06:35:00,1761633300000,8.304,8.348,8.278,8.328,25169.29
2025-10-28 06:40:00,1761633600000,8.328,8.39,8.327,8.376,21544.91
2025-10-28 06:45:00,1761633900000,8.376,8.398,8.351,8.358,35866.81
2025-10-28 06:50:00,1761634200000,8.356,8.403,8.328,8.399,50067.76
2025-10-28 06:55:00,1761634500000,8.4,8.437,8.383,8.418,49046.23
2025-10-28 07:00:00,1761634800000,8.417,8.431,8.366,8.392,49442.27
2025-10-28 07:05:00,1761635100000,8.393,8.398,8.359,8.377,50119.99
2025-10-28 07:10:00,1761635400000,8.377,8.385,8.301,8.341,53801.19
2025-10-28 07:15:00,1761635700000,8.34,8.347,8.318,8.328,45813.93
2025-10-28 07:20:00,1761636000000,8.328,8.348,8.299,8.323,49173.77
2025-10-28 07:25:00,1761636300000,8.323,8.371,8.322,8.359,35474.48
2025-10-28 07:30:00,1761636600000,8.359,8.376,8.28,8.289,48202.89
2025-10-28 07:35:00,1761636900000,8.288,8.319,8.253,8.305,47311.1
2025-10-28 07:40:00,1761637200000,8.304,8.323,8.285,8.296,46862.2
2025-10-28 07:45:00,1761637500000,8.294,8.31,8.247,8.289,62007.89
2025-10-28 07:50:00,1761637800000,8.286,8.299,8.27,8.273,45913.77
2025-10-28 07:55:00,1761638100000,8.273,8.314,8.271,8.311,35059.91
2025-10-28 08:00:00,1761638400000,8.31,8.338,8.298,8.33,40600.68
2025-10-28 08:05:00,1761638700000,8.329,8.344,8.301,8.341,41318.31
2025-10-28 08:10:00,1761639000000,8.34,8.36,8.277,8.297,51416.97
2025-10-28 08:15:00,1761639300000,8.298,8.353,8.297,8.35,30357.99
2025-10-28 08:20:00,1761639600000,8.35,8.384,8.341,8.371,37765.91
2025-10-28 08:25:00,1761639900000,8.371,8.477,8.367,8.463,49482.21
2025-10-28 08:30:00,1761640200000,8.463,8.568,8.46,8.547,55149.08
2025-10-28 08:35:00,1761640500000,8.546,8.603,8.534,8.549,50405.36
2025-10-28 08:40:00,1761640800000,8.55,8.571,8.5,8.515,41257.09
2025-10-28 08:45:00,1761641100000,8.516,8.53,8.375,8.387,38442.29
2025-10-28 08:50:00,1761641400000,8.386,8.4,8.318,8.333,32530.87
2025-10-28 08:55:00,1761641700000,8.332,8.342,8.298,8.317,39367.99
2025-10-28 09:00:00,1761642000000,8.318,8.345,8.295,8.343,28815.02
2025-10-28 09:05:00,1761642300000,8.343,8.347,8.246,8.255,27850.54
2025-10-28 09:10:00,1761642600000,8.255,8.295,8.25,8.277,60382.44
2025-10-28 09:15:00,1761642900000,8.278,8.29,7.972,8.115,85946.17
2025-10-28 09:20:00,1761643200000,8.116,8.155,8.094,8.128,47364.51
2025-10-28 09:25:00,1761643500000,8.128,8.146,8.08,8.099,57633.42
2025-10-28 09:30:00,1761643800000,8.098,8.142,8.094,8.113,80557.43
2025-10-28 09:35:00,1761644100000,8.112,8.152,8.105,8.119,102976.85
2025-10-28 09:40:00,1761644400000,8.119,8.153,8.089,8.135,97924.91
2025-10-28 09:45:00,1761644700000,8.136,8.146,8.093,8.106,113907.65
2025-10-28 09:50:00,1761645000000,8.105,8.164,8.096,8.146,112993.67
2025-10-28 09:55:00,1761645300000,8.146,8.155,8.105,8.119,120823.7
2025-10-28 10:00:00,1761645600000,8.119,8.134,8.061,8.077,81539.03
2025-10-28 10:05:00,1761645900000,8.076,8.103,8.041,8.089,74577.56
2025-10-28 10:10:00,1761646200000,8.088,8.151,8.087,8.143,84442.07
2025-10-28 10:15:00,1761646500000,8.141,8.157,8.11,8.135,67095.08
2025-10-28 10:20:00,1761646800000,8.134,8.163,8.111,8.14,45291.74
2025-10-28 10:25:00,1761647100000,8.142,8.153,8.117,8.125,47276.7
2025-10-28 10:30:00,1761647400000,8.125,8.198,8.107,8.189,60658.49
2025-10-28 10:35:00,1761647700000,8.191,8.213,8.127,8.145,52361.18
2025-10-28 10:40:00,1761648000000,8.145,8.232,8.133,8.196,56128.24
2025-10-28 10:45:00,1761648300000,8.195,8.221,8.175,8.21,53848.74
2025-10-28 10:50:00,1761648600000,8.211,8.223,8.174,8.188,63587.48
2025-10-28 10:55:00,1761648900000,8.187,8.23,8.181,8.221,61628.43
2025-10-28 11:00:00,1761649200000,8.22,8.251,8.184,8.208,61157.41
2025-10-28 11:05:00,1761649500000,8.208,8.216,8.163,8.166,49174.06
2025-10-28 11:10:00,1761649800000,8.166,8.21,8.151,8.191,39119.28
2025-10-28 11:15:00,1761650100000,8.19,8.273,8.179,8.264,40240.17
2025-10-28 11:20:00,1761650400000,8.264,8.268,8.224,8.266,49915.33
2025-10-28 11:25:00,1761650700000,8.266,8.27,8.206,8.253,57600.89
2025-10-28 11:30:00,1761651000000,8.254,8.26,8.173,8.191,61436.66
2025-10-28 11:35:00,1761651300000,8.191,8.222,8.172,8.204,66145.28
2025-10-28 11:40:00,1761651600000,8.205,8.21,8.161,8.182,55643.21
2025-10-28 11:45:00,1761651900000,8.182,8.211,8.166,8.178,40169.98
2025-10-28 11:50:00,1761652200000,8.177,8.199,8.177,8.193,46588.13
2025-10-28 11:55:00,1761652500000,8.193,8.219,8.169,8.172,80026.68
2025-10-28 12:00:00,1761652800000,8.172,8.2,8.073,8.122,90009.21
2025-10-28 12:05:00,1761653100000,8.122,8.131,8.086,8.089,75503.29
2025-10-28 12:10:00,1761653400000,8.089,8.114,8.088,8.095,66871.19
2025-10-28 12:15:00,1761653700000,8.095,8.102,8.045,8.062,62129.63
2025-10-28 12:20:00,1761654000000,8.061,8.064,8.029,8.051,74927.81
2025-10-28 12:25:00,1761654300000,8.052,8.109,8.049,8.106,59601.21
2025-10-28 12:30:00,1761654600000,8.106,8.166,8.105,8.131,80633.97
2025-10-28 12:35:00,1761654900000,8.13,8.17,8.12,8.152,63963.17
2025-10-28 12:40:00,1761655200000,8.152,8.153,8.117,8.132,62315.69
2025-10-28 12:45:00,1761655500000,8.133,8.163,8.127,8.143,83884.59
2025-10-28 12:50:00,1761655800000,8.144,8.147,8.129,8.141,61148.05
2025-10-28 12:55:00,1761656100000,8.14,8.149,8.118,8.127,65403.44
2025-10-28 13:00:00,1761656400000,8.128,8.145,8.1,8.11,68826.69
2025-10-28 13:05:00,1761656700000,8.11,8.15,8.092,8.138,57100.34
2025-10-28 13:10:00,1761657000000,8.138,8.177,8.133,8.155,58952.05
2025-10-28 13:15:00,1761657300000,8.156,8.164,8.141,8.144,48911.15
2025-10-28 13:20:00,1761657600000,8.143,8.225,8.143,8.22,64603.95
2025-10-28 13:25:00,1761657900000,8.22,8.275,8.212,8.231,67028.8
2025-10-28 13:30:00,1761658200000,8.231,8.298,8.229,8.24,58326.32
2025-10-28 13:35:00,1761658500000,8.24,8.274,8.218,8.267,50764.59
2025-10-28 13:40:00,1761658800000,8.267,8.365,8.257,8.328,64170.38
2025-10-28 13:45:00,1761659100000,8.329,8.398,8.308,8.309,70809.23
2025-10-28 13:50:00,1761659400000,8.309,8.337,8.293,8.32,77620.06
2025-10-28 13:55:00,1761659700000,8.32,8.4,8.303,8.343,116338.29
2025-10-28 14:00:00,1761660000000,8.343,8.391,8.313,8.37,102369.02
2025-10-28 14:05:00,1761660300000,8.371,8.4,8.332,8.364,110926.52
2025-10-28 14:10:00,1761660600000,8.364,8.392,8.344,8.383,113413.74
2025-10-28 14:15:00,1761660900000,8.383,8.387,8.286,8.316,170837.91
2025-10-28 14:20:00,1761661200000,8.318,8.338,8.25,8.282,146555.41
2025-10-28 14:25:00,1761661500000,8.281,8.29,8.178,8.254,193237.5
2025-10-28 14:30:00,1761661800000,8.255,8.271,8.18,8.191,253965.99
2025-10-28 14:35:00,1761662100000,8.191,8.2,8.16,8.185,224408.74
2025-10-28 14:40:00,1761662400000,8.185,8.185,8.124,8.138,183168.34
2025-10-28 14:45:00,1761662700000,8.137,8.235,8.027,8.235,186832.1
2025-10-28 14:50:00,1761663000000,8.234,8.282,8.21,8.253,183894.35
2025-10-28 14:55:00,1761663300000,8.254,8.276,8.199,8.21,189835.51
2025-10-28 15:00:00,1761663600000,8.209,8.313,8.209,8.275,241660.56
2025-10-28 15:05:00,1761663900000,8.273,8.327,8.261,8.303,220163.29
2025-10-28 15:10:00,1761664200000,8.303,8.303,8.246,8.278,278525.6
2025-10-28 15:15:00,1761664500000,8.278,8.287,8.249,8.269,226501.42
2025-10-28 15:20:00,1761664800000,8.269,8.338,8.254,8.287,215885.34
2025-10-28 15:25:00,1761665100000,8.288,8.3,8.257,8.271,222269.58
2025-10-28 15:30:00,1761665400000,8.27,8.291,8.246,8.269,281642.96
2025-10-28 15:35:00,1761665700000,8.269,8.295,8.227,8.282,158997.61
2025-10-28 15:40:00,1761666000000,8.283,8.312,8.259,8.306,218706.27
2025-10-28 15:45:00,1761666300000,8.306,8.335,8.278,8.318,180833.46
2025-10-28 15:50:00,1761666600000,8.317,8.395,8.314,8.389,202614.5
2025-10-28 15:55:00,1761666900000,8.389,8.461,8.379,8.417,214195.73
2025-10-28 16:00:00,1761667200000,8.417,8.426,8.364,8.404,201172.18
2025-10-28 16:05:00,1761667500000,8.404,8.414,8.355,8.375,154807.7
2025-10-28 16:10:00,1761667800000,8.375,8.381,8.303,8.326,172521.35
2025-10-28 16:15:00,1761668100000,8.327,8.375,8.316,8.372,170158.79
2025-10-28 16:20:00,1761668400000,8.371,8.422,8.346,8.404,166326.75
2025-10-28 16:25:00,1761668700000,8.404,8.485,8.397,8.432,159463.87
2025-10-28 16:30:00,1761669000000,8.432,8.491,8.418,8.422,272259.19
2025-10-28 16:35:00,1761669300000,8.422,8.484,8.422,8.446,194457.27
2025-10-28 16:40:00,1761669600000,8.446,8.459,8.416,8.428,156148.78
2025-10-28 16:45:00,1761669900000,8.428,8.447,8.405,8.409,178319.75
2025-10-28 16:50:00,1761670200000,8.409,8.455,8.399,8.424,196654.6
2025-10-28 16:55:00,1761670500000,8.422,8.51,8.412,8.488,125437.86
2025-10-28 17:00:00,1761670800000,8.487,8.512,8.44,8.443,182836.83
2025-10-28 17:05:00,1761671100000,8.443,8.515,8.443,8.506,148633.82
2025-10-28 17:10:00,1761671400000,8.507,8.542,8.495,8.54,132526.68
2025-10-28 17:15:00,1761671700000,8.539,8.611,8.506,8.592,136129.84
2025-10-28 17:20:00,1761672000000,8.592,8.721,8.592,8.714,182655.1
2025-10-28 17:25:00,1761672300000,8.714,8.72,8.65,8.67,210809.53
2025-10-28 17:30:00,1761672600000,8.67,8.695,8.561,8.603,213426.63
2025-10-28 17:35:00,1761672900000,8.603,8.644,8.588,8.61,157991.76
2025-10-28 17:40:00,1761673200000,8.61,8.674,8.597,8.648,161926.34
2025-10-28 17:45:00,1761673500000,8.649,8.697,8.621,8.658,196964.19
2025-10-28 17:50:00,1761673800000,8.657,8.66,8.57,8.572,170245.63
2025-10-28 17:55:00,1761674100000,8.573,8.632,8.48,8.517,235950.64
2025-10-28 18:00:00,1761674400000,8.516,8.528,8.439,8.492,151915.17
2025-10-28 18:05:00,1761674700000,8.492,8.587,8.423,8.561,151844.61
2025-10-28 18:10:00,1761675000000,8.562,8.682,8.543,8.642,236188.29
2025-10-28 18:15:00,1761675300000,8.642,8.78,8.633,8.707,181234.5
2025-10-28 18:20:00,1761675600000,8.707,8.735,8.686,8.686,125459.14
2025-10-28 18:25:00,1761675900000,8.687,8.69,8.633,8.639,101808.02
2025-10-28 18:30:00,1761676200000,8.64,8.798,8.635,8.787,104744.44
2025-10-28 18:35:00,1761676500000,8.788,8.923,8.768,8.917,104353.0
2025-10-28 18:40:00,1761676800000,8.917,9.055,8.773,8.806,124522.03
2025-10-28 18:45:00,1761677100000,8.806,8.83,8.678,8.745,77959.02
2025-10-28 18:50:00,1761677400000,8.746,8.8,8.713,8.778,53691.67
2025-10-28 18:55:00,1761677700000,8.778,8.856,8.75,8.759,74390.36
2025-10-28 19:00:00,1761678000000,8.761,8.947,8.761,8.802,94701.76
2025-10-28 19:05:00,1761678300000,8.802,8.827,8.761,8.786,78899.03
2025-10-28 19:10:00,1761678600000,8.786,8.788,8.719,8.762,92480.29
2025-10-28 19:15:00,1761678900000,8.763,8.786,8.738,8.74,77517.72
2025-10-28 19:20:00,1761679200000,8.74,8.799,8.693,8.786,93957.22
2025-10-28 19:25:00,1761679500000,8.788,8.822,8.714,8.72,71424.78
2025-10-28 19:30:00,1761679800000,8.72,8.778,8.679,8.776,69923.84
2025-10-28 19:35:00,1761680100000,8.776,8.832,8.729,8.734,53307.59
2025-10-28 19:40:00,1761680400000,8.737,8.802,8.705,8.764,57229.95
2025-10-28 19:45:00,1761680700000,8.765,8.799,8.739,8.741,49968.21
2025-10-28 19:50:00,1761681000000,8.741,8.818,8.739,8.793,59372.93
2025-10-28 19:55:00,1761681300000,8.793,8.797,8.723,8.771,57483.54
2025-10-28 20:00:00,1761681600000,8.771,8.805,8.72,8.73,77875.49
2025-10-28 20:05:00,1761681900000,8.728,8.76,8.681,8.704,58693.88
2025-10-28 20:10:00,1761682200000,8.706,8.718,8.647,8.67,43470.55
2025-10-28 20:15:00,1761682500000,8.671,8.725,8.535,8.585,77019.04
2025-10-28 20:20:00,1761682800000,8.586,8.631,8.539,8.587,39445.21
2025-10-28 20:25:00,1761683100000,8.587,8.646,8.564,8.621,35755.26
2025-10-28 20:30:00,1761683400000,8.623,8.666,8.531,8.575,40014.71
2025-10-28 20:35:00,1761683700000,8.575,8.652,8.532,8.652,47545.74
2025-10-28 20:40:00,1761684000000,8.651,8.71,8.623,8.675,37083.7
2025-10-28 20:45:00,1761684300000,8.675,8.715,8.654,8.674,25789.8
2025-10-28 20:50:00,1761684600000,8.674,8.681,8.63,8.673,15227.73
2025-10-28 20:55:00,1761684900000,8.674,8.695,8.658,8.676,13611.37
2025-10-28 21:00:00,1761685200000,8.675,8.732,8.664,8.673,17539.49
2025-10-28 21:05:00,1761685500000,8.673,8.707,8.582,8.625,22169.3
2025-10-28 21:10:00,1761685800000,8.626,8.683,8.617,8.67,22982.04
2025-10-28 21:15:00,1761686100000,8.67,8.684,8.636,8.647,15378.16
2025-10-28 21:20:00,1761686400000,8.646,8.677,8.622,8.629,19175.06
2025-10-28 21:25:00,1761686700000,8.629,8.653,8.605,8.621,18715.68
2025-10-28 21:30:00,1761687000000,8.621,8.734,8.604,8.717,18710.74
2025-10-28 21:35:00,1761687300000,8.719,8.726,8.669,8.675,17285.49
2025-10-28 21:40:00,1761687600000,8.673,8.686,8.656,8.674,13337.44
2025-10-28 21:45:00,1761687900000,8.674,8.749,8.674,8.713,14316.25
2025-10-28 21:50:00,1761688200000,8.714,8.743,8.695,8.731,9752.78
2025-10-28 21:55:00,1761688500000,8.732,8.742,8.71,8.714,11521.99
2025-10-28 22:00:00,1761688800000,8.714,8.786,8.701,8.775,15658.32
2025-10-28 22:05:00,1761689100000,8.773,8.78,8.701,8.715,9498.18
2025-10-28 22:10:00,1761689400000,8.717,8.754,8.695,8.749,12031.23
2025-10-28 22:15:00,1761689700000,8.75,8.775,8.715,8.755,9330.69
2025-10-28 22:20:00,1761690000000,8.756,8.785,8.742,8.782,7160.88
2025-10-28 22:25:00,1761690300000,8.787,8.843,8.777,8.812,14957.2
2025-10-28 22:30:00,1761690600000,8.811,8.811,8.725,8.764,24081.36
2025-10-28 22:35:00,1761690900000,8.762,8.771,8.741,8.765,7460.63
2025-10-28 22:40:00,1761691200000,8.765,8.799,8.745,8.753,16185.71
2025-10-28 22:45:00,1761691500000,8.753,8.814,8.741,8.795,45925.33
2025-10-28 22:50:00,1761691800000,8.798,8.801,8.722,8.738,46946.9
2025-10-28 22:55:00,1761692100000,8.739,8.758,8.656,8.677,55157.4
2025-10-28 23:00:00,1761692400000,8.675,8.698,8.648,8.678,25300.25
2025-10-28 23:05:00,1761692700000,8.677,8.678,8.629,8.649,57723.33
2025-10-28 23:10:00,1761693000000,8.648,8.651,8.574,8.579,63234.07
2025-10-28 23:15:00,1761693300000,8.578,8.616,8.545,8.559,82793.17
2025-10-28 23:20:00,1761693600000,8.559,8.575,8.547,8.561,27244.79
2025-10-28 23:25:00,1761693900000,8.56,8.61,8.552,8.573,25430.4
2025-10-28 23:30:00,1761694200000,8.574,8.677,8.572,8.64,23401.47
2025-10-28 23:35:00,1761694500000,8.64,8.681,8.602,8.674,22424.84
2025-10-28 23:40:00,1761694800000,8.675,8.705,8.641,8.683,29451.13
2025-10-28 23:45:00,1761695100000,8.684,8.71,8.676,8.703,26639.02
2025-10-28 23:50:00,1761695400000,8.703,8.722,8.692,8.697,30635.66
2025-10-28 23:55:00,1761695700000,8.697,8.715,8.661,8.683,35158.14
2025-10-29 00:00:00,1761696000000,8.684,8.734,8.648,8.725,23716.39
2025-10-29 00:05:00,1761696300000,8.723,8.733,8.67,8.688,20931.33
2025-10-29 00:10:00,1761696600000,8.689,8.705,8.635,8.654,19813.8
2025-10-29 00:15:00,1761696900000,8.656,8.742,8.655,8.703,14271.6
2025-10-29 00:20:00,1761697200000,8.703,8.741,8.694,8.725,19471.33
2025-10-29 00:25:00,1761697500000,8.723,8.723,8.675,8.686,10691.02
2025-10-29 00:30:00,1761697800000,8.685,8.712,8.681,8.696,18787.63
2025-10-29 00:35:00,1761698100000,8.695,8.715,8.682,8.682,22876.8
2025-10-29 00:40:00,1761698400000,8.682,8.706,8.645,8.665,28305.78
2025-10-29 00:45:00,1761698700000,8.665,8.675,8.573,8.592,40525.34
2025-10-29 00:50:00,1761699000000,8.592,8.634,8.557,8.584,30591.5
2025-10-29 00:55:00,1761699300000,8.582,8.603,8.377,8.409,42870.08
2025-10-29 01:00:00,1761699600000,8.408,8.519,8.4,8.481,29518.68
2025-10-29 01:05:00,1761699900000,8.481,8.487,8.426,8.451,36486.13
2025-10-29 01:10:00,1761700200000,8.452,8.482,8.445,8.46,39513.19
2025-10-29 01:15:00,1761700500000,8.459,8.485,8.457,8.467,53355.55
2025-10-29 01:20:00,1761700800000,8.466,8.568,8.462,8.513,44436.06
2025-10-29 01:25:00,1761701100000,8.514,8.546,8.493,8.523,34981.92
2025-10-29 01:30:00,1761701400000,8.523,8.588,8.522,8.558,37484.15
2025-10-29 01:35:00,1761701700000,8.558,8.573,8.531,8.544,36989.77
2025-10-29 01:40:00,1761702000000,8.543,8.711,8.543,8.665,52796.73
2025-10-29 01:45:00,1761702300000,8.667,8.675,8.545,8.574,31279.32
2025-10-29 01:50:00,1761702600000,8.571,8.596,8.564,8.579,32943.78
2025-10-29 01:55:00,1761702900000,8.579,8.609,8.572,8.606,28656.85
2025-10-29 02:00:00,1761703200000,8.606,8.607,8.566,8.577,45685.25
2025-10-29 02:05:00,1761703500000,8.578,8.62,8.544,8.613,37171.13
2025-10-29 02:10:00,1761703800000,8.613,8.614,8.584,8.59,42516.83
2025-10-29 02:15:00,1761704100000,8.59,8.598,8.567,8.595,26650.44
2025-10-29 02:20:00,1761704400000,8.595,8.615,8.587,8.602,38515.65
2025-10-29 02:25:00,1761704700000,8.602,8.651,8.596,8.607,105392.98
2025-10-29 02:30:00,1761705000000,8.608,8.624,8.586,8.619,126591.79
2025-10-29 02:35:00,1761705300000,8.618,8.658,8.617,8.641,210867.21
2025-10-29 02:40:00,1761705600000,8.642,8.667,8.629,8.649,302048.31
2025-10-29 02:45:00,1761705900000,8.649,8.708,8.578,8.604,342102.83
2025-10-29 02:50:00,1761706200000,8.606,8.71,8.593,8.665,361073.02
2025-10-29 02:55:00,1761706500000,8.665,8.681,8.616,8.625,388962.67
2025-10-29 03:00:00,1761706800000,8.625,8.652,8.603,8.612,429835.9
2025-10-29 03:05:00,1761707100000,8.614,8.629,8.605,8.621,336828.09
2025-10-29 03:10:00,1761707400000,8.622,8.638,8.608,8.629,327132.03
2025-10-29 03:15:00,1761707700000,8.629,8.65,8.611,8.623,357504.54
2025-10-29 03:20:00,1761708000000,8.623,8.645,8.621,8.64,452538.75
2025-10-29 03:25:00,1761708300000,8.639,8.64,8.612,8.626,481114.03
2025-10-29 03:30:00,1761708600000,8.626,8.664,8.623,8.637,443265.35
2025-10-29 03:35:00,1761708900000,8.636,8.674,8.634,8.671,435520.13
2025-10-29 03:40:00,1761709200000,8.67,8.711,8.627,8.663,430714.7
2025-10-29 03:45:00,1761709500000,8.663,8.719,8.635,8.644,294402.35
2025-10-29 03:50:00,1761709800000,8.643,8.684,8.641,8.646,349978.29
2025-10-29 03:55:00,1761710100000,8.646,8.655,8.633,8.637,289748.7
2025-10-29 04:00:00,1761710400000,8.637,8.65,8.601,8.646,388214.73
2025-10-29 04:05:00,1761710700000,8.645,8.65,8.631,8.647,409087.19
2025-10-29 04:10:00,1761711000000,8.648,8.66,8.64,8.646,437207.52
2025-10-29 04:15:00,1761711300000,8.646,8.66,8.642,8.651,379260.22
2025-10-29 04:20:00,1761711600000,8.65,8.68,8.647,8.653,418983.62
2025-10-29 04:25:00,1761711900000,8.653,8.68,8.648,8.678,452509.25
2025-10-29 04:30:00,1761712200000,8.679,8.703,8.668,8.693,478149.85
2025-10-29 04:35:00,1761712500000,8.694,8.716,8.673,8.691,571951.13
2025-10-29 04:40:00,1761712800000,8.691,8.731,8.685,8.716,563537.1
2025-10-29 04:45:00,1761713100000,8.716,8.738,8.707,8.716,654710.79
2025-10-29 04:50:00,1761713400000,8.717,8.793,8.698,8.725,675888.34
2025-10-29 04:55:00,1761713700000,8.724,8.761,8.673,8.718,572343.2
2025-10-29 05:00:00,1761714000000,8.718,8.831,8.714,8.742,640934.93
2025-10-29 05:05:00,1761714300000,8.743,8.76,8.735,8.747,696597.03
2025-10-29 05:10:00,1761714600000,8.747,8.754,8.699,8.73,640814.48
2025-10-29 05:15:00,1761714900000,8.731,8.8,8.715,8.79,767352.31
2025-10-29 05:20:00,1761715200000,8.789,8.82,8.78,8.783,585074.53
2025-10-29 05:25:00,1761715500000,8.784,8.789,8.74,8.759,488789.4
2025-10-29 05:30:00,1761715800000,8.759,8.778,8.735,8.736,592710.77
2025-10-29 05:35:00,1761716100000,8.735,8.738,8.707,8.725,620993.93
2025-10-29 05:40:00,1761716400000,8.726,8.756,8.724,8.741,564684.27
2025-10-29 05:45:00,1761716700000,8.742,8.785,8.74,8.764,666722.43
2025-10-29 05:50:00,1761717000000,8.764,8.77,8.747,8.764,748985.08
2025-10-29 05:55:00,1761717300000,8.764,8.771,8.747,8.754,910240.9
2025-10-29 06:00:00,1761717600000,8.753,8.763,8.742,8.746,764986.92
2025-10-29 06:05:00,1761717900000,8.746,8.794,8.742,8.778,738459.97
2025-10-29 06:10:00,1761718200000,8.778,8.812,8.767,8.787,777410.24
2025-10-29 06:15:00,1761718500000,8.788,8.831,8.78,8.789,913923.49
2025-10-29 06:20:00,1761718800000,8.788,8.848,8.78,8.82,904618.77
2025-10-29 06:25:00,1761719100000,8.82,8.822,8.804,8.809,737192.2
2025-10-29 06:30:00,1761719400000,8.81,8.827,8.792,8.818,827126.99
2025-10-29 06:35:00,1761719700000,8.819,8.833,8.802,8.809,866305.34
2025-10-29 06:40:00,1761720000000,8.809,8.833,8.795,8.808,1193993.87
2025-10-29 06:45:00,1761720300000,8.808,8.825,8.795,8.806,1032952.59
2025-10-29 06:50:00,1761720600000,8.807,8.827,8.798,8.819,1359823.31
2025-10-29 06:55:00,1761720900000,8.82,8.833,8.813,8.824,1384309.29
2025-10-29 07:00:00,1761721200000,8.824,8.89,8.819,8.887,1426589.19
2025-10-29 07:05:00,1761721500000,8.887,8.912,8.855,8.909,1523971.93
2025-10-29 07:10:00,1761721800000,8.909,8.927,8.842,8.862,1468463.61
2025-10-29 07:15:00,1761722100000,8.863,8.895,8.841,8.852,1531909.21
2025-10-29 07:20:00,1761722400000,8.852,8.898,8.848,8.88,1626282.43
2025-10-29 07:25:00,1761722700000,8.88,9.028,8.871,8.986,1804977.94
2025-10-29 07:30:00,1761723000000,8.986,9.012,8.915,8.95,1819434.62
2025-10-29 07:35:00,1761723300000,8.95,8.962,8.931,8.95,2048240.26
2025-10-29 07:40:00,1761723600000,8.949,8.981,8.936,8.949,2039022.57
2025-10-29 07:45:00,1761723900000,8.949,8.956,8.912,8.927,1786030.33
2025-10-29 07:50:00,1761724200000,8.927,8.989,8.912,8.936,1923964.75
2025-10-29 07:55:00,1761724500000,8.936,8.975,8.93,8.956,1795448.88
2025-10-29 08:00:00,1761724800000,8.956,8.959,8.628,8.687,1462315.34
2025-10-29 08:05:00,1761725100000,8.687,8.756,8.642,8.656,1294024.3
2025-10-29 08:10:00,1761725400000,8.656,8.694,8.546,8.615,897676.94
2025-10-29 08:15:00,1761725700000,8.615,8.65,8.465,8.582,1093182.68
2025-10-29 08:20:00,1761726000000,8.587,8.627,8.515,8.548,841380.29
2025-10-29 08:25:00,1761726300000,8.547,8.56,8.471,8.534,923865.42
2025-10-29 08:30:00,1761726600000,8.534,8.542,8.236,8.426,971362.97
2025-10-29 08:35:00,1761726900000,8.426,8.455,8.333,8.38,753082.48
2025-10-29 08:40:00,1761727200000,8.38,8.393,8.302,8.309,666480.83
2025-10-29 08:45:00,1761727500000,8.309,8.462,8.302,8.4,639712.33
2025-10-29 08:50:00,1761727800000,8.399,8.438,8.365,8.415,522285.07
2025-10-29 08:55:00,1761728100000,8.415,8.418,8.355,8.361,331693.35
2025-10-29 09:00:00,1761728400000,8.36,8.376,8.325,8.358,30247.1
2025-10-29 09:05:00,1761728700000,8.358,8.38,8.315,8.316,24353.78
2025-10-29 09:10:00,1761729000000,8.32,8.329,8.296,8.319,20876.45
2025-10-29 09:15:00,1761729300000,8.318,8.377,8.316,8.373,20823.55
2025-10-29 09:20:00,1761729600000,8.374,8.407,8.365,8.398,12091.86
2025-10-29 09:25:00,1761729900000,8.4,8.414,8.384,8.393,8274.67
2025-10-29 09:30:00,1761730200000,8.395,8.475,8.383,8.467,11623.35
2025-10-29 09:35:00,1761730500000,8.467,8.538,8.455,8.524,18680.14
2025-10-29 09:40:00,1761730800000,8.519,8.538,8.5,8.508,4490.55
2025-10-29 09:45:00,1761731100000,8.511,8.523,8.477,8.491,8353.5
2025-10-29 09:50:00,1761731400000,8.487,8.532,8.472,8.518,10860.54
2025-10-29 09:55:00,1761731700000,8.52,8.536,8.507,8.512,3305.16
2025-10-29 10:00:00,1761732000000,8.51,8.589,8.507,8.55,15850.42
2025-10-29 10:05:00,1761732300000,8.552,8.57,8.511,8.512,7763.2
2025-10-29 10:10:00,1761732600000,8.516,8.551,8.511,8.522,9189.97
2025-10-29 10:15:00,1761732900000,8.525,8.578,8.517,8.558,6871.05
2025-10-29 10:20:00,1761733200000,8.553,8.559,8.525,8.543,6104.68
2025-10-29 10:25:00,1761733500000,8.548,8.576,8.535,8.568,5981.01
2025-10-29 10:30:00,1761733800000,8.571,8.688,8.531,8.667,23772.98
2025-10-29 10:35:00,1761734100000,8.668,8.676,8.592,8.594,11788.7
2025-10-29 10:40:00,1761734400000,8.594,8.611,8.572,8.586,6236.62
2025-10-29 10:45:00,1761734700000,8.588,8.614,8.561,8.561,9631.18
2025-10-29 10:50:00,1761735000000,8.561,8.583,8.513,8.535,9584.12
2025-10-29 10:55:00,1761735300000,8.531,8.54,8.506,8.524,6422.22
2025-10-29 11:00:00,1761735600000,8.526,8.526,8.467,8.493,5925.31
2025-10-29 11:05:00,1761735900000,8.489,8.57,8.477,8.559,12925.52
2025-10-29 11:10:00,1761736200000,8.56,8.588,8.553,8.582,4437.48
2025-10-29 11:15:00,1761736500000,8.583,8.614,8.572,8.601,3484.24
2025-10-29 11:20:00,1761736800000,8.602,8.699,8.598,8.668,20849.85
2025-10-29 11:25:00,1761737100000,8.669,8.703,8.649,8.675,11737.39
2025-10-29 11:30:00,1761737400000,8.674,8.703,8.657,8.672,4514.95
2025-10-29 11:35:00,1761737700000,8.668,8.835,8.634,8.653,45991.35
2025-10-29 11:40:00,1761738000000,8.656,8.703,8.615,8.63,11698.16
2025-10-29 11:45:00,1761738300000,8.631,8.709,8.629,8.676,16489.01
2025-10-29 11:50:00,1761738600000,8.673,8.722,8.669,8.708,4210.68
2025-10-29 11:55:00,1761738900000,8.706,8.72,8.668,8.681,5394.6
2025-10-29 12:00:00,1761739200000,8.681,8.718,8.674,8.697,4845.6
2025-10-29 12:05:00,1761739500000,8.701,8.776,8.699,8.767,14634.28
2025-10-29 12:10:00,1761739800000,8.766,8.789,8.711,8.746,14111.8
2025-10-29 12:15:00,1761740100000,8.746,8.762,8.731,8.74,4645.33
2025-10-29 12:20:00,1761740400000,8.74,8.786,8.729,8.74,9886.64
2025-10-29 12:25:00,1761740700000,8.741,8.799,8.741,8.773,5594.91
