datetime,timestamp,open,high,low,close,volume
2024-09-13 10:00:00,1726221600000,0.3794,1.0,0.378,0.4061,8184636.4
2024-09-13 10:05:00,1726221900000,0.4053,0.4096,0.39,0.3948,3348164.6
2024-09-13 10:10:00,1726222200000,0.3947,0.405,0.3946,0.4013,1688138.7
2024-09-13 10:15:00,1726222500000,0.4013,0.41,0.4005,0.4072,1692146.8
2024-09-13 10:20:00,1726222800000,0.4072,0.4146,0.3893,0.411,2552782.6
2024-09-13 10:25:00,1726223100000,0.4109,0.425,0.408,0.409,2924338.3
2024-09-13 10:30:00,1726223400000,0.409,0.4169,0.4085,0.4104,984253.4
2024-09-13 10:35:00,1726223700000,0.4104,0.4105,0.4015,0.4031,1817225.3
2024-09-13 10:40:00,1726224000000,0.4031,0.4094,0.4031,0.4054,1260000.1
2024-09-13 10:45:00,1726224300000,0.4054,0.4077,0.405,0.407,728005.6
2024-09-13 10:50:00,1726224600000,0.4073,0.412,0.4071,0.412,658379.8
2024-09-13 10:55:00,1726224900000,0.4117,0.413,0.4092,0.4099,703441.4
2024-09-13 11:00:00,1726225200000,0.41,0.4123,0.4072,0.4122,507143.0
2024-09-13 11:05:00,1726225500000,0.412,0.4158,0.4118,0.4154,869482.7
2024-09-13 11:10:00,1726225800000,0.415,0.4205,0.4146,0.4161,1355174.4
2024-09-13 11:15:00,1726226100000,0.4161,0.4167,0.41,0.4105,633542.4
2024-09-13 11:20:00,1726226400000,0.4105,0.4143,0.41,0.4139,492491.6
2024-09-13 11:25:00,1726226700000,0.414,0.414,0.4091,0.412,701315.5
2024-09-13 11:30:00,1726227000000,0.4121,0.414,0.4121,0.4121,546322.2
2024-09-13 11:35:00,1726227300000,0.4121,0.4126,0.4116,0.4119,307463.1
2024-09-13 11:40:00,1726227600000,0.4119,0.4122,0.4082,0.4087,709489.6
2024-09-13 11:45:00,1726227900000,0.4088,0.4093,0.4072,0.4078,581089.5
2024-09-13 11:50:00,1726228200000,0.4075,0.4091,0.4066,0.407,614427.9
2024-09-13 11:55:00,1726228500000,0.4072,0.4076,0.4041,0.405,873088.9
2024-09-13 12:00:00,1726228800000,0.405,0.4072,0.4043,0.4068,397027.5
2024-09-13 12:05:00,1726229100000,0.4068,0.4079,0.4067,0.4074,352227.1
2024-09-13 12:10:00,1726229400000,0.4074,0.4082,0.4063,0.407,391550.5
2024-09-13 12:15:00,1726229700000,0.407,0.4132,0.4067,0.4129,956958.9
2024-09-13 12:20:00,1726230000000,0.413,0.4133,0.4073,0.4104,1083272.9
2024-09-13 12:25:00,1726230300000,0.4103,0.4155,0.4102,0.4144,871818.8
2024-09-13 12:30:00,1726230600000,0.4145,0.4148,0.4131,0.4138,840447.6
2024-09-13 12:35:00,1726230900000,0.4139,0.4193,0.4136,0.418,1391846.6
2024-09-13 12:40:00,1726231200000,0.4178,0.43,0.4172,0.4276,2721781.5
2024-09-13 12:45:00,1726231500000,0.4274,0.4321,0.4203,0.4233,3979282.3
2024-09-13 12:50:00,1726231800000,0.4235,0.4257,0.419,0.425,1849703.4
2024-09-13 12:55:00,1726232100000,0.4247,0.4261,0.4207,0.4255,1500703.5
2024-09-13 13:00:00,1726232400000,0.4255,0.4332,0.4251,0.433,2193148.2
2024-09-13 13:05:00,1726232700000,0.433,0.436,0.43,0.4322,1685867.8
2024-09-13 13:10:00,1726233000000,0.4325,0.4372,0.43,0.437,1834613.5
2024-09-13 13:15:00,1726233300000,0.437,0.445,0.4366,0.4448,2507803.5
2024-09-13 13:20:00,1726233600000,0.4446,0.4464,0.4404,0.445,1460160.0
2024-09-13 13:25:00,1726233900000,0.4451,0.4451,0.4391,0.4399,1885309.5
2024-09-13 13:30:00,1726234200000,0.4399,0.44,0.43,0.4329,2725539.4
2024-09-13 13:35:00,1726234500000,0.433,0.4375,0.4322,0.4328,1431680.7
2024-09-13 13:40:00,1726234800000,0.4323,0.4368,0.4317,0.4339,824708.6
2024-09-13 13:45:00,1726235100000,0.4341,0.4347,0.427,0.4301,1676710.3
2024-09-13 13:50:00,1726235400000,0.43,0.4335,0.4264,0.4286,1232185.1
2024-09-13 13:55:00,1726235700000,0.4286,0.4329,0.4286,0.4313,633206.0
2024-09-13 14:00:00,1726236000000,0.4314,0.4351,0.4313,0.4348,1318240.9
2024-09-13 14:05:00,1726236300000,0.4345,0.435,0.434,0.434,369447.7
2024-09-13 14:10:00,1726236600000,0.434,0.4365,0.4336,0.4361,800217.9
2024-09-13 14:15:00,1726236900000,0.4362,0.4385,0.4362,0.438,633871.1
2024-09-13 14:20:00,1726237200000,0.4378,0.4381,0.4305,0.433,1083910.6
2024-09-13 14:25:00,1726237500000,0.433,0.4333,0.4287,0.4303,858046.0
2024-09-13 14:30:00,1726237800000,0.4303,0.4304,0.4213,0.4226,1937441.9
2024-09-13 14:35:00,1726238100000,0.4226,0.4267,0.4223,0.4263,656497.8
2024-09-13 14:40:00,1726238400000,0.4263,0.4286,0.4257,0.4264,502516.8
2024-09-13 14:45:00,1726238700000,0.4264,0.4291,0.4236,0.424,759063.5
2024-09-13 14:50:00,1726239000000,0.4241,0.4264,0.4239,0.4257,715579.1
2024-09-13 14:55:00,1726239300000,0.4252,0.4294,0.4246,0.4285,897779.6
2024-09-13 15:00:00,1726239600000,0.4287,0.4304,0.425,0.425,706980.7
2024-09-13 15:05:00,1726239900000,0.4252,0.4262,0.421,0.4211,913827.5
2024-09-13 15:10:00,1726240200000,0.4213,0.4239,0.4212,0.4226,498657.6
2024-09-13 15:15:00,1726240500000,0.4226,0.424,0.4212,0.424,716542.3
2024-09-13 15:20:00,1726240800000,0.4237,0.4243,0.4212,0.4213,767543.5
2024-09-13 15:25:00,1726241100000,0.4212,0.423,0.4212,0.4227,618104.3
2024-09-13 15:30:00,1726241400000,0.4226,0.4228,0.4165,0.4168,1413613.9
2024-09-13 15:35:00,1726241700000,0.4173,0.4212,0.4167,0.42,693718.6
2024-09-13 15:40:00,1726242000000,0.4201,0.4239,0.4199,0.4218,728720.0
2024-09-13 15:45:00,1726242300000,0.4219,0.4228,0.4206,0.4228,461445.0
2024-09-13 15:50:00,1726242600000,0.4227,0.4232,0.422,0.4222,298026.1
2024-09-13 15:55:00,1726242900000,0.4222,0.4222,0.4192,0.4196,458863.6
2024-09-13 16:00:00,1726243200000,0.4196,0.4231,0.419,0.423,472754.2
2024-09-13 16:05:00,1726243500000,0.423,0.4248,0.4205,0.4218,570361.5
2024-09-13 16:10:00,1726243800000,0.4217,0.4256,0.4216,0.4256,568683.3
2024-09-13 16:15:00,1726244100000,0.4254,0.4281,0.4253,0.4276,784810.9
2024-09-13 16:20:00,1726244400000,0.4276,0.43,0.4215,0.424,889345.8
2024-09-13 16:25:00,1726244700000,0.4241,0.4252,0.4221,0.4223,406680.0
2024-09-13 16:30:00,1726245000000,0.4223,0.4246,0.4217,0.4219,361333.2
2024-09-13 16:35:00,1726245300000,0.4219,0.4222,0.4187,0.4205,460217.9
2024-09-13 16:40:00,1726245600000,0.4207,0.4209,0.4192,0.4201,213250.1
2024-09-13 16:45:00,1726245900000,0.4201,0.4227,0.42,0.4216,290900.9
2024-09-13 16:50:00,1726246200000,0.4216,0.4218,0.4155,0.4181,1287206.7
2024-09-13 16:55:00,1726246500000,0.4178,0.4196,0.4174,0.4183,282290.6
2024-09-13 17:00:00,1726246800000,0.4183,0.4211,0.4179,0.4188,369902.2
2024-09-13 17:05:00,1726247100000,0.4187,0.4205,0.4182,0.4196,272010.0
2024-09-13 17:10:00,1726247400000,0.4196,0.4209,0.4193,0.4202,214170.6
2024-09-13 17:15:00,1726247700000,0.4202,0.4209,0.42,0.42,172447.0
2024-09-13 17:20:00,1726248000000,0.4202,0.4202,0.418,0.4181,303827.9
2024-09-13 17:25:00,1726248300000,0.4183,0.4189,0.4157,0.4161,490425.3
2024-09-13 17:30:00,1726248600000,0.4162,0.4204,0.4158,0.4196,293775.5
2024-09-13 17:35:00,1726248900000,0.4196,0.4197,0.4181,0.4183,142059.5
2024-09-13 17:40:00,1726249200000,0.4183,0.4196,0.4179,0.4193,90416.6
2024-09-13 17:45:00,1726249500000,0.4193,0.4217,0.4179,0.4182,642312.3
2024-09-13 17:50:00,1726249800000,0.4182,0.4195,0.416,0.4181,540823.7
2024-09-13 17:55:00,1726250100000,0.4179,0.4195,0.4176,0.4192,245186.6
2024-09-13 18:00:00,1726250400000,0.4191,0.4198,0.4173,0.4182,384444.8
2024-09-13 18:05:00,1726250700000,0.4178,0.4189,0.4173,0.4184,189815.6
2024-09-13 18:10:00,1726251000000,0.4184,0.42,0.4183,0.4193,156642.9
2024-09-13 18:15:00,1726251300000,0.4192,0.4199,0.4183,0.4196,221887.3
2024-09-13 18:20:00,1726251600000,0.4199,0.4208,0.4195,0.42,290267.6
2024-09-13 18:25:00,1726251900000,0.4199,0.4204,0.4192,0.4202,323594.3
2024-09-13 18:30:00,1726252200000,0.4202,0.4212,0.4201,0.4208,278820.8
2024-09-13 18:35:00,1726252500000,0.4208,0.4215,0.4195,0.4207,614410.5
2024-09-13 18:40:00,1726252800000,0.4208,0.421,0.4203,0.4206,109044.6
2024-09-13 18:45:00,1726253100000,0.4207,0.4207,0.4189,0.4201,226127.8
2024-09-13 18:50:00,1726253400000,0.4199,0.42,0.418,0.4182,184241.2
2024-09-13 18:55:00,1726253700000,0.4181,0.4243,0.418,0.4232,1266803.7
2024-09-13 19:00:00,1726254000000,0.4232,0.4278,0.4228,0.4236,1286479.1
2024-09-13 19:05:00,1726254300000,0.4235,0.4236,0.4208,0.4209,243160.8
2024-09-13 19:10:00,1726254600000,0.421,0.4236,0.421,0.4225,157841.7
2024-09-13 19:15:00,1726254900000,0.4225,0.4228,0.4211,0.4213,93491.0
2024-09-13 19:20:00,1726255200000,0.4214,0.4221,0.4212,0.4215,114036.5
2024-09-13 19:25:00,1726255500000,0.4215,0.4222,0.4211,0.4214,148740.8
2024-09-13 19:30:00,1726255800000,0.4216,0.422,0.4201,0.422,269816.1
2024-09-13 19:35:00,1726256100000,0.4218,0.4219,0.4184,0.421,234595.7
2024-09-13 19:40:00,1726256400000,0.4208,0.4225,0.4206,0.421,271230.0
2024-09-13 19:45:00,1726256700000,0.4215,0.423,0.421,0.4219,142657.3
2024-09-13 19:50:00,1726257000000,0.4219,0.4227,0.42,0.42,200355.7
2024-09-13 19:55:00,1726257300000,0.4202,0.4243,0.42,0.4227,311378.9
2024-09-13 20:00:00,1726257600000,0.4228,0.4229,0.4202,0.421,198840.2
2024-09-13 20:05:00,1726257900000,0.4212,0.4219,0.4209,0.4214,57882.0
2024-09-13 20:10:00,1726258200000,0.4214,0.4222,0.4207,0.4221,117852.5
2024-09-13 20:15:00,1726258500000,0.4219,0.4219,0.4206,0.4213,94729.6
2024-09-13 20:20:00,1726258800000,0.4213,0.4229,0.4211,0.4223,152890.9
2024-09-13 20:25:00,1726259100000,0.4221,0.4226,0.4217,0.4226,169172.1
2024-09-13 20:30:00,1726259400000,0.4225,0.424,0.4223,0.4232,170865.2
2024-09-13 20:35:00,1726259700000,0.4232,0.4232,0.4216,0.4229,131362.1
2024-09-13 20:40:00,1726260000000,0.4229,0.424,0.4227,0.4239,81626.5
2024-09-13 20:45:00,1726260300000,0.4239,0.4248,0.4222,0.4245,255203.4
2024-09-13 20:50:00,1726260600000,0.4245,0.4245,0.4225,0.4227,89988.9
2024-09-13 20:55:00,1726260900000,0.4227,0.423,0.4216,0.4216,123679.6
2024-09-13 21:00:00,1726261200000,0.4216,0.4218,0.4185,0.42,408952.1
2024-09-13 21:05:00,1726261500000,0.42,0.4203,0.4188,0.4189,114295.1
2024-09-13 21:10:00,1726261800000,0.4188,0.4215,0.4171,0.4188,500604.0
2024-09-13 21:15:00,1726262100000,0.4187,0.4194,0.417,0.4177,272819.0
2024-09-13 21:20:00,1726262400000,0.4177,0.4179,0.416,0.4178,411735.9
2024-09-13 21:25:00,1726262700000,0.4177,0.4177,0.4161,0.4166,214782.4
2024-09-13 21:30:00,1726263000000,0.4166,0.419,0.4162,0.4189,349019.5
2024-09-13 21:35:00,1726263300000,0.4189,0.42,0.4177,0.4183,220064.4
2024-09-13 21:40:00,1726263600000,0.4183,0.4194,0.4183,0.4186,58484.5
2024-09-13 21:45:00,1726263900000,0.4186,0.4188,0.4171,0.4177,131257.2
2024-09-13 21:50:00,1726264200000,0.4173,0.4183,0.4173,0.4182,59894.8
2024-09-13 21:55:00,1726264500000,0.4181,0.4201,0.4181,0.4197,200866.7
2024-09-13 22:00:00,1726264800000,0.4198,0.4207,0.4193,0.4204,197822.6
2024-09-13 22:05:00,1726265100000,0.4203,0.4207,0.419,0.4198,232621.8
2024-09-13 22:10:00,1726265400000,0.4199,0.4205,0.4192,0.4199,181542.8
2024-09-13 22:15:00,1726265700000,0.42,0.4219,0.4197,0.4205,203379.7
2024-09-13 22:20:00,1726266000000,0.4204,0.4207,0.4198,0.4204,93210.3
2024-09-13 22:25:00,1726266300000,0.4204,0.4209,0.417,0.4185,375596.1
2024-09-13 22:30:00,1726266600000,0.4183,0.4207,0.4181,0.4194,214915.5
2024-09-13 22:35:00,1726266900000,0.4194,0.4197,0.4177,0.419,354634.3
2024-09-13 22:40:00,1726267200000,0.4193,0.42,0.4172,0.4177,198961.1
2024-09-13 22:45:00,1726267500000,0.4176,0.4183,0.4173,0.4177,174694.1
2024-09-13 22:50:00,1726267800000,0.4177,0.4186,0.417,0.4181,133197.4
2024-09-13 22:55:00,1726268100000,0.4181,0.4188,0.4177,0.4181,82072.1
2024-09-13 23:00:00,1726268400000,0.4181,0.4184,0.4176,0.4183,109662.1
2024-09-13 23:05:00,1726268700000,0.418,0.4187,0.4171,0.4171,135938.0
2024-09-13 23:10:00,1726269000000,0.417,0.4185,0.417,0.4173,76631.5
2024-09-13 23:15:00,1726269300000,0.4172,0.4175,0.41,0.4144,1736339.4
2024-09-13 23:20:00,1726269600000,0.4147,0.415,0.414,0.4147,175661.4
2024-09-13 23:25:00,1726269900000,0.4147,0.4151,0.4143,0.415,188830.1
2024-09-13 23:30:00,1726270200000,0.4146,0.415,0.4127,0.4136,287253.2
2024-09-13 23:35:00,1726270500000,0.4136,0.414,0.4125,0.413,125194.8
2024-09-13 23:40:00,1726270800000,0.4125,0.4137,0.4096,0.4103,503605.8
2024-09-13 23:45:00,1726271100000,0.4106,0.4133,0.4102,0.4107,333469.2
2024-09-13 23:50:00,1726271400000,0.4106,0.4126,0.4103,0.4114,201742.7
2024-09-13 23:55:00,1726271700000,0.4114,0.4122,0.41,0.4108,183008.3
2024-09-14 00:00:00,1726272000000,0.4108,0.4126,0.4095,0.4097,293677.1
2024-09-14 00:05:00,1726272300000,0.4097,0.4112,0.4079,0.4112,356935.4
2024-09-14 00:10:00,1726272600000,0.4113,0.4119,0.4094,0.4099,347613.5
2024-09-14 00:15:00,1726272900000,0.4099,0.4125,0.407,0.4121,967940.7
2024-09-14 00:20:00,1726273200000,0.4122,0.413,0.4105,0.411,247783.3
2024-09-14 00:25:00,1726273500000,0.411,0.4128,0.4107,0.4125,288660.5
2024-09-14 00:30:00,1726273800000,0.4128,0.414,0.4111,0.4135,388420.6
2024-09-14 00:35:00,1726274100000,0.4135,0.4149,0.4131,0.4136,382004.8
2024-09-14 00:40:00,1726274400000,0.4139,0.4157,0.4139,0.415,231591.8
2024-09-14 00:45:00,1726274700000,0.415,0.4171,0.4149,0.4163,558150.9
2024-09-14 00:50:00,1726275000000,0.4162,0.4197,0.4162,0.4194,374359.6
2024-09-14 00:55:00,1726275300000,0.4194,0.4201,0.418,0.4195,516434.4
2024-09-14 01:00:00,1726275600000,0.4197,0.4197,0.4179,0.4196,216725.0
2024-09-14 01:05:00,1726275900000,0.4196,0.4202,0.4177,0.42,229138.4
2024-09-14 01:10:00,1726276200000,0.4203,0.4223,0.42,0.421,315872.1
2024-09-14 01:15:00,1726276500000,0.421,0.4212,0.4194,0.4194,160740.9
2024-09-14 01:20:00,1726276800000,0.4198,0.4239,0.4197,0.4229,427532.8
2024-09-14 01:25:00,1726277100000,0.4231,0.4239,0.4211,0.4215,241231.8
2024-09-14 01:30:00,1726277400000,0.4215,0.423,0.4212,0.4214,160852.6
2024-09-14 01:35:00,1726277700000,0.4214,0.4214,0.418,0.4186,390431.1
2024-09-14 01:40:00,1726278000000,0.4185,0.4199,0.4181,0.4188,167152.0
2024-09-14 01:45:00,1726278300000,0.4189,0.4199,0.4186,0.4188,122806.2
2024-09-14 01:50:00,1726278600000,0.4191,0.4205,0.4188,0.4202,142089.6
2024-09-14 01:55:00,1726278900000,0.4199,0.4203,0.4172,0.418,373220.8
2024-09-14 02:00:00,1726279200000,0.418,0.4188,0.4156,0.4171,452128.4
2024-09-14 02:05:00,1726279500000,0.4174,0.4174,0.4163,0.4164,246789.5
2024-09-14 02:10:00,1726279800000,0.4164,0.4175,0.4163,0.4171,171664.1
2024-09-14 02:15:00,1726280100000,0.4171,0.4173,0.415,0.4173,185532.2
2024-09-14 02:20:00,1726280400000,0.4173,0.4173,0.4159,0.4161,133246.8
2024-09-14 02:25:00,1726280700000,0.4161,0.4173,0.416,0.4173,181197.1
2024-09-14 02:30:00,1726281000000,0.4173,0.4176,0.4159,0.4159,100457.5
2024-09-14 02:35:00,1726281300000,0.4159,0.4175,0.4159,0.4174,115184.1
2024-09-14 02:40:00,1726281600000,0.4174,0.42,0.4171,0.4192,566163.5
2024-09-14 02:45:00,1726281900000,0.4195,0.4195,0.4176,0.418,57423.9
2024-09-14 02:50:00,1726282200000,0.4179,0.4181,0.4173,0.4175,108283.1
2024-09-14 02:55:00,1726282500000,0.4175,0.4183,0.4173,0.418,70258.1
2024-09-14 03:00:00,1726282800000,0.4179,0.4196,0.4173,0.4196,180687.3
2024-09-14 03:05:00,1726283100000,0.4195,0.42,0.4184,0.4185,133424.2
2024-09-14 03:10:00,1726283400000,0.4186,0.42,0.4173,0.4195,235291.3
2024-09-14 03:15:00,1726283700000,0.4195,0.42,0.4195,0.4199,139219.7
2024-09-14 03:20:00,1726284000000,0.4199,0.42,0.4195,0.4196,342239.4
2024-09-14 03:25:00,1726284300000,0.4196,0.42,0.4195,0.4197,191896.0
2024-09-14 03:30:00,1726284600000,0.4198,0.4204,0.4194,0.4204,170029.4
2024-09-14 03:35:00,1726284900000,0.4204,0.4229,0.4201,0.4228,266609.5
2024-09-14 03:40:00,1726285200000,0.4228,0.4234,0.4207,0.4218,390691.0
2024-09-14 03:45:00,1726285500000,0.4218,0.4231,0.4212,0.4229,133489.6
2024-09-14 03:50:00,1726285800000,0.423,0.4231,0.4217,0.4224,106379.0
2024-09-14 03:55:00,1726286100000,0.4224,0.4237,0.4223,0.4237,161590.0
2024-09-14 04:00:00,1726286400000,0.4238,0.424,0.422,0.4228,246196.8
2024-09-14 04:05:00,1726286700000,0.4228,0.4232,0.4213,0.4217,179869.9
2024-09-14 04:10:00,1726287000000,0.4218,0.4228,0.4216,0.4224,91823.3
2024-09-14 04:15:00,1726287300000,0.4221,0.4224,0.4201,0.4205,178107.6
2024-09-14 04:20:00,1726287600000,0.4205,0.4205,0.4194,0.4202,161479.0
2024-09-14 04:25:00,1726287900000,0.4202,0.421,0.4197,0.4203,197195.9
2024-09-14 04:30:00,1726288200000,0.4201,0.4209,0.4197,0.4205,132379.8
2024-09-14 04:35:00,1726288500000,0.4205,0.4222,0.4203,0.422,135050.5
2024-09-14 04:40:00,1726288800000,0.4219,0.4219,0.4196,0.4207,149892.9
2024-09-14 04:45:00,1726289100000,0.4207,0.421,0.4194,0.4202,135902.5
2024-09-14 04:50:00,1726289400000,0.4202,0.4202,0.4192,0.4197,121256.8
2024-09-14 04:55:00,1726289700000,0.4196,0.4199,0.4185,0.4188,335023.4
2024-09-14 05:00:00,1726290000000,0.4189,0.4198,0.4171,0.4193,257957.0
2024-09-14 05:05:00,1726290300000,0.4192,0.4198,0.419,0.4198,71884.4
2024-09-14 05:10:00,1726290600000,0.4194,0.4202,0.4193,0.4202,77416.4
2024-09-14 05:15:00,1726290900000,0.4202,0.4217,0.4195,0.4217,185417.8
2024-09-14 05:20:00,1726291200000,0.4217,0.4226,0.4213,0.4221,171662.2
2024-09-14 05:25:00,1726291500000,0.4218,0.4229,0.4212,0.4222,226483.8
2024-09-14 05:30:00,1726291800000,0.4221,0.4228,0.4206,0.4207,127409.0
2024-09-14 05:35:00,1726292100000,0.4206,0.4216,0.42,0.4216,68254.8
2024-09-14 05:40:00,1726292400000,0.4216,0.4227,0.4214,0.4226,112883.8
2024-09-14 05:45:00,1726292700000,0.4227,0.4227,0.4216,0.422,146346.3
2024-09-14 05:50:00,1726293000000,0.422,0.422,0.4184,0.4191,372207.4
2024-09-14 05:55:00,1726293300000,0.4192,0.4195,0.411,0.4153,986393.2
2024-09-14 06:00:00,1726293600000,0.4149,0.4172,0.4146,0.416,317624.4
2024-09-14 06:05:00,1726293900000,0.416,0.4163,0.4133,0.4147,554589.8
2024-09-14 06:10:00,1726294200000,0.4145,0.416,0.4136,0.4148,210012.9
2024-09-14 06:15:00,1726294500000,0.4146,0.4155,0.4143,0.4155,183923.6
2024-09-14 06:20:00,1726294800000,0.4155,0.4163,0.4142,0.4152,185105.5
2024-09-14 06:25:00,1726295100000,0.4152,0.4162,0.4149,0.4161,127724.8
2024-09-14 06:30:00,1726295400000,0.4162,0.4163,0.4155,0.4161,58934.0
2024-09-14 06:35:00,1726295700000,0.416,0.4164,0.4153,0.416,120075.7
2024-09-14 06:40:00,1726296000000,0.416,0.4173,0.4159,0.4165,190149.4
2024-09-14 06:45:00,1726296300000,0.4165,0.4181,0.4161,0.4173,111806.1
2024-09-14 06:50:00,1726296600000,0.4175,0.419,0.4172,0.4182,173188.4
2024-09-14 06:55:00,1726296900000,0.418,0.42,0.4179,0.4187,397886.5
2024-09-14 07:00:00,1726297200000,0.4189,0.4198,0.4183,0.4188,242331.1
2024-09-14 07:05:00,1726297500000,0.4188,0.4188,0.4164,0.4167,177673.7
2024-09-14 07:10:00,1726297800000,0.4166,0.4175,0.4165,0.4169,72759.2
2024-09-14 07:15:00,1726298100000,0.4169,0.4181,0.4162,0.4178,156933.5
2024-09-14 07:20:00,1726298400000,0.418,0.4187,0.4177,0.4181,85807.1
2024-09-14 07:25:00,1726298700000,0.4182,0.4182,0.4167,0.417,110079.8
2024-09-14 07:30:00,1726299000000,0.417,0.4176,0.4163,0.4168,132902.4
2024-09-14 07:35:00,1726299300000,0.4168,0.4169,0.4159,0.416,171368.2
2024-09-14 07:40:00,1726299600000,0.4159,0.4162,0.4157,0.416,116746.4
2024-09-14 07:45:00,1726299900000,0.416,0.4168,0.416,0.4162,71736.4
2024-09-14 07:50:00,1726300200000,0.4163,0.4165,0.416,0.416,115154.2
2024-09-14 07:55:00,1726300500000,0.416,0.4161,0.4141,0.4147,525281.8
2024-09-14 08:00:00,1726300800000,0.4147,0.4159,0.4143,0.4153,142796.4
2024-09-14 08:05:00,1726301100000,0.4154,0.4158,0.4148,0.4157,163671.9
2024-09-14 08:10:00,1726301400000,0.4157,0.4158,0.4153,0.4158,100666.5
2024-09-14 08:15:00,1726301700000,0.4158,0.4166,0.4156,0.4161,114290.6
2024-09-14 08:20:00,1726302000000,0.4161,0.4163,0.4156,0.4157,128077.9
2024-09-14 08:25:00,1726302300000,0.4158,0.4158,0.4139,0.4155,392376.5
2024-09-14 08:30:00,1726302600000,0.4157,0.4162,0.415,0.4159,76355.4
2024-09-14 08:35:00,1726302900000,0.4159,0.4161,0.4123,0.4142,296237.5
2024-09-14 08:40:00,1726303200000,0.4142,0.4149,0.4134,0.414,139565.0
2024-09-14 08:45:00,1726303500000,0.4142,0.4143,0.4129,0.413,117900.5
2024-09-14 08:50:00,1726303800000,0.413,0.4143,0.4115,0.4138,295430.8
2024-09-14 08:55:00,1726304100000,0.4137,0.4143,0.4129,0.4135,151392.2
2024-09-14 09:00:00,1726304400000,0.4136,0.4149,0.4135,0.4148,65460.3
2024-09-14 09:05:00,1726304700000,0.4147,0.4152,0.4143,0.4144,80579.5
2024-09-14 09:10:00,1726305000000,0.4146,0.4147,0.4138,0.4146,89493.5
2024-09-14 09:15:00,1726305300000,0.4145,0.4146,0.414,0.414,126609.7
2024-09-14 09:20:00,1726305600000,0.414,0.4144,0.4136,0.4137,93545.8
2024-09-14 09:25:00,1726305900000,0.4136,0.4139,0.4126,0.4136,114240.8
2024-09-14 09:30:00,1726306200000,0.4136,0.4136,0.4123,0.4133,135336.8
2024-09-14 09:35:00,1726306500000,0.4132,0.4143,0.413,0.4139,100280.6
2024-09-14 09:40:00,1726306800000,0.4141,0.4143,0.4127,0.4127,108165.2
2024-09-14 09:45:00,1726307100000,0.4131,0.4139,0.4125,0.4129,88020.2
2024-09-14 09:50:00,1726307400000,0.413,0.4153,0.4127,0.4148,119990.3
2024-09-14 09:55:00,1726307700000,0.4147,0.4152,0.4144,0.4151,109188.9
2024-09-14 10:00:00,1726308000000,0.4151,0.4151,0.4129,0.4135,149216.5
2024-09-14 10:05:00,1726308300000,0.4135,0.4146,0.413,0.4141,143657.7
2024-09-14 10:10:00,1726308600000,0.4142,0.4145,0.4137,0.4139,78118.6
2024-09-14 10:15:00,1726308900000,0.4139,0.4141,0.4124,0.4124,129892.9
2024-09-14 10:20:00,1726309200000,0.4125,0.4135,0.4109,0.4127,239468.1
2024-09-14 10:25:00,1726309500000,0.4127,0.4129,0.4117,0.4121,112744.1
2024-09-14 10:30:00,1726309800000,0.4121,0.413,0.4111,0.4121,158456.4
2024-09-14 10:35:00,1726310100000,0.412,0.4128,0.4114,0.412,139788.7
2024-09-14 10:40:00,1726310400000,0.412,0.4133,0.4114,0.412,127482.8
2024-09-14 10:45:00,1726310700000,0.412,0.4122,0.4117,0.4117,109164.8
2024-09-14 10:50:00,1726311000000,0.4117,0.4117,0.406,0.4094,1468310.6
2024-09-14 10:55:00,1726311300000,0.4095,0.4102,0.4082,0.4089,424406.8
2024-09-14 11:00:00,1726311600000,0.4089,0.4092,0.4071,0.4082,488323.9
2024-09-14 11:05:00,1726311900000,0.4083,0.4087,0.4072,0.4079,309977.7
2024-09-14 11:10:00,1726312200000,0.4079,0.4088,0.4073,0.4085,190717.2
2024-09-14 11:15:00,1726312500000,0.4086,0.4087,0.4062,0.4083,384166.4
2024-09-14 11:20:00,1726312800000,0.4083,0.4084,0.4065,0.4065,273104.5
2024-09-14 11:25:00,1726313100000,0.4065,0.4098,0.4057,0.4088,574731.4
2024-09-14 11:30:00,1726313400000,0.4088,0.4095,0.4079,0.4084,140679.8
2024-09-14 11:35:00,1726313700000,0.4082,0.4086,0.4063,0.407,339947.5
2024-09-14 11:40:00,1726314000000,0.4071,0.4075,0.4062,0.4072,168490.8
2024-09-14 11:45:00,1726314300000,0.4073,0.4082,0.4072,0.4074,121915.8
2024-09-14 11:50:00,1726314600000,0.4074,0.4089,0.4073,0.4078,220441.6
2024-09-14 11:55:00,1726314900000,0.4078,0.4091,0.4078,0.4085,124027.6
2024-09-14 12:00:00,1726315200000,0.4084,0.4085,0.4073,0.408,195277.7
2024-09-14 12:05:00,1726315500000,0.408,0.4081,0.4073,0.4078,94661.1
2024-09-14 12:10:00,1726315800000,0.4077,0.4086,0.4077,0.4082,88849.5
2024-09-14 12:15:00,1726316100000,0.4082,0.4082,0.4077,0.408,180489.8
2024-09-14 12:20:00,1726316400000,0.408,0.4081,0.4074,0.4075,119346.1
2024-09-14 12:25:00,1726316700000,0.4075,0.4076,0.407,0.4075,77530.4
2024-09-14 12:30:00,1726317000000,0.4076,0.4085,0.4076,0.4078,207376.0
2024-09-14 12:35:00,1726317300000,0.4078,0.4081,0.407,0.4075,125825.8
2024-09-14 12:40:00,1726317600000,0.4075,0.409,0.4037,0.4082,653579.6
2024-09-14 12:45:00,1726317900000,0.4082,0.4143,0.4078,0.4103,1049220.4
2024-09-14 12:50:00,1726318200000,0.4103,0.4109,0.4096,0.4103,115210.3
2024-09-14 12:55:00,1726318500000,0.4101,0.4111,0.4099,0.4107,151807.1
2024-09-14 13:00:00,1726318800000,0.4108,0.4114,0.4096,0.4114,131944.9
2024-09-14 13:05:00,1726319100000,0.4114,0.4131,0.4109,0.4118,312991.2
2024-09-14 13:10:00,1726319400000,0.4119,0.4119,0.4104,0.4107,200379.4
2024-09-14 13:15:00,1726319700000,0.4104,0.4114,0.41,0.4112,104609.6
2024-09-14 13:20:00,1726320000000,0.4113,0.4115,0.4109,0.4113,126607.3
2024-09-14 13:25:00,1726320300000,0.4112,0.4114,0.4064,0.4091,451301.9
2024-09-14 13:30:00,1726320600000,0.409,0.4111,0.409,0.4109,137392.0
2024-09-14 13:35:00,1726320900000,0.4109,0.4116,0.4094,0.4098,140769.0
2024-09-14 13:40:00,1726321200000,0.4097,0.4103,0.4088,0.4099,207335.5
2024-09-14 13:45:00,1726321500000,0.4098,0.4098,0.409,0.409,85758.5
2024-09-14 13:50:00,1726321800000,0.409,0.4092,0.4081,0.4086,150770.4
2024-09-14 13:55:00,1726322100000,0.4087,0.4099,0.4082,0.4093,130952.8
2024-09-14 14:00:00,1726322400000,0.4092,0.4093,0.4079,0.4084,284849.9
2024-09-14 14:05:00,1726322700000,0.4084,0.4086,0.407,0.4085,251291.8
2024-09-14 14:10:00,1726323000000,0.4085,0.4094,0.408,0.408,202906.4
2024-09-14 14:15:00,1726323300000,0.4078,0.4092,0.4078,0.4089,173684.8
2024-09-14 14:20:00,1726323600000,0.409,0.4105,0.4088,0.4105,231207.3
2024-09-14 14:25:00,1726323900000,0.4105,0.411,0.4091,0.4096,458966.4
2024-09-14 14:30:00,1726324200000,0.4096,0.4108,0.4095,0.4101,134150.5
2024-09-14 14:35:00,1726324500000,0.41,0.4108,0.409,0.4108,181383.4
2024-09-14 14:40:00,1726324800000,0.4107,0.4109,0.4101,0.4109,93664.9
2024-09-14 14:45:00,1726325100000,0.4108,0.4111,0.4101,0.4111,84606.9
2024-09-14 14:50:00,1726325400000,0.4111,0.4113,0.4109,0.4111,67910.6
2024-09-14 14:55:00,1726325700000,0.411,0.4115,0.4099,0.4113,367478.3
2024-09-14 15:00:00,1726326000000,0.4114,0.4117,0.4104,0.4108,74724.6
2024-09-14 15:05:00,1726326300000,0.411,0.4119,0.4106,0.4118,107292.8
2024-09-14 15:10:00,1726326600000,0.4118,0.4121,0.4105,0.4111,136917.1
2024-09-14 15:15:00,1726326900000,0.4109,0.4113,0.41,0.4113,157656.0
2024-09-14 15:20:00,1726327200000,0.4113,0.4137,0.4113,0.4126,400344.6
2024-09-14 15:25:00,1726327500000,0.4128,0.4129,0.4112,0.4116,282995.6
2024-09-14 15:30:00,1726327800000,0.4116,0.412,0.4108,0.4116,113679.8
2024-09-14 15:35:00,1726328100000,0.4117,0.4119,0.411,0.4116,85000.8
2024-09-14 15:40:00,1726328400000,0.4115,0.4115,0.4105,0.4108,68414.3
2024-09-14 15:45:00,1726328700000,0.4107,0.4118,0.41,0.411,125729.9
2024-09-14 15:50:00,1726329000000,0.4112,0.4123,0.4109,0.4118,102523.9
2024-09-14 15:55:00,1726329300000,0.4118,0.4118,0.41,0.4102,132800.3
2024-09-14 16:00:00,1726329600000,0.4101,0.4108,0.41,0.4105,55423.6
2024-09-14 16:05:00,1726329900000,0.4105,0.4112,0.4102,0.4105,52800.4
2024-09-14 16:10:00,1726330200000,0.4105,0.4107,0.4101,0.4106,71773.8
2024-09-14 16:15:00,1726330500000,0.4106,0.411,0.4094,0.4098,294345.1
2024-09-14 16:20:00,1726330800000,0.4098,0.41,0.4088,0.409,121112.0
2024-09-14 16:25:00,1726331100000,0.409,0.4094,0.4081,0.4092,159181.4
2024-09-14 16:30:00,1726331400000,0.4092,0.4094,0.4081,0.4087,164767.4
2024-09-14 16:35:00,1726331700000,0.4087,0.41,0.4085,0.4098,129624.4
2024-09-14 16:40:00,1726332000000,0.4099,0.4101,0.4082,0.4086,170428.5
2024-09-14 16:45:00,1726332300000,0.4085,0.4103,0.4084,0.4096,236767.9
2024-09-14 16:50:00,1726332600000,0.4097,0.4099,0.409,0.409,131612.2
2024-09-14 16:55:00,1726332900000,0.409,0.4097,0.4086,0.4096,138644.0
2024-09-14 17:00:00,1726333200000,0.4096,0.4097,0.4083,0.4087,200562.8
2024-09-14 17:05:00,1726333500000,0.4087,0.4087,0.4065,0.4078,441365.4
2024-09-14 17:10:00,1726333800000,0.4077,0.4083,0.4069,0.4076,248001.1
2024-09-14 17:15:00,1726334100000,0.4075,0.4089,0.4072,0.4087,143771.1
2024-09-14 17:20:00,1726334400000,0.4087,0.4089,0.4081,0.4085,140646.3
2024-09-14 17:25:00,1726334700000,0.4087,0.409,0.4082,0.4087,195512.8
2024-09-14 17:30:00,1726335000000,0.4087,0.4088,0.4074,0.4076,205076.0
2024-09-14 17:35:00,1726335300000,0.4076,0.4081,0.4071,0.4077,142966.5
2024-09-14 17:40:00,1726335600000,0.4076,0.4081,0.4071,0.4076,128747.7
2024-09-14 17:45:00,1726335900000,0.4076,0.4087,0.407,0.4083,210389.5
2024-09-14 17:50:00,1726336200000,0.4083,0.4085,0.4074,0.4079,170576.4
2024-09-14 17:55:00,1726336500000,0.4077,0.4082,0.4073,0.4079,169867.1
2024-09-14 18:00:00,1726336800000,0.4079,0.4079,0.4068,0.4069,144935.0
2024-09-14 18:05:00,1726337100000,0.4071,0.4073,0.405,0.4056,417550.5
2024-09-14 18:10:00,1726337400000,0.4057,0.4069,0.4022,0.4051,870615.9
2024-09-14 18:15:00,1726337700000,0.4051,0.407,0.4049,0.4065,235753.2
2024-09-14 18:20:00,1726338000000,0.4065,0.407,0.4061,0.4066,247192.5
2024-09-14 18:25:00,1726338300000,0.4067,0.407,0.4054,0.4061,154474.1
2024-09-14 18:30:00,1726338600000,0.4063,0.4073,0.406,0.4062,157037.9
2024-09-14 18:35:00,1726338900000,0.4062,0.4071,0.4058,0.4066,113661.3
2024-09-14 18:40:00,1726339200000,0.4066,0.407,0.4056,0.4061,152778.5
2024-09-14 18:45:00,1726339500000,0.4061,0.4068,0.4053,0.4064,150215.5
2024-09-14 18:50:00,1726339800000,0.4063,0.4065,0.406,0.4061,84074.0
2024-09-14 18:55:00,1726340100000,0.4062,0.4068,0.4061,0.4065,90111.6
2024-09-14 19:00:00,1726340400000,0.4066,0.4066,0.4053,0.4054,83492.1
2024-09-14 19:05:00,1726340700000,0.4054,0.4057,0.4041,0.4044,143569.3
2024-09-14 19:10:00,1726341000000,0.4045,0.4055,0.4045,0.4048,102847.3
2024-09-14 19:15:00,1726341300000,0.4048,0.4052,0.4035,0.4041,246471.7
2024-09-14 19:20:00,1726341600000,0.4041,0.406,0.4036,0.4056,231289.4
2024-09-14 19:25:00,1726341900000,0.4056,0.4067,0.4054,0.4061,144798.4
2024-09-14 19:30:00,1726342200000,0.406,0.4061,0.4037,0.4043,163706.9
2024-09-14 19:35:00,1726342500000,0.4045,0.4047,0.4036,0.4046,151880.9
2024-09-14 19:40:00,1726342800000,0.4046,0.4046,0.4036,0.404,129950.4
2024-09-14 19:45:00,1726343100000,0.404,0.4047,0.4037,0.4038,91718.2
2024-09-14 19:50:00,1726343400000,0.4038,0.404,0.4031,0.4034,101491.5
2024-09-14 19:55:00,1726343700000,0.4035,0.4039,0.398,0.4024,1685311.2
2024-09-14 20:00:00,1726344000000,0.4024,0.4035,0.4004,0.4016,278829.4
2024-09-14 20:05:00,1726344300000,0.4016,0.4027,0.4013,0.4019,138663.0
2024-09-14 20:10:00,1726344600000,0.4017,0.4032,0.4012,0.4023,210554.3
2024-09-14 20:15:00,1726344900000,0.4023,0.4025,0.4014,0.4023,84649.0
2024-09-14 20:20:00,1726345200000,0.4024,0.4028,0.4017,0.4026,119173.2
2024-09-14 20:25:00,1726345500000,0.4027,0.4045,0.4026,0.4035,109769.0
2024-09-14 20:30:00,1726345800000,0.4035,0.4041,0.4031,0.4038,97414.3
2024-09-14 20:35:00,1726346100000,0.4037,0.4049,0.4037,0.4039,86447.0
2024-09-14 20:40:00,1726346400000,0.4038,0.4048,0.4035,0.4045,77290.5
2024-09-14 20:45:00,1726346700000,0.4043,0.4048,0.402,0.4027,306569.2
2024-09-14 20:50:00,1726347000000,0.4026,0.403,0.4023,0.4029,122343.9
2024-09-14 20:55:00,1726347300000,0.4029,0.406,0.4023,0.4049,353047.0
2024-09-14 21:00:00,1726347600000,0.4047,0.4049,0.4032,0.4044,77330.8
2024-09-14 21:05:00,1726347900000,0.4044,0.4053,0.404,0.404,68459.4
2024-09-14 21:10:00,1726348200000,0.404,0.4047,0.4035,0.4039,59843.1
2024-09-14 21:15:00,1726348500000,0.4039,0.4043,0.4038,0.404,32321.3
2024-09-14 21:20:00,1726348800000,0.404,0.4061,0.404,0.4059,132961.8
2024-09-14 21:25:00,1726349100000,0.406,0.4069,0.4055,0.4055,75036.4
2024-09-14 21:30:00,1726349400000,0.4056,0.4057,0.4044,0.4046,60884.9
2024-09-14 21:35:00,1726349700000,0.4046,0.4047,0.4037,0.4044,102246.7
2024-09-14 21:40:00,1726350000000,0.4043,0.4045,0.4037,0.4044,53993.9
2024-09-14 21:45:00,1726350300000,0.4045,0.4048,0.4042,0.4044,35018.0
2024-09-14 21:50:00,1726350600000,0.4046,0.4055,0.4043,0.4052,56432.5
2024-09-14 21:55:00,1726350900000,0.4052,0.4065,0.4052,0.4059,211302.5
2024-09-14 22:00:00,1726351200000,0.4058,0.4059,0.404,0.4053,103076.5
2024-09-14 22:05:00,1726351500000,0.4054,0.4054,0.4033,0.4033,167023.8
2024-09-14 22:10:00,1726351800000,0.4033,0.4034,0.402,0.4031,190171.5
2024-09-14 22:15:00,1726352100000,0.4031,0.4035,0.4023,0.4034,148231.5
2024-09-14 22:20:00,1726352400000,0.4034,0.4046,0.4034,0.4044,74864.3
2024-09-14 22:25:00,1726352700000,0.4044,0.4051,0.404,0.4043,100315.1
2024-09-14 22:30:00,1726353000000,0.4042,0.4045,0.4035,0.4037,81067.7
2024-09-14 22:35:00,1726353300000,0.4039,0.4046,0.4036,0.4046,136210.7
2024-09-14 22:40:00,1726353600000,0.4047,0.4054,0.404,0.404,63791.9
2024-09-14 22:45:00,1726353900000,0.404,0.4056,0.4027,0.4049,286221.3
2024-09-14 22:50:00,1726354200000,0.4048,0.4053,0.4045,0.4045,57002.5
2024-09-14 22:55:00,1726354500000,0.4046,0.4052,0.4042,0.4052,55990.2
2024-09-14 23:00:00,1726354800000,0.4051,0.4056,0.4049,0.4056,38145.9
2024-09-14 23:05:00,1726355100000,0.4054,0.406,0.4053,0.4058,77547.4
2024-09-14 23:10:00,1726355400000,0.4059,0.406,0.4054,0.4055,42125.9
2024-09-14 23:15:00,1726355700000,0.4056,0.4056,0.4044,0.405,61708.3
2024-09-14 23:20:00,1726356000000,0.4047,0.4055,0.4045,0.4052,28121.4
2024-09-14 23:25:00,1726356300000,0.4051,0.4059,0.4049,0.4058,56545.7
2024-09-14 23:30:00,1726356600000,0.4059,0.4063,0.4055,0.4061,86144.5
2024-09-14 23:35:00,1726356900000,0.406,0.4065,0.4055,0.4057,72648.0
2024-09-14 23:40:00,1726357200000,0.4057,0.4069,0.4056,0.406,76656.6
2024-09-14 23:45:00,1726357500000,0.4058,0.4065,0.4058,0.4064,38062.2
2024-09-14 23:50:00,1726357800000,0.4065,0.4065,0.4041,0.4046,183594.5
2024-09-14 23:55:00,1726358100000,0.4047,0.4059,0.4042,0.4058,196431.6
2024-09-15 00:00:00,1726358400000,0.4058,0.4058,0.4036,0.4037,149788.7
2024-09-15 00:05:00,1726358700000,0.4038,0.4041,0.4017,0.4027,475757.8
2024-09-15 00:10:00,1726359000000,0.4027,0.4049,0.4027,0.4047,142608.2
2024-09-15 00:15:00,1726359300000,0.4048,0.4051,0.4043,0.4043,75893.5
2024-09-15 00:20:00,1726359600000,0.4045,0.4045,0.404,0.4043,51901.7
2024-09-15 00:25:00,1726359900000,0.4043,0.4057,0.4043,0.4053,201553.8
2024-09-15 00:30:00,1726360200000,0.405,0.4055,0.405,0.4054,93891.3
2024-09-15 00:35:00,1726360500000,0.4054,0.4057,0.4044,0.4046,103987.4
2024-09-15 00:40:00,1726360800000,0.4046,0.4049,0.404,0.4045,80510.6
2024-09-15 00:45:00,1726361100000,0.4045,0.4045,0.4033,0.4039,212224.7
2024-09-15 00:50:00,1726361400000,0.4038,0.404,0.4035,0.4036,82316.6
2024-09-15 00:55:00,1726361700000,0.4036,0.4038,0.4023,0.4023,143445.8
2024-09-15 01:00:00,1726362000000,0.4024,0.4036,0.4021,0.4031,106314.1
2024-09-15 01:05:00,1726362300000,0.4031,0.4032,0.4022,0.4031,93955.6
2024-09-15 01:10:00,1726362600000,0.4032,0.4048,0.4032,0.4045,125540.6
2024-09-15 01:15:00,1726362900000,0.4045,0.4048,0.4041,0.4045,51954.3
2024-09-15 01:20:00,1726363200000,0.4045,0.4046,0.4037,0.4046,62164.5
2024-09-15 01:25:00,1726363500000,0.4046,0.4064,0.4046,0.4063,145421.9
2024-09-15 01:30:00,1726363800000,0.4064,0.4067,0.4043,0.4059,210144.8
2024-09-15 01:35:00,1726364100000,0.4061,0.4066,0.4051,0.4055,158078.2
2024-09-15 01:40:00,1726364400000,0.4056,0.4062,0.4032,0.406,444042.8
2024-09-15 01:45:00,1726364700000,0.406,0.406,0.4038,0.404,83252.2
2024-09-15 01:50:00,1726365000000,0.404,0.405,0.4038,0.4048,77904.2
2024-09-15 01:55:00,1726365300000,0.4048,0.4057,0.4044,0.4053,131872.0
2024-09-15 02:00:00,1726365600000,0.4053,0.4056,0.404,0.4042,130704.9
2024-09-15 02:05:00,1726365900000,0.4041,0.406,0.4036,0.4052,190613.7
2024-09-15 02:10:00,1726366200000,0.4048,0.4051,0.4038,0.4038,91153.1
2024-09-15 02:15:00,1726366500000,0.404,0.4051,0.4038,0.4045,173830.6
2024-09-15 02:20:00,1726366800000,0.4045,0.4056,0.404,0.4041,171407.9
2024-09-15 02:25:00,1726367100000,0.404,0.404,0.4031,0.4032,219521.5
2024-09-15 02:30:00,1726367400000,0.4032,0.4053,0.403,0.4048,194135.2
2024-09-15 02:35:00,1726367700000,0.4048,0.4061,0.4046,0.4057,201433.3
2024-09-15 02:40:00,1726368000000,0.4057,0.406,0.405,0.406,48303.6
2024-09-15 02:45:00,1726368300000,0.4058,0.4078,0.4058,0.4072,179452.0
2024-09-15 02:50:00,1726368600000,0.4073,0.4083,0.4072,0.4074,174281.5
2024-09-15 02:55:00,1726368900000,0.4074,0.4074,0.4063,0.4063,103301.5
2024-09-15 03:00:00,1726369200000,0.4063,0.4078,0.4054,0.4056,243996.7
2024-09-15 03:05:00,1726369500000,0.4054,0.4071,0.4048,0.4062,299339.6
2024-09-15 03:10:00,1726369800000,0.4063,0.4069,0.406,0.4063,75909.0
2024-09-15 03:15:00,1726370100000,0.4062,0.4073,0.406,0.406,83035.5
2024-09-15 03:20:00,1726370400000,0.406,0.4069,0.4052,0.4067,119751.5
2024-09-15 03:25:00,1726370700000,0.4068,0.407,0.406,0.406,78866.7
2024-09-15 03:30:00,1726371000000,0.4061,0.4064,0.4053,0.4056,101825.1
2024-09-15 03:35:00,1726371300000,0.4055,0.4071,0.4054,0.407,128776.9
2024-09-15 03:40:00,1726371600000,0.4071,0.4072,0.4061,0.4064,47151.1
2024-09-15 03:45:00,1726371900000,0.4064,0.4065,0.4054,0.4058,88436.7
2024-09-15 03:50:00,1726372200000,0.4056,0.4059,0.4054,0.4057,34628.0
2024-09-15 03:55:00,1726372500000,0.4057,0.4063,0.4052,0.4055,122995.0
2024-09-15 04:00:00,1726372800000,0.4055,0.4057,0.4043,0.4047,186514.7
2024-09-15 04:05:00,1726373100000,0.4044,0.405,0.4039,0.4047,117446.7
2024-09-15 04:10:00,1726373400000,0.4046,0.4055,0.4043,0.4051,99329.1
2024-09-15 04:15:00,1726373700000,0.4051,0.4061,0.4047,0.4057,129150.5
2024-09-15 04:20:00,1726374000000,0.4057,0.4057,0.4035,0.4043,176959.2
2024-09-15 04:25:00,1726374300000,0.4044,0.4048,0.4029,0.4043,184087.3
2024-09-15 04:30:00,1726374600000,0.4043,0.4044,0.4035,0.4036,88703.2
2024-09-15 04:35:00,1726374900000,0.4036,0.4041,0.4025,0.403,198719.8
2024-09-15 04:40:00,1726375200000,0.403,0.4035,0.4028,0.4035,98879.9
2024-09-15 04:45:00,1726375500000,0.4034,0.4035,0.4026,0.4026,205563.9
2024-09-15 04:50:00,1726375800000,0.4027,0.4037,0.4025,0.4029,173965.0
2024-09-15 04:55:00,1726376100000,0.4029,0.4031,0.4023,0.4026,93676.7
2024-09-15 05:00:00,1726376400000,0.4027,0.4046,0.4026,0.4037,189462.6
2024-09-15 05:05:00,1726376700000,0.4036,0.4042,0.4032,0.4033,55684.6
2024-09-15 05:10:00,1726377000000,0.4034,0.4035,0.4026,0.4031,125873.6
2024-09-15 05:15:00,1726377300000,0.403,0.4038,0.403,0.4032,58688.3
2024-09-15 05:20:00,1726377600000,0.4032,0.4049,0.4028,0.4046,364446.5
2024-09-15 05:25:00,1726377900000,0.4044,0.4061,0.4042,0.4055,258924.1
2024-09-15 05:30:00,1726378200000,0.4055,0.4059,0.4041,0.4046,78042.9
2024-09-15 05:35:00,1726378500000,0.4046,0.4046,0.4037,0.4045,160121.0
2024-09-15 05:40:00,1726378800000,0.4046,0.4047,0.4039,0.4042,68552.6
2024-09-15 05:45:00,1726379100000,0.4042,0.4049,0.4037,0.4042,144257.5
2024-09-15 05:50:00,1726379400000,0.4042,0.4049,0.4034,0.4037,133087.3
2024-09-15 05:55:00,1726379700000,0.4039,0.4046,0.4036,0.4039,107293.0
2024-09-15 06:00:00,1726380000000,0.4038,0.4046,0.4032,0.4034,95963.7
2024-09-15 06:05:00,1726380300000,0.4034,0.4042,0.4032,0.4039,85448.7
2024-09-15 06:10:00,1726380600000,0.4038,0.4046,0.4032,0.4045,159504.0
2024-09-15 06:15:00,1726380900000,0.4045,0.405,0.4044,0.4044,98162.5
2024-09-15 06:20:00,1726381200000,0.4044,0.4048,0.4041,0.4046,103106.9
2024-09-15 06:25:00,1726381500000,0.4044,0.405,0.4041,0.4043,139678.0
2024-09-15 06:30:00,1726381800000,0.4045,0.4048,0.4039,0.4045,144454.0
2024-09-15 06:35:00,1726382100000,0.4045,0.4049,0.4035,0.4036,98601.8
2024-09-15 06:40:00,1726382400000,0.4035,0.4045,0.4034,0.4045,126671.2
2024-09-15 06:45:00,1726382700000,0.4044,0.4048,0.4039,0.4043,103090.0
2024-09-15 06:50:00,1726383000000,0.4041,0.4043,0.4033,0.4037,130148.4
2024-09-15 06:55:00,1726383300000,0.4036,0.4041,0.4032,0.4039,120368.6
2024-09-15 07:00:00,1726383600000,0.404,0.4045,0.4035,0.4041,132547.5
2024-09-15 07:05:00,1726383900000,0.404,0.4045,0.4037,0.4039,95920.3
2024-09-15 07:10:00,1726384200000,0.4038,0.4044,0.4031,0.4032,106669.4
2024-09-15 07:15:00,1726384500000,0.4031,0.4034,0.4027,0.403,196711.4
2024-09-15 07:20:00,1726384800000,0.403,0.4039,0.4028,0.4039,108897.0
2024-09-15 07:25:00,1726385100000,0.4038,0.405,0.4037,0.4037,62848.2
2024-09-15 07:30:00,1726385400000,0.4038,0.4042,0.4035,0.4035,126060.1
2024-09-15 07:35:00,1726385700000,0.4035,0.4039,0.4026,0.403,273671.7
2024-09-15 07:40:00,1726386000000,0.403,0.4033,0.3981,0.4021,1056715.8
2024-09-15 07:45:00,1726386300000,0.4021,0.4025,0.4007,0.4009,282079.2
2024-09-15 07:50:00,1726386600000,0.4009,0.4019,0.4007,0.4016,142076.3
2024-09-15 07:55:00,1726386900000,0.4017,0.4019,0.4005,0.4018,203836.7
2024-09-15 08:00:00,1726387200000,0.4018,0.4024,0.4015,0.402,140791.1
2024-09-15 08:05:00,1726387500000,0.402,0.4022,0.4012,0.4016,121087.5
2024-09-15 08:10:00,1726387800000,0.4016,0.4021,0.401,0.4011,129800.8
2024-09-15 08:15:00,1726388100000,0.4011,0.4016,0.4008,0.4013,209117.6
2024-09-15 08:20:00,1726388400000,0.4013,0.4017,0.4004,0.4009,123884.1
2024-09-15 08:25:00,1726388700000,0.4009,0.4015,0.4,0.4005,161064.4
2024-09-15 08:30:00,1726389000000,0.4005,0.401,0.3998,0.3999,112809.4
2024-09-15 08:35:00,1726389300000,0.3999,0.4008,0.398,0.4008,441534.4
2024-09-15 08:40:00,1726389600000,0.4009,0.4017,0.4002,0.4017,193565.4
2024-09-15 08:45:00,1726389900000,0.4016,0.4021,0.4007,0.4015,173363.0
2024-09-15 08:50:00,1726390200000,0.4014,0.4016,0.3989,0.3996,253319.0
2024-09-15 08:55:00,1726390500000,0.3994,0.4007,0.3988,0.3992,417355.0
2024-09-15 09:00:00,1726390800000,0.3992,0.4016,0.3991,0.4009,248972.3
2024-09-15 09:05:00,1726391100000,0.4009,0.401,0.3999,0.4,102696.2
2024-09-15 09:10:00,1726391400000,0.4001,0.4005,0.399,0.3993,180992.2
2024-09-15 09:15:00,1726391700000,0.3992,0.4006,0.3984,0.4004,166999.9
2024-09-15 09:20:00,1726392000000,0.4006,0.4014,0.4003,0.4012,157096.1
2024-09-15 09:25:00,1726392300000,0.4012,0.4015,0.4006,0.4011,64462.3
2024-09-15 09:30:00,1726392600000,0.401,0.4013,0.4005,0.4012,139001.0
2024-09-15 09:35:00,1726392900000,0.4011,0.4012,0.4005,0.4008,52842.4
2024-09-15 09:40:00,1726393200000,0.4009,0.4012,0.4006,0.4006,50630.4
2024-09-15 09:45:00,1726393500000,0.4006,0.4006,0.4,0.4002,75862.3
2024-09-15 09:50:00,1726393800000,0.4002,0.4003,0.3989,0.3991,182191.9
2024-09-15 09:55:00,1726394100000,0.3992,0.4003,0.3992,0.3995,156543.8
2024-09-15 10:00:00,1726394400000,0.3994,0.3999,0.3987,0.3999,161691.4
2024-09-15 10:05:00,1726394700000,0.3998,0.4006,0.3998,0.3999,90240.7
2024-09-15 10:10:00,1726395000000,0.3999,0.4001,0.399,0.399,99114.7
2024-09-15 10:15:00,1726395300000,0.3993,0.4,0.399,0.4,69601.2
2024-09-15 10:20:00,1726395600000,0.3999,0.4004,0.3997,0.4004,79050.9
2024-09-15 10:25:00,1726395900000,0.4003,0.4004,0.3992,0.3994,115513.3
2024-09-15 10:30:00,1726396200000,0.3992,0.4,0.3985,0.3997,190715.1
2024-09-15 10:35:00,1726396500000,0.3997,0.4007,0.3995,0.4002,164091.6
2024-09-15 10:40:00,1726396800000,0.4002,0.4007,0.4,0.4004,92187.9
2024-09-15 10:45:00,1726397100000,0.4005,0.401,0.4004,0.4006,116337.7
2024-09-15 10:50:00,1726397400000,0.4006,0.401,0.4,0.4,133312.9
2024-09-15 10:55:00,1726397700000,0.4,0.4008,0.3988,0.4004,309835.9
2024-09-15 11:00:00,1726398000000,0.4005,0.4007,0.3993,0.3994,162229.5
2024-09-15 11:05:00,1726398300000,0.3995,0.3999,0.3982,0.3995,174290.2
2024-09-15 11:10:00,1726398600000,0.3994,0.3999,0.3985,0.3998,129451.2
2024-09-15 11:15:00,1726398900000,0.3997,0.3997,0.3989,0.3989,96434.7
2024-09-15 11:20:00,1726399200000,0.3989,0.4,0.3989,0.3992,131202.3
2024-09-15 11:25:00,1726399500000,0.3992,0.3993,0.3987,0.399,53803.3
2024-09-15 11:30:00,1726399800000,0.3991,0.3998,0.3988,0.3995,98484.6
2024-09-15 11:35:00,1726400100000,0.3995,0.3996,0.3988,0.3993,63422.2
2024-09-15 11:40:00,1726400400000,0.3993,0.4005,0.399,0.4005,79179.7
2024-09-15 11:45:00,1726400700000,0.4005,0.4005,0.3993,0.3997,63642.3
2024-09-15 11:50:00,1726401000000,0.3998,0.3999,0.3989,0.399,153768.7
2024-09-15 11:55:00,1726401300000,0.3992,0.3996,0.3989,0.3994,88357.2
2024-09-15 12:00:00,1726401600000,0.3994,0.3996,0.3989,0.3994,63278.4
2024-09-15 12:05:00,1726401900000,0.3994,0.3995,0.3991,0.3994,72059.0
2024-09-15 12:10:00,1726402200000,0.3994,0.3994,0.3988,0.399,79598.9
2024-09-15 12:15:00,1726402500000,0.3991,0.3993,0.3989,0.3989,44692.0
2024-09-15 12:20:00,1726402800000,0.3989,0.4005,0.3989,0.4,102392.8
2024-09-15 12:25:00,1726403100000,0.3998,0.401,0.3997,0.4008,212890.7
2024-09-15 12:30:00,1726403400000,0.401,0.4019,0.4007,0.4011,115960.9
2024-09-15 12:35:00,1726403700000,0.4012,0.4018,0.4008,0.4011,176806.2
2024-09-15 12:40:00,1726404000000,0.4011,0.4012,0.4004,0.4008,48036.6
2024-09-15 12:45:00,1726404300000,0.401,0.4018,0.4008,0.401,110408.3
2024-09-15 12:50:00,1726404600000,0.4012,0.4012,0.4003,0.401,82846.7
2024-09-15 12:55:00,1726404900000,0.401,0.4016,0.4007,0.4016,56911.7
2024-09-15 13:00:00,1726405200000,0.4015,0.402,0.4009,0.402,169103.9
2024-09-15 13:05:00,1726405500000,0.402,0.4028,0.4017,0.4026,109201.2
2024-09-15 13:10:00,1726405800000,0.4028,0.4034,0.4014,0.4019,198172.9
2024-09-15 13:15:00,1726406100000,0.4017,0.4021,0.4009,0.402,118905.5
2024-09-15 13:20:00,1726406400000,0.402,0.4029,0.4018,0.4023,78703.1
2024-09-15 13:25:00,1726406700000,0.4023,0.4024,0.4016,0.4021,63746.2
2024-09-15 13:30:00,1726407000000,0.4022,0.4023,0.4016,0.4022,38899.1
2024-09-15 13:35:00,1726407300000,0.4022,0.4026,0.4016,0.4025,161368.7
2024-09-15 13:40:00,1726407600000,0.4025,0.4038,0.4023,0.403,295750.6
2024-09-15 13:45:00,1726407900000,0.403,0.4036,0.4029,0.4029,99548.0
2024-09-15 13:50:00,1726408200000,0.403,0.4031,0.4023,0.4024,90971.9
2024-09-15 13:55:00,1726408500000,0.4021,0.4028,0.4014,0.4026,67242.4
2024-09-15 14:00:00,1726408800000,0.4028,0.4039,0.4028,0.4037,69617.6
2024-09-15 14:05:00,1726409100000,0.4038,0.404,0.4027,0.4036,93069.0
2024-09-15 14:10:00,1726409400000,0.4036,0.404,0.4014,0.4019,138240.5
2024-09-15 14:15:00,1726409700000,0.4019,0.4022,0.4,0.4002,341534.5
2024-09-15 14:20:00,1726410000000,0.4001,0.4015,0.4,0.4014,359089.4
2024-09-15 14:25:00,1726410300000,0.4014,0.4037,0.4014,0.4019,150460.3
2024-09-15 14:30:00,1726410600000,0.4021,0.4037,0.4019,0.4025,108580.7
2024-09-15 14:35:00,1726410900000,0.4025,0.4028,0.4018,0.4023,61902.0
2024-09-15 14:40:00,1726411200000,0.4022,0.4022,0.4009,0.4016,124387.4
2024-09-15 14:45:00,1726411500000,0.4016,0.4016,0.4013,0.4014,99489.4
2024-09-15 14:50:00,1726411800000,0.4015,0.4019,0.4011,0.4014,112697.4
2024-09-15 14:55:00,1726412100000,0.4016,0.4022,0.4013,0.4016,62192.9
2024-09-15 15:00:00,1726412400000,0.4017,0.4027,0.4011,0.4023,128053.0
2024-09-15 15:05:00,1726412700000,0.4024,0.4035,0.402,0.402,93828.5
2024-09-15 15:10:00,1726413000000,0.4021,0.4031,0.402,0.403,99137.4
2024-09-15 15:15:00,1726413300000,0.403,0.4035,0.4026,0.4026,129952.6
2024-09-15 15:20:00,1726413600000,0.4027,0.4033,0.4026,0.4029,34854.3
2024-09-15 15:25:00,1726413900000,0.4029,0.4032,0.4025,0.4026,60998.0
2024-09-15 15:30:00,1726414200000,0.4026,0.4026,0.402,0.402,66792.9
2024-09-15 15:35:00,1726414500000,0.402,0.4022,0.4015,0.4018,99125.2
2024-09-15 15:40:00,1726414800000,0.402,0.4034,0.4017,0.4032,94396.0
2024-09-15 15:45:00,1726415100000,0.4031,0.4043,0.4031,0.4043,176206.4
2024-09-15 15:50:00,1726415400000,0.4044,0.4044,0.4031,0.4036,184313.6
2024-09-15 15:55:00,1726415700000,0.4037,0.4041,0.4036,0.4038,81965.6
2024-09-15 16:00:00,1726416000000,0.4037,0.4043,0.4028,0.4029,198937.9
2024-09-15 16:05:00,1726416300000,0.4029,0.4031,0.4025,0.4028,76643.8
2024-09-15 16:10:00,1726416600000,0.4026,0.4029,0.4016,0.4017,72515.1
2024-09-15 16:15:00,1726416900000,0.4016,0.4023,0.4016,0.4019,139510.5
2024-09-15 16:20:00,1726417200000,0.4018,0.4022,0.4006,0.4013,122892.3
2024-09-15 16:25:00,1726417500000,0.4013,0.4016,0.4,0.4005,187315.2
2024-09-15 16:30:00,1726417800000,0.4005,0.4013,0.4004,0.4005,56125.1
2024-09-15 16:35:00,1726418100000,0.4005,0.4008,0.4,0.4002,118046.9
2024-09-15 16:40:00,1726418400000,0.4002,0.4006,0.4,0.4001,90776.8
2024-09-15 16:45:00,1726418700000,0.4001,0.401,0.4,0.4,133361.5
2024-09-15 16:50:00,1726419000000,0.4,0.4003,0.3999,0.3999,226643.8
2024-09-15 16:55:00,1726419300000,0.3999,0.4,0.3981,0.3992,248566.8
2024-09-15 17:00:00,1726419600000,0.3992,0.4001,0.3982,0.3999,189273.5
2024-09-15 17:05:00,1726419900000,0.3999,0.4003,0.398,0.398,153509.1
2024-09-15 17:10:00,1726420200000,0.398,0.3985,0.3968,0.3974,324794.9
2024-09-15 17:15:00,1726420500000,0.3974,0.3985,0.3972,0.3982,124546.9
2024-09-15 17:20:00,1726420800000,0.3981,0.3985,0.3968,0.3983,229243.0
2024-09-15 17:25:00,1726421100000,0.3984,0.3985,0.3967,0.397,133489.9
2024-09-15 17:30:00,1726421400000,0.3972,0.3972,0.391,0.3943,1385023.1
2024-09-15 17:35:00,1726421700000,0.3944,0.395,0.3927,0.3936,234425.1
2024-09-15 17:40:00,1726422000000,0.3933,0.3955,0.3929,0.3954,183425.5
2024-09-15 17:45:00,1726422300000,0.3953,0.3956,0.394,0.3947,171333.4
2024-09-15 17:50:00,1726422600000,0.3949,0.3965,0.3949,0.3963,137858.4
2024-09-15 17:55:00,1726422900000,0.3962,0.3975,0.3955,0.3961,198011.3
2024-09-15 18:00:00,1726423200000,0.3961,0.3964,0.3952,0.3958,129931.3
2024-09-15 18:05:00,1726423500000,0.3959,0.3971,0.3958,0.3969,100971.5
2024-09-15 18:10:00,1726423800000,0.3967,0.3975,0.3963,0.3967,99261.3
2024-09-15 18:15:00,1726424100000,0.3969,0.397,0.3953,0.3966,153955.5
2024-09-15 18:20:00,1726424400000,0.3969,0.3977,0.3965,0.3976,79574.1
2024-09-15 18:25:00,1726424700000,0.3976,0.3993,0.3974,0.399,192656.9
2024-09-15 18:30:00,1726425000000,0.399,0.4018,0.3989,0.3999,534135.1
2024-09-15 18:35:00,1726425300000,0.3999,0.3999,0.398,0.3982,108860.4
2024-09-15 18:40:00,1726425600000,0.3982,0.3985,0.3957,0.3972,323689.8
2024-09-15 18:45:00,1726425900000,0.3969,0.3977,0.3951,0.3961,284692.3
2024-09-15 18:50:00,1726426200000,0.3962,0.3988,0.3962,0.3982,507058.4
2024-09-15 18:55:00,1726426500000,0.3984,0.3989,0.3971,0.3973,112480.8
2024-09-15 19:00:00,1726426800000,0.3972,0.4,0.3971,0.3999,122142.2
2024-09-15 19:05:00,1726427100000,0.4,0.4007,0.3994,0.4002,127884.5
2024-09-15 19:10:00,1726427400000,0.4001,0.401,0.3988,0.3989,145264.9
2024-09-15 19:15:00,1726427700000,0.3989,0.4003,0.3986,0.4001,123612.0
2024-09-15 19:20:00,1726428000000,0.4003,0.4014,0.4,0.4012,224594.1
2024-09-15 19:25:00,1726428300000,0.4012,0.4012,0.3992,0.3998,131588.1
2024-09-15 19:30:00,1726428600000,0.3998,0.4002,0.3989,0.3999,100585.1
2024-09-15 19:35:00,1726428900000,0.4001,0.4011,0.4,0.4009,55467.0
2024-09-15 19:40:00,1726429200000,0.4009,0.4012,0.4002,0.4009,79610.3
2024-09-15 19:45:00,1726429500000,0.4011,0.4011,0.4006,0.4008,46936.5
2024-09-15 19:50:00,1726429800000,0.4009,0.4011,0.3993,0.3999,315864.3
2024-09-15 19:55:00,1726430100000,0.3999,0.3999,0.399,0.3999,42831.4
2024-09-15 20:00:00,1726430400000,0.3999,0.4,0.3986,0.399,69166.6
2024-09-15 20:05:00,1726430700000,0.399,0.399,0.3972,0.3978,172027.7
2024-09-15 20:10:00,1726431000000,0.398,0.3983,0.397,0.3979,232099.2
2024-09-15 20:15:00,1726431300000,0.3978,0.398,0.3977,0.398,93710.7
2024-09-15 20:20:00,1726431600000,0.398,0.398,0.3921,0.3949,1073118.4
2024-09-15 20:25:00,1726431900000,0.3949,0.3963,0.3949,0.3955,131392.4
2024-09-15 20:30:00,1726432200000,0.3955,0.3975,0.3952,0.3962,218857.4
2024-09-15 20:35:00,1726432500000,0.3962,0.3979,0.3962,0.3976,78853.6
2024-09-15 20:40:00,1726432800000,0.3975,0.398,0.3975,0.3979,101888.7
2024-09-15 20:45:00,1726433100000,0.398,0.3983,0.3976,0.398,83921.2
2024-09-15 20:50:00,1726433400000,0.3982,0.3984,0.3968,0.3979,143497.3
2024-09-15 20:55:00,1726433700000,0.398,0.3986,0.3974,0.3981,62970.4
2024-09-15 21:00:00,1726434000000,0.3981,0.3982,0.3938,0.3941,328249.7
2024-09-15 21:05:00,1726434300000,0.3939,0.3953,0.3937,0.3949,218781.4
2024-09-15 21:10:00,1726434600000,0.395,0.3951,0.3935,0.3944,357672.6
2024-09-15 21:15:00,1726434900000,0.3945,0.3965,0.3942,0.395,184469.8
2024-09-15 21:20:00,1726435200000,0.395,0.397,0.395,0.3956,226549.6
2024-09-15 21:25:00,1726435500000,0.3957,0.3965,0.3955,0.3965,158798.9
2024-09-15 21:30:00,1726435800000,0.3965,0.399,0.3965,0.3975,177867.0
2024-09-15 21:35:00,1726436100000,0.3975,0.3979,0.3971,0.3977,60421.0
2024-09-15 21:40:00,1726436400000,0.3977,0.3991,0.3977,0.3982,119072.5
2024-09-15 21:45:00,1726436700000,0.3982,0.3983,0.3978,0.3978,67014.3
2024-09-15 21:50:00,1726437000000,0.3978,0.3984,0.3961,0.3984,111005.3
2024-09-15 21:55:00,1726437300000,0.3984,0.3984,0.3976,0.3978,68116.5
2024-09-15 22:00:00,1726437600000,0.3978,0.398,0.3953,0.3958,258747.2
2024-09-15 22:05:00,1726437900000,0.396,0.3978,0.3955,0.3966,234501.7
2024-09-15 22:10:00,1726438200000,0.3966,0.3991,0.396,0.3979,304324.8
2024-09-15 22:15:00,1726438500000,0.398,0.3997,0.3979,0.3989,294607.5
2024-09-15 22:20:00,1726438800000,0.3985,0.3989,0.397,0.3971,205051.8
2024-09-15 22:25:00,1726439100000,0.397,0.3975,0.3966,0.3971,65995.8
2024-09-15 22:30:00,1726439400000,0.3969,0.3979,0.3964,0.3975,26274.7
2024-09-15 22:35:00,1726439700000,0.3974,0.3974,0.3961,0.3961,47694.0
2024-09-15 22:40:00,1726440000000,0.3961,0.3964,0.3959,0.3961,20849.5
2024-09-15 22:45:00,1726440300000,0.396,0.3961,0.3953,0.3955,56661.6
2024-09-15 22:50:00,1726440600000,0.3954,0.3964,0.3945,0.3952,282317.2
2024-09-15 22:55:00,1726440900000,0.395,0.3959,0.395,0.3959,23633.4
2024-09-15 23:00:00,1726441200000,0.3958,0.3958,0.3939,0.3942,188724.6
2024-09-15 23:05:00,1726441500000,0.394,0.3954,0.3912,0.3917,382430.7
2024-09-15 23:10:00,1726441800000,0.3919,0.3927,0.3866,0.3907,1423169.1
2024-09-15 23:15:00,1726442100000,0.3906,0.3928,0.3899,0.3925,198118.1
2024-09-15 23:20:00,1726442400000,0.3927,0.3938,0.3915,0.3938,169768.4
2024-09-15 23:25:00,1726442700000,0.3936,0.394,0.3929,0.3937,88979.8
2024-09-15 23:30:00,1726443000000,0.3939,0.3942,0.3902,0.3906,555311.2
2024-09-15 23:35:00,1726443300000,0.3907,0.3922,0.3894,0.3911,288482.3
2024-09-15 23:40:00,1726443600000,0.3911,0.3918,0.3895,0.3898,170180.5
2024-09-15 23:45:00,1726443900000,0.3897,0.3913,0.3897,0.3912,230534.7
2024-09-15 23:50:00,1726444200000,0.391,0.3912,0.3891,0.3899,256319.6
2024-09-15 23:55:00,1726444500000,0.3899,0.3907,0.3886,0.3887,208788.6
2024-09-16 00:00:00,1726444800000,0.3888,0.3905,0.3886,0.3898,263953.4
2024-09-16 00:05:00,1726445100000,0.3899,0.3925,0.3887,0.3891,307280.4
2024-09-16 00:10:00,1726445400000,0.3891,0.391,0.3875,0.3883,284309.1
2024-09-16 00:15:00,1726445700000,0.3882,0.3892,0.386,0.388,512124.8
2024-09-16 00:20:00,1726446000000,0.3882,0.3911,0.3882,0.3893,332720.6
2024-09-16 00:25:00,1726446300000,0.3895,0.3912,0.3878,0.3882,329705.0
2024-09-16 00:30:00,1726446600000,0.3881,0.3882,0.3865,0.3876,181840.8
2024-09-16 00:35:00,1726446900000,0.3878,0.388,0.384,0.3861,663905.1
2024-09-16 00:40:00,1726447200000,0.3858,0.3885,0.3856,0.3885,144901.4
2024-09-16 00:45:00,1726447500000,0.3884,0.3884,0.3865,0.3883,125186.6
2024-09-16 00:50:00,1726447800000,0.3883,0.3884,0.3869,0.3875,171158.5
2024-09-16 00:55:00,1726448100000,0.3875,0.3879,0.3865,0.387,71913.2
2024-09-16 01:00:00,1726448400000,0.3869,0.3874,0.3852,0.3873,229481.6
2024-09-16 01:05:00,1726448700000,0.3873,0.3873,0.3847,0.3858,174340.3
2024-09-16 01:10:00,1726449000000,0.3857,0.3858,0.3818,0.3823,627648.4
2024-09-16 01:15:00,1726449300000,0.3821,0.383,0.381,0.3823,339372.7
2024-09-16 01:20:00,1726449600000,0.3821,0.384,0.3814,0.3824,256291.3
2024-09-16 01:25:00,1726449900000,0.3823,0.3828,0.3815,0.3828,157382.9
2024-09-16 01:30:00,1726450200000,0.3828,0.3828,0.3809,0.3812,183785.3
2024-09-16 01:35:00,1726450500000,0.3812,0.3813,0.3777,0.38,739150.6
2024-09-16 01:40:00,1726450800000,0.3799,0.3817,0.3798,0.3817,235472.9
2024-09-16 01:45:00,1726451100000,0.3818,0.3818,0.3797,0.3798,158856.4
2024-09-16 01:50:00,1726451400000,0.3797,0.3808,0.3789,0.3799,174375.3
2024-09-16 01:55:00,1726451700000,0.3798,0.3814,0.3797,0.3807,87371.0
2024-09-16 02:00:00,1726452000000,0.3807,0.3811,0.3786,0.3793,225472.0
2024-09-16 02:05:00,1726452300000,0.3795,0.3795,0.3783,0.3793,100105.6
2024-09-16 02:10:00,1726452600000,0.3794,0.3804,0.3786,0.3793,260744.9
2024-09-16 02:15:00,1726452900000,0.3793,0.3798,0.3779,0.3798,359133.5
2024-09-16 02:20:00,1726453200000,0.3799,0.3799,0.3786,0.3792,93838.2
2024-09-16 02:25:00,1726453500000,0.3793,0.3795,0.3778,0.3783,269957.7
2024-09-16 02:30:00,1726453800000,0.3784,0.3791,0.3758,0.3771,437033.0
2024-09-16 02:35:00,1726454100000,0.377,0.3795,0.377,0.3795,121094.7
2024-09-16 02:40:00,1726454400000,0.3791,0.3799,0.3776,0.3782,161553.1
2024-09-16 02:45:00,1726454700000,0.3782,0.3788,0.377,0.3785,136591.8
2024-09-16 02:50:00,1726455000000,0.3787,0.3789,0.3762,0.3764,229533.6
2024-09-16 02:55:00,1726455300000,0.3764,0.3766,0.3742,0.3755,418985.3
2024-09-16 03:00:00,1726455600000,0.3755,0.3781,0.375,0.3779,318152.2
2024-09-16 03:05:00,1726455900000,0.3778,0.3781,0.3771,0.3776,58356.0
2024-09-16 03:10:00,1726456200000,0.3777,0.379,0.3776,0.3786,139995.2
2024-09-16 03:15:00,1726456500000,0.3787,0.3799,0.3784,0.3794,150445.9
2024-09-16 03:20:00,1726456800000,0.3793,0.3797,0.3784,0.3792,130029.2
2024-09-16 03:25:00,1726457100000,0.3792,0.38,0.3792,0.3799,112047.1
2024-09-16 03:30:00,1726457400000,0.38,0.3814,0.3798,0.381,206716.6
2024-09-16 03:35:00,1726457700000,0.3811,0.3818,0.3803,0.3812,178305.8
2024-09-16 03:40:00,1726458000000,0.3813,0.3819,0.3808,0.3813,90291.5
2024-09-16 03:45:00,1726458300000,0.3813,0.3823,0.3813,0.3818,82962.6
2024-09-16 03:50:00,1726458600000,0.3817,0.3822,0.3812,0.3818,48186.2
2024-09-16 03:55:00,1726458900000,0.3819,0.3823,0.3815,0.3817,30347.8
2024-09-16 04:00:00,1726459200000,0.3818,0.3829,0.3817,0.382,93105.0
2024-09-16 04:05:00,1726459500000,0.3821,0.3822,0.3815,0.3816,41231.8
2024-09-16 04:10:00,1726459800000,0.3817,0.383,0.3815,0.3824,102437.1
2024-09-16 04:15:00,1726460100000,0.3823,0.383,0.3821,0.3825,109501.0
2024-09-16 04:20:00,1726460400000,0.3826,0.3829,0.3823,0.3825,37232.2
2024-09-16 04:25:00,1726460700000,0.3826,0.383,0.3825,0.3825,75642.7
2024-09-16 04:30:00,1726461000000,0.3826,0.3826,0.3819,0.3823,39350.4
2024-09-16 04:35:00,1726461300000,0.3822,0.383,0.3821,0.3825,46635.7
2024-09-16 04:40:00,1726461600000,0.3826,0.3829,0.3824,0.3828,39916.8
2024-09-16 04:45:00,1726461900000,0.383,0.383,0.3826,0.3829,78746.5
2024-09-16 04:50:00,1726462200000,0.3829,0.383,0.3823,0.3829,79192.9
2024-09-16 04:55:00,1726462500000,0.3828,0.383,0.3823,0.3828,34678.3
2024-09-16 05:00:00,1726462800000,0.3827,0.3829,0.3818,0.3822,146634.6
2024-09-16 05:05:00,1726463100000,0.3823,0.384,0.3823,0.3837,108009.4
2024-09-16 05:10:00,1726463400000,0.3836,0.3841,0.3827,0.3829,112613.4
2024-09-16 05:15:00,1726463700000,0.3828,0.3829,0.3821,0.3829,53429.0
2024-09-16 05:20:00,1726464000000,0.3829,0.3844,0.3827,0.3838,150640.1
2024-09-16 05:25:00,1726464300000,0.3839,0.3839,0.3816,0.3822,139044.0
2024-09-16 05:30:00,1726464600000,0.3822,0.3839,0.3817,0.3839,138680.0
2024-09-16 05:35:00,1726464900000,0.3839,0.3839,0.3824,0.3832,282039.3
2024-09-16 05:40:00,1726465200000,0.3831,0.3836,0.3826,0.3833,33668.9
2024-09-16 05:45:00,1726465500000,0.3834,0.3836,0.3829,0.3831,138592.1
2024-09-16 05:50:00,1726465800000,0.3831,0.3836,0.3828,0.3835,70447.2
2024-09-16 05:55:00,1726466100000,0.3835,0.3852,0.3835,0.3851,399739.1
2024-09-16 06:00:00,1726466400000,0.3852,0.3852,0.3837,0.3838,202933.6
2024-09-16 06:05:00,1726466700000,0.3837,0.3844,0.3837,0.3844,50849.6
2024-09-16 06:10:00,1726467000000,0.3844,0.3844,0.3838,0.3841,122661.5
2024-09-16 06:15:00,1726467300000,0.3841,0.3844,0.3838,0.384,68619.4
2024-09-16 06:20:00,1726467600000,0.384,0.3843,0.3834,0.3837,105606.1
2024-09-16 06:25:00,1726467900000,0.3837,0.3841,0.3833,0.3837,100932.3
2024-09-16 06:30:00,1726468200000,0.3836,0.3839,0.3832,0.3837,106940.4
2024-09-16 06:35:00,1726468500000,0.3835,0.3837,0.3831,0.3834,39415.8
2024-09-16 06:40:00,1726468800000,0.3835,0.3836,0.3818,0.3825,286428.2
2024-09-16 06:45:00,1726469100000,0.3825,0.3832,0.3817,0.3829,353482.5
2024-09-16 06:50:00,1726469400000,0.3829,0.3829,0.382,0.382,142579.1
2024-09-16 06:55:00,1726469700000,0.382,0.3823,0.382,0.3822,99858.6
2024-09-16 07:00:00,1726470000000,0.3823,0.3832,0.382,0.3831,114737.3
2024-09-16 07:05:00,1726470300000,0.3831,0.3845,0.383,0.3838,170427.1
2024-09-16 07:10:00,1726470600000,0.3838,0.3854,0.3836,0.385,165021.5
2024-09-16 07:15:00,1726470900000,0.3851,0.3851,0.3839,0.384,45569.1
2024-09-16 07:20:00,1726471200000,0.3841,0.3845,0.3832,0.3837,289855.9
2024-09-16 07:25:00,1726471500000,0.3838,0.3845,0.3836,0.3843,149909.8
2024-09-16 07:30:00,1726471800000,0.3845,0.3845,0.3835,0.3838,218480.1
2024-09-16 07:35:00,1726472100000,0.3838,0.3841,0.3831,0.3837,204401.7
2024-09-16 07:40:00,1726472400000,0.3837,0.3839,0.3834,0.3834,68061.8
2024-09-16 07:45:00,1726472700000,0.3834,0.384,0.383,0.3839,261931.1
2024-09-16 07:50:00,1726473000000,0.384,0.3861,0.384,0.3845,344245.7
2024-09-16 07:55:00,1726473300000,0.3847,0.3848,0.384,0.3842,63130.1
2024-09-16 08:00:00,1726473600000,0.3841,0.3845,0.3839,0.384,60101.3
2024-09-16 08:05:00,1726473900000,0.3839,0.3844,0.3837,0.3843,70546.1
2024-09-16 08:10:00,1726474200000,0.3842,0.3845,0.3834,0.384,117573.6
2024-09-16 08:15:00,1726474500000,0.384,0.3843,0.3834,0.3834,118658.0
2024-09-16 08:20:00,1726474800000,0.3834,0.3855,0.3833,0.3855,341271.1
2024-09-16 08:25:00,1726475100000,0.3854,0.3855,0.3842,0.3847,438198.6
2024-09-16 08:30:00,1726475400000,0.3848,0.385,0.3836,0.384,223716.0
2024-09-16 08:35:00,1726475700000,0.3841,0.3845,0.3832,0.3834,64281.0
2024-09-16 08:40:00,1726476000000,0.3834,0.3844,0.3829,0.384,193889.3
2024-09-16 08:45:00,1726476300000,0.3838,0.3839,0.383,0.3833,96541.4
2024-09-16 08:50:00,1726476600000,0.3833,0.3846,0.3832,0.384,103815.7
2024-09-16 08:55:00,1726476900000,0.3841,0.3849,0.3832,0.3833,96171.3
2024-09-16 09:00:00,1726477200000,0.3833,0.3848,0.3832,0.3845,59609.6
2024-09-16 09:05:00,1726477500000,0.3845,0.3846,0.3836,0.3837,44479.3
2024-09-16 09:10:00,1726477800000,0.3837,0.3841,0.3836,0.3841,127039.0
2024-09-16 09:15:00,1726478100000,0.3841,0.3841,0.3827,0.3831,182701.0
2024-09-16 09:20:00,1726478400000,0.3832,0.3835,0.3825,0.3828,235804.6
2024-09-16 09:25:00,1726478700000,0.3828,0.384,0.3825,0.3834,135329.8
2024-09-16 09:30:00,1726479000000,0.3835,0.3835,0.3826,0.3827,47565.3
2024-09-16 09:35:00,1726479300000,0.3827,0.3828,0.3788,0.38,1378227.2
2024-09-16 09:40:00,1726479600000,0.38,0.3802,0.3787,0.3802,187512.3
2024-09-16 09:45:00,1726479900000,0.3799,0.3803,0.3784,0.3789,249264.0
2024-09-16 09:50:00,1726480200000,0.3789,0.3794,0.3773,0.3788,1156634.0
2024-09-16 09:55:00,1726480500000,0.3788,0.3792,0.3761,0.3773,1097554.3
2024-09-16 10:00:00,1726480800000,0.377,0.377,0.3746,0.3754,578545.2
2024-09-16 10:05:00,1726481100000,0.3754,0.3763,0.3748,0.3761,493922.4
2024-09-16 10:10:00,1726481400000,0.3761,0.3771,0.3759,0.3764,238957.7
2024-09-16 10:15:00,1726481700000,0.3766,0.3771,0.3762,0.3769,131279.5
2024-09-16 10:20:00,1726482000000,0.3769,0.3788,0.3764,0.3788,238992.2
2024-09-16 10:25:00,1726482300000,0.3787,0.3787,0.3763,0.3776,156772.0
2024-09-16 10:30:00,1726482600000,0.3776,0.3776,0.3764,0.3767,100736.1
2024-09-16 10:35:00,1726482900000,0.3767,0.3777,0.3765,0.3773,156521.1
2024-09-16 10:40:00,1726483200000,0.3772,0.3801,0.3767,0.3789,522982.6
2024-09-16 10:45:00,1726483500000,0.3789,0.3803,0.3787,0.3798,147567.8
2024-09-16 10:50:00,1726483800000,0.3797,0.3804,0.3792,0.3803,48308.7
2024-09-16 10:55:00,1726484100000,0.3803,0.3806,0.3797,0.3803,105443.7
2024-09-16 11:00:00,1726484400000,0.3803,0.3805,0.3794,0.3796,112835.7
2024-09-16 11:05:00,1726484700000,0.3797,0.38,0.3773,0.3785,157952.5
2024-09-16 11:10:00,1726485000000,0.3785,0.3793,0.3781,0.3792,88200.2
2024-09-16 11:15:00,1726485300000,0.3793,0.381,0.3787,0.381,357512.1
2024-09-16 11:20:00,1726485600000,0.3809,0.3816,0.3805,0.3806,183283.7
2024-09-16 11:25:00,1726485900000,0.3806,0.3807,0.3797,0.3803,76613.4
2024-09-16 11:30:00,1726486200000,0.3804,0.3811,0.3801,0.3809,50278.6
2024-09-16 11:35:00,1726486500000,0.3809,0.3809,0.3796,0.3801,128844.3
2024-09-16 11:40:00,1726486800000,0.38,0.3806,0.3793,0.3798,50294.3
2024-09-16 11:45:00,1726487100000,0.3797,0.3803,0.3793,0.3795,67326.9
2024-09-16 11:50:00,1726487400000,0.3795,0.3805,0.3794,0.38,78127.8
2024-09-16 11:55:00,1726487700000,0.3801,0.3802,0.3793,0.3798,51963.3
2024-09-16 12:00:00,1726488000000,0.3798,0.3804,0.3795,0.3803,48902.8
2024-09-16 12:05:00,1726488300000,0.3802,0.3814,0.3799,0.3813,217145.7
2024-09-16 12:10:00,1726488600000,0.3813,0.3814,0.3799,0.3799,205340.4
2024-09-16 12:15:00,1726488900000,0.38,0.3802,0.3789,0.379,171044.1
2024-09-16 12:20:00,1726489200000,0.3791,0.38,0.3773,0.3784,263296.0
2024-09-16 12:25:00,1726489500000,0.3784,0.3787,0.3774,0.3785,173709.0
2024-09-16 12:30:00,1726489800000,0.3786,0.3795,0.378,0.3781,112155.4
2024-09-16 12:35:00,1726490100000,0.3781,0.3785,0.3775,0.3785,73591.2
2024-09-16 12:40:00,1726490400000,0.3785,0.3789,0.3774,0.3788,131247.6
2024-09-16 12:45:00,1726490700000,0.3788,0.3797,0.3775,0.3781,209105.2
2024-09-16 12:50:00,1726491000000,0.3781,0.3782,0.3771,0.3775,90344.1
2024-09-16 12:55:00,1726491300000,0.3774,0.3785,0.3772,0.3777,86603.9
2024-09-16 13:00:00,1726491600000,0.3778,0.3789,0.3771,0.3778,281798.0
2024-09-16 13:05:00,1726491900000,0.3778,0.3786,0.3772,0.3777,128829.6
2024-09-16 13:10:00,1726492200000,0.3777,0.3778,0.3761,0.3776,489370.9
2024-09-16 13:15:00,1726492500000,0.3776,0.3781,0.3768,0.3769,200516.9
2024-09-16 13:20:00,1726492800000,0.3769,0.3776,0.3762,0.3771,202717.5
2024-09-16 13:25:00,1726493100000,0.3769,0.3781,0.3758,0.3769,223063.6
2024-09-16 13:30:00,1726493400000,0.3769,0.3771,0.3758,0.3759,142292.3
2024-09-16 13:35:00,1726493700000,0.3759,0.3783,0.3753,0.3779,293863.5
2024-09-16 13:40:00,1726494000000,0.3779,0.3785,0.3761,0.3761,237863.6
2024-09-16 13:45:00,1726494300000,0.3761,0.3799,0.3759,0.3798,496972.2
2024-09-16 13:50:00,1726494600000,0.3797,0.3805,0.3784,0.3797,245142.0
2024-09-16 13:55:00,1726494900000,0.3797,0.3817,0.3796,0.3812,371110.6
2024-09-16 14:00:00,1726495200000,0.3812,0.3813,0.3787,0.3789,240586.7
2024-09-16 14:05:00,1726495500000,0.3789,0.379,0.3772,0.3775,217858.2
2024-09-16 14:10:00,1726495800000,0.3775,0.3781,0.3767,0.3776,152467.4
2024-09-16 14:15:00,1726496100000,0.3776,0.378,0.3763,0.3773,260933.3
2024-09-16 14:20:00,1726496400000,0.3772,0.378,0.3764,0.3772,196417.2
2024-09-16 14:25:00,1726496700000,0.3772,0.3783,0.3766,0.3775,117129.6
2024-09-16 14:30:00,1726497000000,0.3776,0.378,0.375,0.376,363466.7
2024-09-16 14:35:00,1726497300000,0.376,0.3778,0.3759,0.3771,153873.0
2024-09-16 14:40:00,1726497600000,0.377,0.3784,0.3767,0.3775,167619.9
2024-09-16 14:45:00,1726497900000,0.3774,0.3781,0.3767,0.3775,151883.5
2024-09-16 14:50:00,1726498200000,0.3772,0.3785,0.3769,0.3781,238387.8
2024-09-16 14:55:00,1726498500000,0.3781,0.3794,0.3776,0.3778,381697.1
2024-09-16 15:00:00,1726498800000,0.3781,0.3793,0.3779,0.3791,213543.1
2024-09-16 15:05:00,1726499100000,0.379,0.38,0.3787,0.3791,171646.6
2024-09-16 15:10:00,1726499400000,0.379,0.3795,0.3782,0.3787,150156.9
2024-09-16 15:15:00,1726499700000,0.3788,0.38,0.3778,0.3798,223908.2
2024-09-16 15:20:00,1726500000000,0.3798,0.3799,0.3786,0.3788,137959.4
2024-09-16 15:25:00,1726500300000,0.3789,0.3793,0.3778,0.3786,288321.2
2024-09-16 15:30:00,1726500600000,0.3785,0.3798,0.3782,0.3791,64357.0
2024-09-16 15:35:00,1726500900000,0.3791,0.3793,0.3783,0.3789,123765.0
2024-09-16 15:40:00,1726501200000,0.3789,0.379,0.3776,0.3776,31299.8
2024-09-16 15:45:00,1726501500000,0.3776,0.3786,0.3774,0.3785,58095.3
2024-09-16 15:50:00,1726501800000,0.3784,0.3786,0.378,0.3784,45933.4
2024-09-16 15:55:00,1726502100000,0.3784,0.3785,0.3776,0.3777,49707.9
2024-09-16 16:00:00,1726502400000,0.3777,0.3785,0.3775,0.3781,62544.5
2024-09-16 16:05:00,1726502700000,0.378,0.3785,0.3771,0.3779,223322.5
2024-09-16 16:10:00,1726503000000,0.378,0.3789,0.3772,0.3774,167341.1
2024-09-16 16:15:00,1726503300000,0.3773,0.378,0.3765,0.378,190704.4
2024-09-16 16:20:00,1726503600000,0.378,0.378,0.3769,0.3778,112212.7
2024-09-16 16:25:00,1726503900000,0.3777,0.3787,0.3772,0.378,261029.7
2024-09-16 16:30:00,1726504200000,0.3781,0.3781,0.3765,0.377,191246.2
2024-09-16 16:35:00,1726504500000,0.3769,0.3776,0.3766,0.3773,89063.5
2024-09-16 16:40:00,1726504800000,0.3773,0.3773,0.3761,0.3764,111649.9
2024-09-16 16:45:00,1726505100000,0.3764,0.3769,0.3751,0.3761,367775.4
2024-09-16 16:50:00,1726505400000,0.3763,0.3776,0.3763,0.3771,97045.4
2024-09-16 16:55:00,1726505700000,0.377,0.3779,0.376,0.376,41415.0
2024-09-16 17:00:00,1726506000000,0.376,0.3766,0.3756,0.3761,90929.7
2024-09-16 17:05:00,1726506300000,0.3761,0.3767,0.3758,0.3758,144830.2
2024-09-16 17:10:00,1726506600000,0.3758,0.3764,0.3726,0.374,550133.3
2024-09-16 17:15:00,1726506900000,0.3739,0.3774,0.3736,0.3752,665211.0
2024-09-16 17:20:00,1726507200000,0.3752,0.3762,0.3746,0.3762,58729.9
2024-09-16 17:25:00,1726507500000,0.3762,0.3764,0.3743,0.3751,313724.2
2024-09-16 17:30:00,1726507800000,0.3751,0.3751,0.3728,0.3739,269464.1
2024-09-16 17:35:00,1726508100000,0.3739,0.3745,0.3723,0.3742,219966.9
2024-09-16 17:40:00,1726508400000,0.3742,0.3765,0.3735,0.3758,364264.9
2024-09-16 17:45:00,1726508700000,0.3757,0.3806,0.3757,0.3768,1530016.3
2024-09-16 17:50:00,1726509000000,0.3768,0.3782,0.3765,0.3781,105110.3
2024-09-16 17:55:00,1726509300000,0.3782,0.3842,0.378,0.3802,1367202.9
2024-09-16 18:00:00,1726509600000,0.3802,0.3804,0.3781,0.3789,143523.4
2024-09-16 18:05:00,1726509900000,0.3789,0.3799,0.3788,0.3795,53650.3
2024-09-16 18:10:00,1726510200000,0.3795,0.38,0.3777,0.3779,116411.4
2024-09-16 18:15:00,1726510500000,0.378,0.3787,0.3773,0.3777,116179.4
2024-09-16 18:20:00,1726510800000,0.3777,0.3789,0.3776,0.378,59937.3
2024-09-16 18:25:00,1726511100000,0.3781,0.3782,0.3775,0.3776,24937.3
2024-09-16 18:30:00,1726511400000,0.3776,0.3787,0.3775,0.3785,23577.0
2024-09-16 18:35:00,1726511700000,0.3786,0.3791,0.3783,0.3784,23771.2
2024-09-16 18:40:00,1726512000000,0.3784,0.3785,0.3775,0.378,41729.0
2024-09-16 18:45:00,1726512300000,0.378,0.3785,0.3779,0.3784,7951.5
2024-09-16 18:50:00,1726512600000,0.3785,0.3789,0.3776,0.378,36236.0
2024-09-16 18:55:00,1726512900000,0.378,0.3781,0.3772,0.3779,50347.0
2024-09-16 19:00:00,1726513200000,0.3779,0.378,0.3766,0.3769,60254.5
2024-09-16 19:05:00,1726513500000,0.3767,0.3777,0.3767,0.3773,54492.4
2024-09-16 19:10:00,1726513800000,0.3774,0.3777,0.3767,0.3769,57155.1
2024-09-16 19:15:00,1726514100000,0.3768,0.3773,0.3763,0.3766,108918.9
2024-09-16 19:20:00,1726514400000,0.3765,0.3783,0.3765,0.3778,145208.9
2024-09-16 19:25:00,1726514700000,0.3777,0.3777,0.3772,0.3773,48576.5
2024-09-16 19:30:00,1726515000000,0.3773,0.3784,0.377,0.3781,108272.6
2024-09-16 19:35:00,1726515300000,0.3781,0.3781,0.377,0.3774,70999.8
2024-09-16 19:40:00,1726515600000,0.3775,0.3783,0.3772,0.3782,128552.1
2024-09-16 19:45:00,1726515900000,0.3783,0.3785,0.3775,0.3778,47906.0
2024-09-16 19:50:00,1726516200000,0.3778,0.3788,0.3778,0.3781,57978.3
2024-09-16 19:55:00,1726516500000,0.3781,0.3788,0.3773,0.3774,92904.5
2024-09-16 20:00:00,1726516800000,0.3774,0.3785,0.3773,0.3784,157757.4
2024-09-16 20:05:00,1726517100000,0.3784,0.3795,0.3784,0.3791,109156.3
2024-09-16 20:10:00,1726517400000,0.3791,0.3792,0.3787,0.3787,24302.0
2024-09-16 20:15:00,1726517700000,0.3788,0.3791,0.3783,0.3788,23712.8
2024-09-16 20:20:00,1726518000000,0.3789,0.3796,0.3788,0.3793,52854.7
2024-09-16 20:25:00,1726518300000,0.3794,0.3794,0.3769,0.3769,111737.0
2024-09-16 20:30:00,1726518600000,0.3769,0.3771,0.3763,0.3767,64274.4
2024-09-16 20:35:00,1726518900000,0.3767,0.377,0.3763,0.3764,25416.7
2024-09-16 20:40:00,1726519200000,0.3764,0.3766,0.3761,0.3762,30997.5
2024-09-16 20:45:00,1726519500000,0.3761,0.3764,0.376,0.3761,17771.3
2024-09-16 20:50:00,1726519800000,0.376,0.3765,0.3758,0.3764,31977.3
2024-09-16 20:55:00,1726520100000,0.3764,0.3765,0.3754,0.3755,30562.4
2024-09-16 21:00:00,1726520400000,0.3755,0.3768,0.3746,0.3767,174629.7
2024-09-16 21:05:00,1726520700000,0.3767,0.3767,0.3751,0.3751,54175.4
2024-09-16 21:10:00,1726521000000,0.3751,0.3762,0.375,0.3758,38494.6
2024-09-16 21:15:00,1726521300000,0.3758,0.3765,0.3758,0.3763,59596.7
2024-09-16 21:20:00,1726521600000,0.3764,0.3778,0.3761,0.3776,59474.0
2024-09-16 21:25:00,1726521900000,0.3776,0.3776,0.3765,0.3767,24123.3
2024-09-16 21:30:00,1726522200000,0.3767,0.3769,0.3766,0.3766,7458.7
2024-09-16 21:35:00,1726522500000,0.3768,0.3776,0.3766,0.3771,21044.4
2024-09-16 21:40:00,1726522800000,0.3771,0.3773,0.3764,0.3771,63139.6
2024-09-16 21:45:00,1726523100000,0.377,0.3772,0.3769,0.3772,19964.7
2024-09-16 21:50:00,1726523400000,0.3771,0.3772,0.3769,0.377,15819.4
2024-09-16 21:55:00,1726523700000,0.377,0.3773,0.3769,0.3772,20192.4
2024-09-16 22:00:00,1726524000000,0.3771,0.3771,0.3757,0.3769,225045.0
2024-09-16 22:05:00,1726524300000,0.3769,0.3781,0.3755,0.3762,202784.1
2024-09-16 22:10:00,1726524600000,0.3763,0.3765,0.3753,0.376,97098.6
2024-09-16 22:15:00,1726524900000,0.3761,0.3771,0.3756,0.3761,88754.9
2024-09-16 22:20:00,1726525200000,0.376,0.3761,0.3746,0.3754,197158.3
2024-09-16 22:25:00,1726525500000,0.3755,0.3756,0.3746,0.3748,166210.2
2024-09-16 22:30:00,1726525800000,0.3748,0.3762,0.3744,0.3746,158030.3
2024-09-16 22:35:00,1726526100000,0.3747,0.3749,0.3743,0.3744,29935.3
2024-09-16 22:40:00,1726526400000,0.3745,0.3752,0.3744,0.3749,29763.0
2024-09-16 22:45:00,1726526700000,0.3749,0.3749,0.3743,0.3744,30762.9
2024-09-16 22:50:00,1726527000000,0.3744,0.3752,0.3743,0.375,93666.0
2024-09-16 22:55:00,1726527300000,0.3751,0.3753,0.3744,0.3752,48191.9
2024-09-16 23:00:00,1726527600000,0.3752,0.3763,0.3752,0.3758,60071.2
2024-09-16 23:05:00,1726527900000,0.3758,0.3765,0.3757,0.3764,35107.1
2024-09-16 23:10:00,1726528200000,0.3764,0.3766,0.3752,0.3758,129489.4
2024-09-16 23:15:00,1726528500000,0.376,0.376,0.3746,0.3755,128701.8
2024-09-16 23:20:00,1726528800000,0.3754,0.376,0.3752,0.3759,46696.2
2024-09-16 23:25:00,1726529100000,0.376,0.376,0.3755,0.3759,59375.3
2024-09-16 23:30:00,1726529400000,0.3759,0.3765,0.3756,0.3765,73299.4
2024-09-16 23:35:00,1726529700000,0.3764,0.3767,0.3761,0.3766,41704.9
2024-09-16 23:40:00,1726530000000,0.3765,0.3767,0.3762,0.3767,8638.0
2024-09-16 23:45:00,1726530300000,0.3766,0.3769,0.3765,0.3767,12311.8
2024-09-16 23:50:00,1726530600000,0.3768,0.3768,0.3755,0.376,88557.1
2024-09-16 23:55:00,1726530900000,0.3761,0.3762,0.3755,0.3759,41654.6
2024-09-17 00:00:00,1726531200000,0.3759,0.3769,0.3754,0.3768,76339.7
2024-09-17 00:05:00,1726531500000,0.3769,0.3781,0.3768,0.3772,77722.4
2024-09-17 00:10:00,1726531800000,0.3772,0.3787,0.3771,0.3781,131231.9
2024-09-17 00:15:00,1726532100000,0.378,0.3785,0.3771,0.378,120363.2
2024-09-17 00:20:00,1726532400000,0.378,0.3781,0.377,0.3779,36738.3
2024-09-17 00:25:00,1726532700000,0.3779,0.3785,0.3773,0.3782,76932.0
2024-09-17 00:30:00,1726533000000,0.3782,0.3785,0.3776,0.3778,43062.8
2024-09-17 00:35:00,1726533300000,0.3779,0.3784,0.3772,0.3777,46712.4
2024-09-17 00:40:00,1726533600000,0.3778,0.3783,0.377,0.3778,95438.8
2024-09-17 00:45:00,1726533900000,0.3778,0.3781,0.3763,0.3764,180261.0
2024-09-17 00:50:00,1726534200000,0.3763,0.3771,0.3753,0.3756,150722.5
2024-09-17 00:55:00,1726534500000,0.3756,0.3758,0.3744,0.3746,90378.1
2024-09-17 01:00:00,1726534800000,0.3745,0.3764,0.3742,0.3759,256405.6
2024-09-17 01:05:00,1726535100000,0.376,0.3766,0.3753,0.3759,88770.2
2024-09-17 01:10:00,1726535400000,0.3758,0.3763,0.3738,0.3747,232847.6
2024-09-17 01:15:00,1726535700000,0.3747,0.3755,0.3742,0.3744,165624.3
2024-09-17 01:20:00,1726536000000,0.3745,0.3757,0.3745,0.3752,112063.4
2024-09-17 01:25:00,1726536300000,0.3752,0.3754,0.3745,0.3752,60589.5
2024-09-17 01:30:00,1726536600000,0.3752,0.376,0.3748,0.3751,79090.0
2024-09-17 01:35:00,1726536900000,0.3751,0.3756,0.375,0.3755,19326.0
2024-09-17 01:40:00,1726537200000,0.3755,0.3762,0.3753,0.3756,55498.1
2024-09-17 01:45:00,1726537500000,0.3758,0.376,0.375,0.3751,57458.1
2024-09-17 01:50:00,1726537800000,0.3751,0.3762,0.375,0.3757,36338.9
2024-09-17 01:55:00,1726538100000,0.3756,0.3758,0.3751,0.3758,28790.9
2024-09-17 02:00:00,1726538400000,0.3758,0.3765,0.3757,0.3763,29272.7
2024-09-17 02:05:00,1726538700000,0.3764,0.3772,0.3763,0.3767,46258.9
2024-09-17 02:10:00,1726539000000,0.3767,0.3771,0.3765,0.3765,29152.6
2024-09-17 02:15:00,1726539300000,0.3766,0.3767,0.3756,0.3756,90805.7
2024-09-17 02:20:00,1726539600000,0.3756,0.3759,0.375,0.3756,84429.1
2024-09-17 02:25:00,1726539900000,0.3756,0.3765,0.3756,0.3765,50626.6
2024-09-17 02:30:00,1726540200000,0.3765,0.3765,0.376,0.3761,18857.8
2024-09-17 02:35:00,1726540500000,0.3761,0.3772,0.376,0.3769,31138.3
2024-09-17 02:40:00,1726540800000,0.3771,0.3777,0.377,0.3776,21042.3
2024-09-17 02:45:00,1726541100000,0.3777,0.3778,0.3767,0.3771,42356.7
2024-09-17 02:50:00,1726541400000,0.3772,0.3779,0.3766,0.3768,78014.3
2024-09-17 02:55:00,1726541700000,0.3768,0.3777,0.3768,0.3777,50401.3
2024-09-17 03:00:00,1726542000000,0.3777,0.3785,0.3768,0.3769,163541.1
2024-09-17 03:05:00,1726542300000,0.3769,0.3769,0.376,0.3761,111272.8
2024-09-17 03:10:00,1726542600000,0.3761,0.3773,0.3758,0.3758,183130.5
2024-09-17 03:15:00,1726542900000,0.3758,0.3771,0.3758,0.3766,192699.3
2024-09-17 03:20:00,1726543200000,0.3766,0.3783,0.3761,0.378,204087.5
2024-09-17 03:25:00,1726543500000,0.378,0.3792,0.378,0.3792,260899.7
2024-09-17 03:30:00,1726543800000,0.3792,0.3798,0.3788,0.3794,116772.5
2024-09-17 03:35:00,1726544100000,0.3794,0.38,0.3794,0.3799,67825.1
2024-09-17 03:40:00,1726544400000,0.3798,0.3808,0.3797,0.3804,172418.3
2024-09-17 03:45:00,1726544700000,0.3804,0.3817,0.3801,0.3801,174359.1
2024-09-17 03:50:00,1726545000000,0.3801,0.3801,0.3791,0.3796,50399.0
2024-09-17 03:55:00,1726545300000,0.3797,0.3805,0.3792,0.3792,95723.8
2024-09-17 04:00:00,1726545600000,0.3792,0.3796,0.3788,0.3794,70941.9
2024-09-17 04:05:00,1726545900000,0.3794,0.3805,0.3791,0.3793,200634.0
2024-09-17 04:10:00,1726546200000,0.3792,0.3797,0.3783,0.3786,74223.2
2024-09-17 04:15:00,1726546500000,0.3787,0.3797,0.3787,0.3789,178451.1
2024-09-17 04:20:00,1726546800000,0.3788,0.3788,0.3778,0.3785,48545.3
2024-09-17 04:25:00,1726547100000,0.3785,0.3791,0.378,0.3784,79459.7
2024-09-17 04:30:00,1726547400000,0.3785,0.3796,0.378,0.3796,137764.5
2024-09-17 04:35:00,1726547700000,0.3795,0.3798,0.3789,0.3794,63807.8
2024-09-17 04:40:00,1726548000000,0.3794,0.3796,0.3791,0.3791,12659.8
2024-09-17 04:45:00,1726548300000,0.379,0.3808,0.3783,0.3804,319758.0
2024-09-17 04:50:00,1726548600000,0.3804,0.3809,0.3797,0.3797,69802.2
2024-09-17 04:55:00,1726548900000,0.3797,0.382,0.3797,0.3812,418433.5
2024-09-17 05:00:00,1726549200000,0.3812,0.3817,0.3804,0.3807,130787.2
2024-09-17 05:05:00,1726549500000,0.3807,0.3809,0.3799,0.3807,146553.5
2024-09-17 05:10:00,1726549800000,0.3807,0.3818,0.3806,0.3812,162750.9
2024-09-17 05:15:00,1726550100000,0.3813,0.3825,0.3811,0.3819,267267.9
2024-09-17 05:20:00,1726550400000,0.3818,0.383,0.3814,0.3823,139498.4
2024-09-17 05:25:00,1726550700000,0.3822,0.3825,0.3819,0.3821,90912.2
2024-09-17 05:30:00,1726551000000,0.3821,0.3835,0.3821,0.3829,144843.4
2024-09-17 05:35:00,1726551300000,0.3829,0.3835,0.3827,0.3829,70977.9
2024-09-17 05:40:00,1726551600000,0.3831,0.3831,0.382,0.3821,50516.3
2024-09-17 05:45:00,1726551900000,0.382,0.3836,0.3816,0.3826,117205.3
2024-09-17 05:50:00,1726552200000,0.3826,0.3844,0.3825,0.3841,251087.4
2024-09-17 05:55:00,1726552500000,0.3841,0.3855,0.3833,0.3851,528646.9
2024-09-17 06:00:00,1726552800000,0.3852,0.3856,0.3844,0.3854,294343.1
2024-09-17 06:05:00,1726553100000,0.3854,0.3858,0.3848,0.3854,135956.7
2024-09-17 06:10:00,1726553400000,0.3854,0.3859,0.3841,0.385,257073.6
2024-09-17 06:15:00,1726553700000,0.3851,0.3852,0.3844,0.385,324301.0
2024-09-17 06:20:00,1726554000000,0.3851,0.3852,0.3837,0.384,46131.9
2024-09-17 06:25:00,1726554300000,0.384,0.384,0.3815,0.3823,365091.2
2024-09-17 06:30:00,1726554600000,0.3825,0.3842,0.3824,0.3837,95371.7
2024-09-17 06:35:00,1726554900000,0.3837,0.3843,0.3836,0.384,31378.0
2024-09-17 06:40:00,1726555200000,0.3841,0.3847,0.3838,0.3844,57357.5
2024-09-17 06:45:00,1726555500000,0.3844,0.3844,0.3834,0.3836,65048.4
2024-09-17 06:50:00,1726555800000,0.3836,0.3842,0.383,0.3832,116144.7
2024-09-17 06:55:00,1726556100000,0.3831,0.3835,0.383,0.3833,28767.9
2024-09-17 07:00:00,1726556400000,0.3832,0.3836,0.383,0.3836,55739.2
2024-09-17 07:05:00,1726556700000,0.3836,0.3838,0.3831,0.3837,66856.6
2024-09-17 07:10:00,1726557000000,0.3837,0.3844,0.3833,0.3837,60639.6
2024-09-17 07:15:00,1726557300000,0.3837,0.3841,0.3834,0.384,62906.3
2024-09-17 07:20:00,1726557600000,0.3839,0.384,0.383,0.3839,58571.6
2024-09-17 07:25:00,1726557900000,0.3839,0.3851,0.3838,0.3841,120021.5
2024-09-17 07:30:00,1726558200000,0.3842,0.3861,0.3841,0.3844,262228.8
2024-09-17 07:35:00,1726558500000,0.3844,0.3849,0.3842,0.3845,114504.6
2024-09-17 07:40:00,1726558800000,0.3845,0.3864,0.384,0.3863,185107.3
2024-09-17 07:45:00,1726559100000,0.3863,0.3872,0.3855,0.3865,268619.1
2024-09-17 07:50:00,1726559400000,0.3864,0.3864,0.3856,0.3859,46875.3
2024-09-17 07:55:00,1726559700000,0.3859,0.3871,0.3858,0.3863,193062.7
2024-09-17 08:00:00,1726560000000,0.3862,0.3877,0.3858,0.3868,227848.7
2024-09-17 08:05:00,1726560300000,0.3869,0.3871,0.3863,0.3867,30888.2
2024-09-17 08:10:00,1726560600000,0.3866,0.3876,0.3863,0.3871,90154.9
2024-09-17 08:15:00,1726560900000,0.387,0.3873,0.3861,0.3866,26120.9
2024-09-17 08:20:00,1726561200000,0.3867,0.3872,0.3861,0.3862,71222.8
2024-09-17 08:25:00,1726561500000,0.3863,0.3866,0.3857,0.3862,92365.9
2024-09-17 08:30:00,1726561800000,0.3861,0.387,0.386,0.3867,113972.5
2024-09-17 08:35:00,1726562100000,0.3866,0.3872,0.3866,0.3867,36449.5
2024-09-17 08:40:00,1726562400000,0.3868,0.3872,0.3865,0.387,28951.3
2024-09-17 08:45:00,1726562700000,0.3871,0.3871,0.386,0.3861,46316.1
2024-09-17 08:50:00,1726563000000,0.3863,0.3865,0.3858,0.3862,103363.8
2024-09-17 08:55:00,1726563300000,0.3861,0.3862,0.3856,0.3858,41702.0
2024-09-17 09:00:00,1726563600000,0.3858,0.3859,0.3845,0.3851,119119.1
2024-09-17 09:05:00,1726563900000,0.3852,0.3858,0.3851,0.3855,57698.4
2024-09-17 09:10:00,1726564200000,0.3857,0.386,0.385,0.3851,69602.5
2024-09-17 09:15:00,1726564500000,0.385,0.386,0.385,0.3856,144151.9
2024-09-17 09:20:00,1726564800000,0.3854,0.3859,0.3847,0.3859,73581.6
2024-09-17 09:25:00,1726565100000,0.3859,0.3868,0.3858,0.3866,94011.2
2024-09-17 09:30:00,1726565400000,0.3867,0.3871,0.3866,0.387,124408.2
2024-09-17 09:35:00,1726565700000,0.3869,0.387,0.3854,0.3866,265083.8
2024-09-17 09:40:00,1726566000000,0.3867,0.3867,0.386,0.3862,63619.7
2024-09-17 09:45:00,1726566300000,0.3863,0.3863,0.3855,0.386,84172.8
2024-09-17 09:50:00,1726566600000,0.386,0.3866,0.3859,0.3864,68854.0
2024-09-17 09:55:00,1726566900000,0.3865,0.3866,0.386,0.3861,55731.3
2024-09-17 10:00:00,1726567200000,0.3861,0.3867,0.386,0.3863,62745.9
2024-09-17 10:05:00,1726567500000,0.3863,0.3865,0.3857,0.3865,70185.0
2024-09-17 10:10:00,1726567800000,0.3865,0.3865,0.3855,0.3856,65447.7
2024-09-17 10:15:00,1726568100000,0.3857,0.3859,0.3855,0.3856,70458.5
2024-09-17 10:20:00,1726568400000,0.3856,0.3856,0.3846,0.3846,218273.1
2024-09-17 10:25:00,1726568700000,0.3846,0.3857,0.3829,0.3839,325344.2
2024-09-17 10:30:00,1726569000000,0.3838,0.3845,0.3834,0.3844,81450.9
2024-09-17 10:35:00,1726569300000,0.3842,0.3848,0.3833,0.3839,225534.2
2024-09-17 10:40:00,1726569600000,0.3838,0.3848,0.3838,0.3847,57083.6
2024-09-17 10:45:00,1726569900000,0.3847,0.3857,0.3847,0.3856,102753.3
2024-09-17 10:50:00,1726570200000,0.3856,0.3864,0.3855,0.3862,40300.6
2024-09-17 10:55:00,1726570500000,0.3862,0.3863,0.385,0.385,54873.2
2024-09-17 11:00:00,1726570800000,0.385,0.3857,0.3847,0.3852,62498.6
2024-09-17 11:05:00,1726571100000,0.3852,0.3853,0.384,0.3841,79543.7
2024-09-17 11:10:00,1726571400000,0.384,0.3843,0.3835,0.3838,145951.5
2024-09-17 11:15:00,1726571700000,0.3838,0.3839,0.3813,0.3827,270665.8
2024-09-17 11:20:00,1726572000000,0.3828,0.3832,0.3822,0.3831,107513.9
2024-09-17 11:25:00,1726572300000,0.3831,0.3836,0.383,0.3831,117943.1
2024-09-17 11:30:00,1726572600000,0.3832,0.3843,0.3815,0.3839,505690.9
2024-09-17 11:35:00,1726572900000,0.3838,0.3838,0.3826,0.3832,75472.0
2024-09-17 11:40:00,1726573200000,0.3832,0.3834,0.3824,0.3824,84149.6
2024-09-17 11:45:00,1726573500000,0.3827,0.3829,0.3822,0.3826,79959.1
2024-09-17 11:50:00,1726573800000,0.3826,0.3831,0.3826,0.383,37778.8
2024-09-17 11:55:00,1726574100000,0.383,0.3838,0.383,0.3832,68379.9
2024-09-17 12:00:00,1726574400000,0.383,0.3836,0.383,0.3834,10883.4
2024-09-17 12:05:00,1726574700000,0.3834,0.3835,0.3832,0.3835,26903.5
2024-09-17 12:10:00,1726575000000,0.3835,0.3837,0.3824,0.3824,77167.4
2024-09-17 12:15:00,1726575300000,0.3825,0.3828,0.382,0.3826,81769.9
2024-09-17 12:20:00,1726575600000,0.3825,0.3835,0.3824,0.383,71164.8
2024-09-17 12:25:00,1726575900000,0.3831,0.3838,0.3827,0.3838,59579.4
2024-09-17 12:30:00,1726576200000,0.3838,0.3853,0.383,0.3842,508050.7
2024-09-17 12:35:00,1726576500000,0.3843,0.3858,0.3841,0.385,126969.7
2024-09-17 12:40:00,1726576800000,0.3849,0.3855,0.3845,0.3854,62363.4
2024-09-17 12:45:00,1726577100000,0.3855,0.3858,0.3848,0.3856,93832.3
2024-09-17 12:50:00,1726577400000,0.3856,0.3859,0.3852,0.3852,79994.7
2024-09-17 12:55:00,1726577700000,0.3853,0.3859,0.3849,0.3855,27258.7
2024-09-17 13:00:00,1726578000000,0.3855,0.3857,0.385,0.3851,77870.6
2024-09-17 13:05:00,1726578300000,0.3851,0.3855,0.383,0.3832,1007085.2
2024-09-17 13:10:00,1726578600000,0.3834,0.3842,0.3833,0.384,50992.5
2024-09-17 13:15:00,1726578900000,0.3841,0.3842,0.3838,0.384,31240.0
2024-09-17 13:20:00,1726579200000,0.3841,0.3852,0.3839,0.3852,62061.0
2024-09-17 13:25:00,1726579500000,0.3851,0.3852,0.3843,0.3846,27856.3
2024-09-17 13:30:00,1726579800000,0.3846,0.385,0.3836,0.3838,156428.4
2024-09-17 13:35:00,1726580100000,0.3838,0.3842,0.3836,0.3842,66546.4
2024-09-17 13:40:00,1726580400000,0.3841,0.3842,0.3835,0.3837,40855.8
2024-09-17 13:45:00,1726580700000,0.3837,0.3844,0.3837,0.3838,51599.6
2024-09-17 13:50:00,1726581000000,0.3838,0.3838,0.3818,0.3819,341415.8
2024-09-17 13:55:00,1726581300000,0.3819,0.3829,0.3818,0.3829,78802.7
2024-09-17 14:00:00,1726581600000,0.3827,0.3837,0.3825,0.3835,67323.8
2024-09-17 14:05:00,1726581900000,0.3836,0.3842,0.3834,0.3841,74710.7
2024-09-17 14:10:00,1726582200000,0.384,0.3859,0.3838,0.3847,183345.9
2024-09-17 14:15:00,1726582500000,0.3846,0.3872,0.3846,0.3872,278586.8
2024-09-17 14:20:00,1726582800000,0.3871,0.388,0.3868,0.3878,212227.3
2024-09-17 14:25:00,1726583100000,0.3878,0.3903,0.3875,0.3892,1081665.8
2024-09-17 14:30:00,1726583400000,0.3892,0.3897,0.3877,0.3884,185688.8
2024-09-17 14:35:00,1726583700000,0.3886,0.3898,0.3871,0.3898,198318.1
2024-09-17 14:40:00,1726584000000,0.3897,0.3899,0.3888,0.3894,139382.2
2024-09-17 14:45:00,1726584300000,0.3894,0.39,0.3893,0.3899,227363.3
2024-09-17 14:50:00,1726584600000,0.3898,0.3899,0.3879,0.388,296209.4
2024-09-17 14:55:00,1726584900000,0.3879,0.3888,0.3871,0.3873,137259.3
2024-09-17 15:00:00,1726585200000,0.3876,0.3895,0.386,0.3886,1074228.3
2024-09-17 15:05:00,1726585500000,0.3885,0.3892,0.3878,0.3888,250876.9
2024-09-17 15:10:00,1726585800000,0.3888,0.3895,0.388,0.389,308170.4
2024-09-17 15:15:00,1726586100000,0.389,0.3905,0.3886,0.3904,709584.9
2024-09-17 15:20:00,1726586400000,0.3905,0.3907,0.3887,0.39,586952.4
2024-09-17 15:25:00,1726586700000,0.3901,0.3903,0.3869,0.3884,503871.3
2024-09-17 15:30:00,1726587000000,0.3884,0.3892,0.3875,0.3877,349318.6
2024-09-17 15:35:00,1726587300000,0.3878,0.3887,0.3876,0.388,100309.4
2024-09-17 15:40:00,1726587600000,0.388,0.3884,0.3873,0.3873,116041.7
2024-09-17 15:45:00,1726587900000,0.3873,0.3874,0.3868,0.3868,272051.6
2024-09-17 15:50:00,1726588200000,0.3869,0.388,0.3869,0.388,96120.1
2024-09-17 15:55:00,1726588500000,0.3879,0.3885,0.3876,0.3884,75285.0
2024-09-17 16:00:00,1726588800000,0.3881,0.3888,0.3879,0.3881,71737.5
2024-09-17 16:05:00,1726589100000,0.3881,0.3892,0.388,0.3891,131773.7
2024-09-17 16:10:00,1726589400000,0.3891,0.3893,0.387,0.3882,167705.6
2024-09-17 16:15:00,1726589700000,0.3881,0.3881,0.3823,0.3844,1297040.5
2024-09-17 16:20:00,1726590000000,0.3844,0.3856,0.3836,0.3856,443075.4
2024-09-17 16:25:00,1726590300000,0.3855,0.3858,0.3845,0.3853,141610.8
2024-09-17 16:30:00,1726590600000,0.3853,0.3853,0.3826,0.3834,390538.9
2024-09-17 16:35:00,1726590900000,0.3835,0.3852,0.3833,0.3848,217511.3
2024-09-17 16:40:00,1726591200000,0.3846,0.3847,0.3836,0.3842,147481.1
2024-09-17 16:45:00,1726591500000,0.3843,0.385,0.3829,0.3834,163162.5
2024-09-17 16:50:00,1726591800000,0.3834,0.3834,0.3815,0.383,537078.4
2024-09-17 16:55:00,1726592100000,0.3829,0.3839,0.3826,0.3826,124408.4
2024-09-17 17:00:00,1726592400000,0.3826,0.3835,0.3815,0.3818,287169.1
2024-09-17 17:05:00,1726592700000,0.3818,0.3835,0.3815,0.3834,131185.8
2024-09-17 17:10:00,1726593000000,0.3834,0.3835,0.3814,0.3831,174771.2
2024-09-17 17:15:00,1726593300000,0.3829,0.3833,0.3821,0.3832,92402.4
2024-09-17 17:20:00,1726593600000,0.3832,0.387,0.383,0.386,592005.2
2024-09-17 17:25:00,1726593900000,0.3859,0.3861,0.3853,0.3854,144665.9
2024-09-17 17:30:00,1726594200000,0.3855,0.3855,0.3839,0.3849,155954.1
2024-09-17 17:35:00,1726594500000,0.3849,0.385,0.3842,0.3844,145599.3
2024-09-17 17:40:00,1726594800000,0.3845,0.3849,0.3838,0.3838,134363.2
2024-09-17 17:45:00,1726595100000,0.3838,0.3846,0.3832,0.3846,89108.1
2024-09-17 17:50:00,1726595400000,0.3845,0.3853,0.3841,0.3843,68717.3
2024-09-17 17:55:00,1726595700000,0.3843,0.3849,0.3835,0.3849,70999.5
2024-09-17 18:00:00,1726596000000,0.3847,0.3853,0.3843,0.385,159076.2
2024-09-17 18:05:00,1726596300000,0.3849,0.3856,0.3849,0.3849,54208.9
2024-09-17 18:10:00,1726596600000,0.3851,0.3855,0.3842,0.3842,68378.7
2024-09-17 18:15:00,1726596900000,0.3843,0.3854,0.3841,0.3843,196220.1
2024-09-17 18:20:00,1726597200000,0.3844,0.3848,0.3835,0.3844,249354.3
2024-09-17 18:25:00,1726597500000,0.3844,0.3847,0.3838,0.3841,36101.8
2024-09-17 18:30:00,1726597800000,0.3841,0.3844,0.3835,0.3838,64213.6
2024-09-17 18:35:00,1726598100000,0.3838,0.3838,0.3824,0.383,322112.9
2024-09-17 18:40:00,1726598400000,0.3829,0.384,0.3828,0.3828,151652.3
2024-09-17 18:45:00,1726598700000,0.3829,0.3833,0.3815,0.3816,180883.4
2024-09-17 18:50:00,1726599000000,0.3817,0.3826,0.38,0.3811,428730.8
2024-09-17 18:55:00,1726599300000,0.3811,0.3819,0.3802,0.3815,300259.0
2024-09-17 19:00:00,1726599600000,0.3814,0.3816,0.38,0.3803,371333.7
2024-09-17 19:05:00,1726599900000,0.3804,0.3811,0.3801,0.3805,144908.3
2024-09-17 19:10:00,1726600200000,0.3805,0.3819,0.3805,0.3816,145444.3
2024-09-17 19:15:00,1726600500000,0.3816,0.3822,0.3811,0.3822,132791.7
2024-09-17 19:20:00,1726600800000,0.3822,0.3824,0.3807,0.3808,110036.8
2024-09-17 19:25:00,1726601100000,0.3809,0.3819,0.3807,0.3818,64235.4
2024-09-17 19:30:00,1726601400000,0.3819,0.3824,0.3816,0.3821,55724.1
2024-09-17 19:35:00,1726601700000,0.3821,0.3825,0.382,0.3822,18895.7
2024-09-17 19:40:00,1726602000000,0.3822,0.3822,0.381,0.3814,51390.5
2024-09-17 19:45:00,1726602300000,0.3813,0.3815,0.3779,0.3787,377740.3
2024-09-17 19:50:00,1726602600000,0.3789,0.381,0.3781,0.3808,244436.4
2024-09-17 19:55:00,1726602900000,0.3808,0.3808,0.38,0.3806,118556.2
2024-09-17 20:00:00,1726603200000,0.3806,0.3806,0.3792,0.3802,240655.4
2024-09-17 20:05:00,1726603500000,0.3803,0.382,0.3802,0.3817,138505.6
2024-09-17 20:10:00,1726603800000,0.3818,0.3825,0.3812,0.3814,51358.6
2024-09-17 20:15:00,1726604100000,0.3814,0.3828,0.3814,0.3824,39647.7
2024-09-17 20:20:00,1726604400000,0.3823,0.3827,0.382,0.3823,43110.1
2024-09-17 20:25:00,1726604700000,0.3823,0.3831,0.3823,0.3824,57940.8
2024-09-17 20:30:00,1726605000000,0.3826,0.3837,0.3825,0.3829,146285.1
2024-09-17 20:35:00,1726605300000,0.3828,0.3828,0.381,0.3814,137566.3
2024-09-17 20:40:00,1726605600000,0.3813,0.3821,0.3807,0.3815,43862.3
2024-09-17 20:45:00,1726605900000,0.3815,0.3824,0.3813,0.3822,281893.5
2024-09-17 20:50:00,1726606200000,0.3821,0.3824,0.3812,0.3812,172854.4
2024-09-17 20:55:00,1726606500000,0.3812,0.3813,0.3806,0.3812,67305.6
2024-09-17 21:00:00,1726606800000,0.3812,0.3816,0.381,0.3812,87686.5
2024-09-17 21:05:00,1726607100000,0.3812,0.3815,0.381,0.3812,90155.9
2024-09-17 21:10:00,1726607400000,0.3812,0.3817,0.381,0.3812,61467.1
2024-09-17 21:15:00,1726607700000,0.3811,0.3823,0.3809,0.3822,64085.7
2024-09-17 21:20:00,1726608000000,0.3823,0.3827,0.382,0.3824,62771.1
2024-09-17 21:25:00,1726608300000,0.3824,0.3828,0.3815,0.3818,65395.3
2024-09-17 21:30:00,1726608600000,0.3817,0.3819,0.3812,0.3819,54541.4
2024-09-17 21:35:00,1726608900000,0.3819,0.3821,0.3813,0.3815,51091.9
2024-09-17 21:40:00,1726609200000,0.3815,0.3818,0.3814,0.3816,44135.4
2024-09-17 21:45:00,1726609500000,0.3815,0.3817,0.3815,0.3817,14826.9
2024-09-17 21:50:00,1726609800000,0.3817,0.382,0.3816,0.382,34529.7
2024-09-17 21:55:00,1726610100000,0.382,0.3822,0.3816,0.3821,15965.1
2024-09-17 22:00:00,1726610400000,0.382,0.382,0.3813,0.3813,45906.6
2024-09-17 22:05:00,1726610700000,0.3813,0.3823,0.381,0.3821,160994.0
2024-09-17 22:10:00,1726611000000,0.382,0.3823,0.381,0.3813,120887.9
2024-09-17 22:15:00,1726611300000,0.3812,0.3819,0.3809,0.3818,147407.8
2024-09-17 22:20:00,1726611600000,0.3817,0.3817,0.3807,0.381,113388.9
2024-09-17 22:25:00,1726611900000,0.3813,0.3817,0.3808,0.3817,78396.9
2024-09-17 22:30:00,1726612200000,0.3816,0.3818,0.381,0.3815,99094.1
2024-09-17 22:35:00,1726612500000,0.3815,0.3816,0.3812,0.3816,23786.0
2024-09-17 22:40:00,1726612800000,0.3816,0.3825,0.3816,0.3822,84348.9
2024-09-17 22:45:00,1726613100000,0.382,0.3826,0.3819,0.3826,22030.6
2024-09-17 22:50:00,1726613400000,0.3825,0.3826,0.3817,0.3819,51091.9
2024-09-17 22:55:00,1726613700000,0.3819,0.3819,0.3815,0.3817,88095.6
2024-09-17 23:00:00,1726614000000,0.3817,0.3817,0.3798,0.3803,576068.8
2024-09-17 23:05:00,1726614300000,0.3801,0.3808,0.3796,0.3803,185505.6
2024-09-17 23:10:00,1726614600000,0.3805,0.3807,0.3795,0.3803,188114.5
2024-09-17 23:15:00,1726614900000,0.3804,0.3808,0.3803,0.3808,39495.5
2024-09-17 23:20:00,1726615200000,0.3808,0.3808,0.3801,0.3802,49356.3
2024-09-17 23:25:00,1726615500000,0.3802,0.3808,0.3801,0.3804,54895.1
2024-09-17 23:30:00,1726615800000,0.3804,0.3807,0.3799,0.3807,55458.1
2024-09-17 23:35:00,1726616100000,0.3807,0.3808,0.3802,0.3808,28151.5
2024-09-17 23:40:00,1726616400000,0.3807,0.3808,0.3802,0.3802,20693.9
2024-09-17 23:45:00,1726616700000,0.3803,0.3812,0.3803,0.3808,39218.5
2024-09-17 23:50:00,1726617000000,0.381,0.3811,0.3808,0.3811,18141.8
2024-09-17 23:55:00,1726617300000,0.3812,0.3816,0.3809,0.3816,33360.9
2024-09-18 00:00:00,1726617600000,0.3816,0.3819,0.3811,0.3818,58794.8
2024-09-18 00:05:00,1726617900000,0.3818,0.3818,0.3804,0.3804,59620.3
2024-09-18 00:10:00,1726618200000,0.3806,0.3811,0.3803,0.3809,44958.9
2024-09-18 00:15:00,1726618500000,0.3809,0.3812,0.3794,0.3801,110852.7
2024-09-18 00:20:00,1726618800000,0.3799,0.3802,0.379,0.3796,105326.0
2024-09-18 00:25:00,1726619100000,0.3796,0.3799,0.3787,0.3791,107060.9
2024-09-18 00:30:00,1726619400000,0.379,0.3793,0.3783,0.3788,141142.6
2024-09-18 00:35:00,1726619700000,0.3788,0.379,0.3768,0.3777,396361.1
2024-09-18 00:40:00,1726620000000,0.3777,0.3787,0.3774,0.3787,132612.9
2024-09-18 00:45:00,1726620300000,0.3788,0.3797,0.3782,0.3786,288628.5
2024-09-18 00:50:00,1726620600000,0.3787,0.3798,0.3781,0.3792,119077.0
2024-09-18 00:55:00,1726620900000,0.3793,0.3794,0.3788,0.3791,51972.7
2024-09-18 01:00:00,1726621200000,0.3788,0.3793,0.3785,0.3787,122121.4
2024-09-18 01:05:00,1726621500000,0.3786,0.3796,0.3781,0.3795,64495.8
2024-09-18 01:10:00,1726621800000,0.3795,0.38,0.378,0.3782,82356.5
2024-09-18 01:15:00,1726622100000,0.3782,0.3786,0.3774,0.3781,133252.3
2024-09-18 01:20:00,1726622400000,0.3783,0.3787,0.3777,0.3785,67799.2
2024-09-18 01:25:00,1726622700000,0.3785,0.3794,0.3781,0.3792,56643.5
2024-09-18 01:30:00,1726623000000,0.3792,0.3797,0.3783,0.3785,115136.4
2024-09-18 01:35:00,1726623300000,0.3785,0.3789,0.3781,0.3781,52561.4
2024-09-18 01:40:00,1726623600000,0.3781,0.3789,0.3778,0.3785,117167.1
2024-09-18 01:45:00,1726623900000,0.3785,0.3786,0.3774,0.3776,86548.3
2024-09-18 01:50:00,1726624200000,0.3777,0.3784,0.3777,0.3781,79603.1
2024-09-18 01:55:00,1726624500000,0.3782,0.3784,0.3779,0.378,71819.7
2024-09-18 02:00:00,1726624800000,0.378,0.3782,0.3777,0.378,55756.2
2024-09-18 02:05:00,1726625100000,0.3781,0.379,0.3778,0.3783,102488.8
2024-09-18 02:10:00,1726625400000,0.3785,0.3792,0.3784,0.3787,111767.6
2024-09-18 02:15:00,1726625700000,0.3787,0.38,0.378,0.3795,179274.0
2024-09-18 02:20:00,1726626000000,0.3797,0.3799,0.3789,0.379,85237.4
2024-09-18 02:25:00,1726626300000,0.3791,0.3794,0.3786,0.3794,46608.4
2024-09-18 02:30:00,1726626600000,0.3794,0.38,0.3788,0.3798,74819.1
2024-09-18 02:35:00,1726626900000,0.3798,0.38,0.3796,0.3799,49876.0
2024-09-18 02:40:00,1726627200000,0.38,0.38,0.3791,0.3799,61030.1
2024-09-18 02:45:00,1726627500000,0.3798,0.3803,0.3797,0.3802,137530.2
2024-09-18 02:50:00,1726627800000,0.3801,0.3803,0.3798,0.38,42203.1
2024-09-18 02:55:00,1726628100000,0.3799,0.3807,0.3798,0.3801,83607.1
2024-09-18 03:00:00,1726628400000,0.3801,0.3813,0.3801,0.3813,127630.9
2024-09-18 03:05:00,1726628700000,0.3812,0.3812,0.3807,0.3808,57240.3
2024-09-18 03:10:00,1726629000000,0.3809,0.3813,0.3809,0.3813,102892.5
2024-09-18 03:15:00,1726629300000,0.3811,0.3815,0.3807,0.3813,97268.0
2024-09-18 03:20:00,1726629600000,0.3813,0.3828,0.3813,0.3813,407351.4
2024-09-18 03:25:00,1726629900000,0.3814,0.382,0.3814,0.3819,28165.1
2024-09-18 03:30:00,1726630200000,0.382,0.3821,0.3808,0.381,166990.6
2024-09-18 03:35:00,1726630500000,0.3811,0.3813,0.3806,0.3812,80365.2
2024-09-18 03:40:00,1726630800000,0.381,0.3817,0.3807,0.3814,63706.5
2024-09-18 03:45:00,1726631100000,0.3814,0.3815,0.3803,0.3806,181635.0
2024-09-18 03:50:00,1726631400000,0.3805,0.3814,0.3804,0.3809,204700.9
2024-09-18 03:55:00,1726631700000,0.3808,0.3809,0.3804,0.3806,87051.2
2024-09-18 04:00:00,1726632000000,0.3807,0.3808,0.3805,0.3805,43348.4
2024-09-18 04:05:00,1726632300000,0.3805,0.3814,0.3805,0.3812,60295.8
2024-09-18 04:10:00,1726632600000,0.3813,0.3815,0.3809,0.3814,140999.3
2024-09-18 04:15:00,1726632900000,0.3814,0.3815,0.3808,0.3812,84971.5
2024-09-18 04:20:00,1726633200000,0.3812,0.3814,0.3806,0.3809,73099.8
2024-09-18 04:25:00,1726633500000,0.3806,0.3817,0.3802,0.3815,230885.2
2024-09-18 04:30:00,1726633800000,0.3815,0.3815,0.3803,0.3803,76863.5
2024-09-18 04:35:00,1726634100000,0.3803,0.381,0.3803,0.3808,140254.2
2024-09-18 04:40:00,1726634400000,0.3806,0.3809,0.3805,0.3806,90350.0
2024-09-18 04:45:00,1726634700000,0.3806,0.3806,0.38,0.38,128967.7
2024-09-18 04:50:00,1726635000000,0.3801,0.3802,0.3788,0.3796,199390.0
2024-09-18 04:55:00,1726635300000,0.3797,0.3802,0.3796,0.3802,88996.2
2024-09-18 05:00:00,1726635600000,0.3801,0.3805,0.3796,0.38,118285.8
2024-09-18 05:05:00,1726635900000,0.3799,0.38,0.3789,0.38,188736.4
2024-09-18 05:10:00,1726636200000,0.38,0.38,0.3796,0.3796,54277.2
2024-09-18 05:15:00,1726636500000,0.3796,0.3798,0.379,0.3796,84643.3
2024-09-18 05:20:00,1726636800000,0.3795,0.38,0.3793,0.3798,52064.1
2024-09-18 05:25:00,1726637100000,0.3797,0.3801,0.3795,0.38,44512.8
2024-09-18 05:30:00,1726637400000,0.3799,0.38,0.3786,0.3793,245211.1
2024-09-18 05:35:00,1726637700000,0.3793,0.3797,0.3791,0.3795,29464.5
2024-09-18 05:40:00,1726638000000,0.3796,0.3796,0.3785,0.3788,139497.4
2024-09-18 05:45:00,1726638300000,0.3788,0.3793,0.3787,0.379,57427.0
2024-09-18 05:50:00,1726638600000,0.379,0.3798,0.3789,0.3795,53085.2
2024-09-18 05:55:00,1726638900000,0.3798,0.3798,0.3793,0.3795,52873.5
2024-09-18 06:00:00,1726639200000,0.3793,0.3797,0.379,0.3792,90366.8
2024-09-18 06:05:00,1726639500000,0.3791,0.3807,0.3791,0.3806,168472.0
2024-09-18 06:10:00,1726639800000,0.3806,0.3812,0.3803,0.3806,67842.4
2024-09-18 06:15:00,1726640100000,0.3805,0.381,0.3802,0.3808,19928.4
2024-09-18 06:20:00,1726640400000,0.3808,0.381,0.3807,0.3808,33458.8
2024-09-18 06:25:00,1726640700000,0.3809,0.381,0.3803,0.3805,49574.4
2024-09-18 06:30:00,1726641000000,0.3804,0.3807,0.3802,0.3805,70107.2
2024-09-18 06:35:00,1726641300000,0.3806,0.3806,0.3801,0.3805,37178.1
2024-09-18 06:40:00,1726641600000,0.3805,0.3808,0.3801,0.3803,42637.2
2024-09-18 06:45:00,1726641900000,0.3803,0.3808,0.3803,0.3807,104156.8
2024-09-18 06:50:00,1726642200000,0.3807,0.381,0.3803,0.381,100218.1
2024-09-18 06:55:00,1726642500000,0.381,0.381,0.3797,0.38,254818.3
2024-09-18 07:00:00,1726642800000,0.38,0.3804,0.38,0.3804,91319.2
2024-09-18 07:05:00,1726643100000,0.3802,0.3806,0.38,0.3803,52474.2
2024-09-18 07:10:00,1726643400000,0.3804,0.3807,0.38,0.38,86180.5
2024-09-18 07:15:00,1726643700000,0.3801,0.3805,0.38,0.3801,61523.5
2024-09-18 07:20:00,1726644000000,0.38,0.3803,0.3798,0.3803,77608.9
2024-09-18 07:25:00,1726644300000,0.3804,0.3806,0.3802,0.3805,72686.1
2024-09-18 07:30:00,1726644600000,0.3806,0.3806,0.3803,0.3804,39962.7
2024-09-18 07:35:00,1726644900000,0.3803,0.3806,0.38,0.3801,17843.4
2024-09-18 07:40:00,1726645200000,0.3802,0.3803,0.3798,0.3803,25469.9
2024-09-18 07:45:00,1726645500000,0.3803,0.3803,0.38,0.3801,13609.0
2024-09-18 07:50:00,1726645800000,0.3801,0.3803,0.3798,0.3798,96695.5
2024-09-18 07:55:00,1726646100000,0.38,0.3802,0.3798,0.3798,13527.2
2024-09-18 08:00:00,1726646400000,0.3798,0.3804,0.3797,0.38,39383.8
2024-09-18 08:05:00,1726646700000,0.38,0.3801,0.3793,0.3799,94764.1
2024-09-18 08:10:00,1726647000000,0.3798,0.3799,0.3785,0.3787,158411.0
2024-09-18 08:15:00,1726647300000,0.3787,0.3791,0.3781,0.3787,85013.4
2024-09-18 08:20:00,1726647600000,0.3786,0.3798,0.3784,0.3793,154717.8
2024-09-18 08:25:00,1726647900000,0.3794,0.3796,0.3786,0.3787,44274.8
2024-09-18 08:30:00,1726648200000,0.3787,0.3789,0.3775,0.3784,60904.3
2024-09-18 08:35:00,1726648500000,0.3784,0.379,0.378,0.3782,111823.7
2024-09-18 08:40:00,1726648800000,0.378,0.3787,0.3778,0.3781,122346.6
2024-09-18 08:45:00,1726649100000,0.3781,0.379,0.3781,0.3786,115560.6
2024-09-18 08:50:00,1726649400000,0.3787,0.3798,0.3783,0.3795,87813.9
2024-09-18 08:55:00,1726649700000,0.3792,0.3798,0.3791,0.3792,98066.3
2024-09-18 09:00:00,1726650000000,0.3791,0.3793,0.3786,0.3787,65448.4
2024-09-18 09:05:00,1726650300000,0.3787,0.3788,0.3782,0.3785,59836.9
2024-09-18 09:10:00,1726650600000,0.3785,0.3788,0.3785,0.3785,67339.6
2024-09-18 09:15:00,1726650900000,0.3785,0.3785,0.3774,0.3776,183322.2
2024-09-18 09:20:00,1726651200000,0.3778,0.3785,0.3776,0.3778,67296.9
2024-09-18 09:25:00,1726651500000,0.3778,0.3781,0.3771,0.3773,76416.6
2024-09-18 09:30:00,1726651800000,0.3773,0.3776,0.3769,0.3774,167732.8
2024-09-18 09:35:00,1726652100000,0.3773,0.3777,0.3765,0.3772,245245.3
2024-09-18 09:40:00,1726652400000,0.3771,0.3779,0.3767,0.3777,173828.9
2024-09-18 09:45:00,1726652700000,0.3777,0.3781,0.3772,0.3777,123095.3
2024-09-18 09:50:00,1726653000000,0.378,0.378,0.3766,0.3767,178396.0
2024-09-18 09:55:00,1726653300000,0.3768,0.3774,0.3753,0.3758,189308.2
2024-09-18 10:00:00,1726653600000,0.3758,0.3767,0.3757,0.3762,139896.8
2024-09-18 10:05:00,1726653900000,0.3762,0.3768,0.3745,0.3754,239106.6
2024-09-18 10:10:00,1726654200000,0.3754,0.3754,0.3744,0.3744,291074.8
2024-09-18 10:15:00,1726654500000,0.3746,0.375,0.3726,0.3749,627305.9
2024-09-18 10:20:00,1726654800000,0.3747,0.3755,0.3743,0.3754,122847.3
2024-09-18 10:25:00,1726655100000,0.3753,0.3762,0.375,0.3762,64478.3
2024-09-18 10:30:00,1726655400000,0.3762,0.3766,0.376,0.3762,58901.0
2024-09-18 10:35:00,1726655700000,0.3761,0.3775,0.376,0.3772,148051.3
2024-09-18 10:40:00,1726656000000,0.3772,0.3776,0.3768,0.3774,67344.8
2024-09-18 10:45:00,1726656300000,0.3774,0.3776,0.377,0.3773,35866.6
2024-09-18 10:50:00,1726656600000,0.3773,0.3774,0.377,0.377,73065.2
2024-09-18 10:55:00,1726656900000,0.3769,0.3774,0.3768,0.3771,94884.4
2024-09-18 11:00:00,1726657200000,0.3772,0.3775,0.3767,0.3768,66001.0
2024-09-18 11:05:00,1726657500000,0.3767,0.3772,0.3764,0.377,76972.6
2024-09-18 11:10:00,1726657800000,0.377,0.3776,0.3768,0.3773,114575.8
2024-09-18 11:15:00,1726658100000,0.3774,0.3782,0.3773,0.3782,64826.1
2024-09-18 11:20:00,1726658400000,0.3781,0.3789,0.378,0.3787,91489.8
2024-09-18 11:25:00,1726658700000,0.3788,0.379,0.3766,0.3778,308405.0
2024-09-18 11:30:00,1726659000000,0.3778,0.3785,0.3776,0.3782,66421.7
2024-09-18 11:35:00,1726659300000,0.3782,0.3785,0.3777,0.3778,51027.1
2024-09-18 11:40:00,1726659600000,0.3778,0.3782,0.3778,0.3779,35478.5
2024-09-18 11:45:00,1726659900000,0.3779,0.3788,0.3778,0.378,93996.4
2024-09-18 11:50:00,1726660200000,0.3781,0.3781,0.3766,0.3768,99141.3
2024-09-18 11:55:00,1726660500000,0.3768,0.3771,0.3762,0.3764,97911.1
2024-09-18 12:00:00,1726660800000,0.3766,0.3771,0.376,0.3769,93883.6
2024-09-18 12:05:00,1726661100000,0.3771,0.3774,0.3768,0.377,83631.0
2024-09-18 12:10:00,1726661400000,0.3771,0.3777,0.3762,0.3769,166197.8
2024-09-18 12:15:00,1726661700000,0.3769,0.3772,0.3763,0.3767,94156.4
2024-09-18 12:20:00,1726662000000,0.3767,0.3772,0.3761,0.3772,45390.9
2024-09-18 12:25:00,1726662300000,0.3773,0.3774,0.3766,0.377,130171.7
2024-09-18 12:30:00,1726662600000,0.3769,0.3775,0.3769,0.3775,50874.5
2024-09-18 12:35:00,1726662900000,0.3776,0.378,0.3761,0.377,304907.7
2024-09-18 12:40:00,1726663200000,0.377,0.3771,0.3766,0.3771,23289.6
2024-09-18 12:45:00,1726663500000,0.377,0.3775,0.377,0.3774,74552.1
2024-09-18 12:50:00,1726663800000,0.3773,0.3779,0.3773,0.3778,69988.8
2024-09-18 12:55:00,1726664100000,0.3777,0.3782,0.3777,0.3779,21294.7
2024-09-18 13:00:00,1726664400000,0.3778,0.3792,0.3775,0.3782,237691.2
2024-09-18 13:05:00,1726664700000,0.3782,0.3791,0.3775,0.3788,98540.1
2024-09-18 13:10:00,1726665000000,0.3791,0.3792,0.3778,0.3784,53629.8
2024-09-18 13:15:00,1726665300000,0.3784,0.3789,0.3778,0.3779,189647.4
2024-09-18 13:20:00,1726665600000,0.378,0.3783,0.3776,0.3779,31461.4
2024-09-18 13:25:00,1726665900000,0.3779,0.3783,0.3771,0.3776,68412.8
2024-09-18 13:30:00,1726666200000,0.3777,0.3777,0.3764,0.3767,130036.3
2024-09-18 13:35:00,1726666500000,0.3768,0.3769,0.3758,0.3759,130886.1
2024-09-18 13:40:00,1726666800000,0.3759,0.376,0.3747,0.3755,350395.6
2024-09-18 13:45:00,1726667100000,0.3755,0.3755,0.3746,0.3746,158577.9
2024-09-18 13:50:00,1726667400000,0.3746,0.3748,0.374,0.3743,90577.4
2024-09-18 13:55:00,1726667700000,0.3743,0.3756,0.3741,0.3754,147880.6
2024-09-18 14:00:00,1726668000000,0.3754,0.3761,0.3751,0.3755,59496.2
2024-09-18 14:05:00,1726668300000,0.3757,0.3764,0.3752,0.3756,275516.8
2024-09-18 14:10:00,1726668600000,0.3757,0.3759,0.3751,0.3754,40071.5
2024-09-18 14:15:00,1726668900000,0.3753,0.3755,0.3747,0.3749,91377.6
2024-09-18 14:20:00,1726669200000,0.3747,0.375,0.3747,0.3747,77255.0
2024-09-18 14:25:00,1726669500000,0.3747,0.3767,0.3747,0.3766,274002.2
2024-09-18 14:30:00,1726669800000,0.3766,0.3769,0.3756,0.3761,234705.9
2024-09-18 14:35:00,1726670100000,0.3761,0.3764,0.3759,0.3761,38937.4
2024-09-18 14:40:00,1726670400000,0.3761,0.3769,0.3761,0.3766,41699.7
2024-09-18 14:45:00,1726670700000,0.3763,0.3766,0.3752,0.3756,119797.3
2024-09-18 14:50:00,1726671000000,0.3755,0.3756,0.3742,0.3756,316248.5
2024-09-18 14:55:00,1726671300000,0.3757,0.3757,0.3747,0.375,77724.5
2024-09-18 15:00:00,1726671600000,0.3754,0.3756,0.375,0.3755,45192.9
2024-09-18 15:05:00,1726671900000,0.3755,0.376,0.3746,0.3749,113146.4
2024-09-18 15:10:00,1726672200000,0.3748,0.3756,0.3743,0.3746,265686.6
2024-09-18 15:15:00,1726672500000,0.3747,0.3752,0.3742,0.3748,150840.4
2024-09-18 15:20:00,1726672800000,0.3749,0.3752,0.3739,0.3742,122698.4
2024-09-18 15:25:00,1726673100000,0.3741,0.3749,0.3739,0.3746,71071.4
2024-09-18 15:30:00,1726673400000,0.3748,0.3748,0.3743,0.3745,44216.2
2024-09-18 15:35:00,1726673700000,0.3745,0.3755,0.3745,0.375,122186.7
2024-09-18 15:40:00,1726674000000,0.375,0.375,0.3736,0.3736,294376.4
2024-09-18 15:45:00,1726674300000,0.3737,0.374,0.3722,0.3738,393735.7
2024-09-18 15:50:00,1726674600000,0.3738,0.374,0.3732,0.3733,152376.2
2024-09-18 15:55:00,1726674900000,0.3735,0.374,0.3731,0.3733,70294.5
2024-09-18 16:00:00,1726675200000,0.3731,0.3738,0.3725,0.373,175432.6
2024-09-18 16:05:00,1726675500000,0.373,0.375,0.373,0.3749,178809.9
2024-09-18 16:10:00,1726675800000,0.375,0.375,0.3744,0.3747,139483.0
2024-09-18 16:15:00,1726676100000,0.3748,0.3763,0.3747,0.3758,174617.2
2024-09-18 16:20:00,1726676400000,0.376,0.3765,0.3756,0.3756,82462.7
2024-09-18 16:25:00,1726676700000,0.3755,0.3761,0.3754,0.3761,28864.3
2024-09-18 16:30:00,1726677000000,0.3762,0.3767,0.3757,0.3762,49193.2
2024-09-18 16:35:00,1726677300000,0.3762,0.3769,0.3758,0.3768,86625.1
2024-09-18 16:40:00,1726677600000,0.3768,0.377,0.3763,0.3763,28723.0
2024-09-18 16:45:00,1726677900000,0.3764,0.3767,0.376,0.3762,64395.8
2024-09-18 16:50:00,1726678200000,0.3762,0.3775,0.3762,0.3774,61799.9
2024-09-18 16:55:00,1726678500000,0.3773,0.3779,0.3773,0.3776,55366.0
2024-09-18 17:00:00,1726678800000,0.3777,0.3781,0.377,0.3776,37876.8
2024-09-18 17:05:00,1726679100000,0.3772,0.3772,0.3762,0.3762,24265.0
2024-09-18 17:10:00,1726679400000,0.3762,0.3766,0.3752,0.3752,24020.9
2024-09-18 17:15:00,1726679700000,0.3754,0.3764,0.3752,0.3763,35060.4
2024-09-18 17:20:00,1726680000000,0.3763,0.3766,0.3758,0.3764,48782.5
2024-09-18 17:25:00,1726680300000,0.3764,0.3771,0.3764,0.377,83419.9
2024-09-18 17:30:00,1726680600000,0.3768,0.3781,0.3768,0.378,37438.9
2024-09-18 17:35:00,1726680900000,0.3778,0.3781,0.3769,0.377,56662.9
2024-09-18 17:40:00,1726681200000,0.3771,0.3781,0.3771,0.3779,27327.1
2024-09-18 17:45:00,1726681500000,0.3781,0.3787,0.3776,0.3783,168658.8
2024-09-18 17:50:00,1726681800000,0.3784,0.3802,0.3784,0.3793,245362.5
2024-09-18 17:55:00,1726682100000,0.3789,0.3796,0.3786,0.3787,74498.5
2024-09-18 18:00:00,1726682400000,0.3787,0.3834,0.3781,0.3803,1337037.4
2024-09-18 18:05:00,1726682700000,0.3801,0.3821,0.38,0.3809,341652.2
2024-09-18 18:10:00,1726683000000,0.3808,0.3815,0.3791,0.3796,369712.7
2024-09-18 18:15:00,1726683300000,0.3796,0.3827,0.3796,0.3819,307571.8
2024-09-18 18:20:00,1726683600000,0.382,0.3825,0.3815,0.3819,132464.0
2024-09-18 18:25:00,1726683900000,0.3818,0.3825,0.3814,0.3824,92463.4
2024-09-18 18:30:00,1726684200000,0.3823,0.3848,0.3816,0.3847,536376.3
2024-09-18 18:35:00,1726684500000,0.3846,0.3858,0.3819,0.3847,526970.8
2024-09-18 18:40:00,1726684800000,0.3846,0.3862,0.3823,0.3826,586070.4
2024-09-18 18:45:00,1726685100000,0.3825,0.3853,0.3825,0.3845,223024.4
2024-09-18 18:50:00,1726685400000,0.3847,0.3859,0.3843,0.3851,225576.2
2024-09-18 18:55:00,1726685700000,0.3851,0.386,0.3843,0.3843,125252.6
2024-09-18 19:00:00,1726686000000,0.3842,0.3846,0.3825,0.3834,374897.6
2024-09-18 19:05:00,1726686300000,0.3832,0.3832,0.3814,0.3826,295160.5
2024-09-18 19:10:00,1726686600000,0.3824,0.3844,0.3811,0.384,269823.3
2024-09-18 19:15:00,1726686900000,0.3839,0.384,0.3825,0.3829,128147.6
2024-09-18 19:20:00,1726687200000,0.3826,0.3826,0.3797,0.3816,280381.5
2024-09-18 19:25:00,1726687500000,0.3817,0.3831,0.3817,0.3826,176757.8
2024-09-18 19:30:00,1726687800000,0.3827,0.3828,0.381,0.3815,124104.2
2024-09-18 19:35:00,1726688100000,0.3814,0.382,0.3808,0.3817,103439.1
2024-09-18 19:40:00,1726688400000,0.3817,0.3821,0.3811,0.3816,98369.1
2024-09-18 19:45:00,1726688700000,0.3809,0.3818,0.3807,0.3808,74118.4
2024-09-18 19:50:00,1726689000000,0.3809,0.3819,0.3808,0.3817,94889.3
2024-09-18 19:55:00,1726689300000,0.3818,0.3822,0.3811,0.3816,147274.9
2024-09-18 20:00:00,1726689600000,0.3816,0.3821,0.3795,0.3806,200512.8
2024-09-18 20:05:00,1726689900000,0.3806,0.3808,0.3801,0.3806,34366.1
2024-09-18 20:10:00,1726690200000,0.3806,0.3807,0.3786,0.3795,192259.0
2024-09-18 20:15:00,1726690500000,0.3794,0.3803,0.3794,0.38,76215.4
2024-09-18 20:20:00,1726690800000,0.3799,0.3803,0.3795,0.3803,20398.8
2024-09-18 20:25:00,1726691100000,0.3803,0.3805,0.3799,0.3804,15885.6
2024-09-18 20:30:00,1726691400000,0.3805,0.3816,0.3802,0.3812,103288.4
2024-09-18 20:35:00,1726691700000,0.3811,0.3816,0.3809,0.3814,117834.5
2024-09-18 20:40:00,1726692000000,0.3814,0.382,0.3812,0.382,37094.2
2024-09-18 20:45:00,1726692300000,0.382,0.3822,0.3818,0.382,39686.0
2024-09-18 20:50:00,1726692600000,0.3821,0.3827,0.382,0.3826,49615.0
2024-09-18 20:55:00,1726692900000,0.3828,0.3828,0.3819,0.3824,36073.3
2024-09-18 21:00:00,1726693200000,0.3822,0.3823,0.3819,0.3819,56182.7
2024-09-18 21:05:00,1726693500000,0.3819,0.3827,0.3818,0.3826,28551.0
2024-09-18 21:10:00,1726693800000,0.3826,0.3828,0.3824,0.3828,31471.2
2024-09-18 21:15:00,1726694100000,0.3828,0.3828,0.3821,0.3821,24105.7
2024-09-18 21:20:00,1726694400000,0.3822,0.3834,0.3822,0.3831,93772.4
2024-09-18 21:25:00,1726694700000,0.3832,0.3839,0.3829,0.3838,94799.3
2024-09-18 21:30:00,1726695000000,0.3838,0.3842,0.3836,0.3842,44120.8
2024-09-18 21:35:00,1726695300000,0.3842,0.3848,0.3841,0.3846,49075.0
2024-09-18 21:40:00,1726695600000,0.3847,0.385,0.3845,0.3849,82789.7
2024-09-18 21:45:00,1726695900000,0.3848,0.3849,0.3845,0.3845,42745.6
2024-09-18 21:50:00,1726696200000,0.3845,0.3845,0.3835,0.3835,73691.7
2024-09-18 21:55:00,1726696500000,0.3835,0.3841,0.3832,0.3832,96155.6
2024-09-18 22:00:00,1726696800000,0.3831,0.3847,0.383,0.384,91481.0
2024-09-18 22:05:00,1726697100000,0.384,0.385,0.3835,0.3837,223448.2
2024-09-18 22:10:00,1726697400000,0.3839,0.3849,0.3839,0.3847,88306.0
2024-09-18 22:15:00,1726697700000,0.3846,0.3856,0.3846,0.3853,107808.9
2024-09-18 22:20:00,1726698000000,0.3852,0.3853,0.3848,0.3853,124002.6
2024-09-18 22:25:00,1726698300000,0.3853,0.386,0.3852,0.3858,142027.5
2024-09-18 22:30:00,1726698600000,0.3858,0.3865,0.3853,0.3853,236555.2
2024-09-18 22:35:00,1726698900000,0.3852,0.3855,0.3846,0.3853,263083.2
2024-09-18 22:40:00,1726699200000,0.3853,0.3857,0.3845,0.3851,83222.1
2024-09-18 22:45:00,1726699500000,0.3852,0.3855,0.385,0.3851,36231.4
2024-09-18 22:50:00,1726699800000,0.385,0.3854,0.3846,0.385,98126.7
2024-09-18 22:55:00,1726700100000,0.3851,0.3855,0.3849,0.385,27156.2
2024-09-18 23:00:00,1726700400000,0.385,0.3861,0.3848,0.386,127570.9
2024-09-18 23:05:00,1726700700000,0.3858,0.3861,0.3852,0.386,73900.5
2024-09-18 23:10:00,1726701000000,0.3859,0.3868,0.3859,0.3866,79481.9
2024-09-18 23:15:00,1726701300000,0.3865,0.3872,0.386,0.387,454148.2
2024-09-18 23:20:00,1726701600000,0.3872,0.3877,0.3869,0.3874,134231.7
2024-09-18 23:25:00,1726701900000,0.3875,0.388,0.3871,0.3876,176590.0
2024-09-18 23:30:00,1726702200000,0.3878,0.3886,0.3873,0.3874,335018.4
2024-09-18 23:35:00,1726702500000,0.3874,0.3897,0.3874,0.3888,532351.6
2024-09-18 23:40:00,1726702800000,0.3887,0.3889,0.388,0.3884,71689.2
2024-09-18 23:45:00,1726703100000,0.3885,0.3886,0.3877,0.3881,70939.8
2024-09-18 23:50:00,1726703400000,0.3881,0.3896,0.3881,0.3891,112925.1
2024-09-18 23:55:00,1726703700000,0.3891,0.3902,0.389,0.3902,265798.2
2024-09-19 00:00:00,1726704000000,0.3901,0.3918,0.39,0.3915,468957.3
2024-09-19 00:05:00,1726704300000,0.3916,0.3916,0.3904,0.3908,216862.2
2024-09-19 00:10:00,1726704600000,0.3909,0.3912,0.3905,0.3911,151296.2
2024-09-19 00:15:00,1726704900000,0.391,0.391,0.3893,0.3897,169220.2
2024-09-19 00:20:00,1726705200000,0.3896,0.3917,0.3896,0.3906,477290.7
2024-09-19 00:25:00,1726705500000,0.3906,0.3932,0.3905,0.3928,707662.3
2024-09-19 00:30:00,1726705800000,0.393,0.3933,0.3915,0.3921,397224.4
2024-09-19 00:35:00,1726706100000,0.3919,0.393,0.3918,0.393,143357.9
2024-09-19 00:40:00,1726706400000,0.393,0.394,0.393,0.3934,354490.7
2024-09-19 00:45:00,1726706700000,0.3934,0.3941,0.3931,0.3934,105815.7
2024-09-19 00:50:00,1726707000000,0.3934,0.3949,0.3933,0.3946,128282.0
2024-09-19 00:55:00,1726707300000,0.3947,0.395,0.3921,0.3923,450429.4
2024-09-19 01:00:00,1726707600000,0.3923,0.3938,0.392,0.3923,342498.3
2024-09-19 01:05:00,1726707900000,0.392,0.3929,0.3917,0.3917,129125.1
2024-09-19 01:10:00,1726708200000,0.3918,0.3921,0.3902,0.3911,357819.3
2024-09-19 01:15:00,1726708500000,0.3911,0.3926,0.3907,0.3925,588398.2
2024-09-19 01:20:00,1726708800000,0.3924,0.3935,0.3916,0.3916,293059.8
2024-09-19 01:25:00,1726709100000,0.3916,0.392,0.3909,0.391,54436.9
2024-09-19 01:30:00,1726709400000,0.3912,0.3912,0.3887,0.3887,385649.5
2024-09-19 01:35:00,1726709700000,0.3889,0.3912,0.3889,0.391,108622.7
2024-09-19 01:40:00,1726710000000,0.3912,0.3923,0.3909,0.3915,97589.1
2024-09-19 01:45:00,1726710300000,0.3915,0.392,0.3909,0.3911,46045.2
2024-09-19 01:50:00,1726710600000,0.3908,0.3918,0.3906,0.3913,263628.9
2024-09-19 01:55:00,1726710900000,0.3912,0.3916,0.3911,0.3914,50612.1
2024-09-19 02:00:00,1726711200000,0.3915,0.3917,0.3909,0.3912,91117.4
2024-09-19 02:05:00,1726711500000,0.3911,0.3915,0.3909,0.3909,55174.8
2024-09-19 02:10:00,1726711800000,0.3909,0.3919,0.3909,0.3911,72007.2
2024-09-19 02:15:00,1726712100000,0.3912,0.3914,0.3893,0.3902,812842.0
2024-09-19 02:20:00,1726712400000,0.3902,0.3904,0.39,0.3904,94227.1
2024-09-19 02:25:00,1726712700000,0.3903,0.3917,0.3902,0.3915,70116.2
2024-09-19 02:30:00,1726713000000,0.3916,0.3917,0.3912,0.3917,28648.4
2024-09-19 02:35:00,1726713300000,0.3917,0.3919,0.391,0.391,50935.7
2024-09-19 02:40:00,1726713600000,0.3911,0.3917,0.391,0.3917,30676.6
2024-09-19 02:45:00,1726713900000,0.3917,0.3917,0.391,0.3913,96608.6
2024-09-19 02:50:00,1726714200000,0.3913,0.3923,0.3911,0.392,136618.9
2024-09-19 02:55:00,1726714500000,0.3922,0.3939,0.3922,0.3935,433732.2
2024-09-19 03:00:00,1726714800000,0.3937,0.394,0.3928,0.3929,66286.9
2024-09-19 03:05:00,1726715100000,0.3929,0.3934,0.3926,0.393,111151.4
2024-09-19 03:10:00,1726715400000,0.393,0.3942,0.393,0.3936,158983.1
2024-09-19 03:15:00,1726715700000,0.3936,0.394,0.3932,0.3936,35632.1
2024-09-19 03:20:00,1726716000000,0.3935,0.3945,0.3933,0.3943,97378.1
2024-09-19 03:25:00,1726716300000,0.3943,0.3949,0.3943,0.3947,139585.3
2024-09-19 03:30:00,1726716600000,0.3948,0.3949,0.394,0.3948,73697.6
2024-09-19 03:35:00,1726716900000,0.3948,0.395,0.3944,0.3948,130317.9
2024-09-19 03:40:00,1726717200000,0.3949,0.395,0.3944,0.3945,86192.6
2024-09-19 03:45:00,1726717500000,0.3945,0.3946,0.3934,0.3935,188283.8
2024-09-19 03:50:00,1726717800000,0.3934,0.3945,0.3933,0.3939,60353.5
2024-09-19 03:55:00,1726718100000,0.3941,0.3941,0.3935,0.3938,56801.2
2024-09-19 04:00:00,1726718400000,0.394,0.3943,0.3932,0.3935,74306.7
2024-09-19 04:05:00,1726718700000,0.3935,0.3935,0.3926,0.3926,178364.2
2024-09-19 04:10:00,1726719000000,0.3927,0.3929,0.3922,0.3929,98008.4
2024-09-19 04:15:00,1726719300000,0.3928,0.3936,0.3927,0.3929,67612.9
2024-09-19 04:20:00,1726719600000,0.393,0.3932,0.3927,0.3929,40521.2
2024-09-19 04:25:00,1726719900000,0.3929,0.393,0.3926,0.3929,24299.8
2024-09-19 04:30:00,1726720200000,0.3929,0.3932,0.3926,0.3927,78365.5
2024-09-19 04:35:00,1726720500000,0.3927,0.393,0.3922,0.3923,113189.4
2024-09-19 04:40:00,1726720800000,0.3924,0.3932,0.3924,0.3931,67882.2
2024-09-19 04:45:00,1726721100000,0.393,0.3935,0.393,0.3934,32848.4
2024-09-19 04:50:00,1726721400000,0.3933,0.394,0.3928,0.3939,58207.3
2024-09-19 04:55:00,1726721700000,0.3939,0.3948,0.3939,0.3946,97348.8
2024-09-19 05:00:00,1726722000000,0.3945,0.3952,0.3939,0.3944,296582.3
2024-09-19 05:05:00,1726722300000,0.3945,0.3946,0.3937,0.3939,67325.6
2024-09-19 05:10:00,1726722600000,0.3939,0.3947,0.3939,0.3944,79898.4
2024-09-19 05:15:00,1726722900000,0.3944,0.3949,0.3941,0.3942,42595.4
2024-09-19 05:20:00,1726723200000,0.3942,0.3946,0.394,0.3941,60225.2
2024-09-19 05:25:00,1726723500000,0.3942,0.3943,0.3936,0.394,70556.1
2024-09-19 05:30:00,1726723800000,0.394,0.3953,0.3938,0.3945,230910.8
2024-09-19 05:35:00,1726724100000,0.3945,0.3949,0.3942,0.3948,53918.9
2024-09-19 05:40:00,1726724400000,0.3948,0.3956,0.394,0.3955,184527.1
2024-09-19 05:45:00,1726724700000,0.3956,0.398,0.3953,0.3979,578290.6
2024-09-19 05:50:00,1726725000000,0.3979,0.398,0.3965,0.397,174150.7
2024-09-19 05:55:00,1726725300000,0.397,0.3972,0.3969,0.3972,147991.7
2024-09-19 06:00:00,1726725600000,0.3972,0.3972,0.396,0.396,112421.3
2024-09-19 06:05:00,1726725900000,0.396,0.3962,0.3955,0.3962,42468.0
2024-09-19 06:10:00,1726726200000,0.3962,0.3969,0.3946,0.3953,168444.5
2024-09-19 06:15:00,1726726500000,0.3953,0.3963,0.3953,0.396,106319.7
2024-09-19 06:20:00,1726726800000,0.396,0.396,0.3955,0.3956,74239.7
2024-09-19 06:25:00,1726727100000,0.3956,0.3957,0.3946,0.3955,200381.9
2024-09-19 06:30:00,1726727400000,0.3955,0.3965,0.3954,0.396,84258.9
2024-09-19 06:35:00,1726727700000,0.396,0.396,0.3952,0.3954,67504.5
2024-09-19 06:40:00,1726728000000,0.3954,0.3957,0.3953,0.3957,35943.4
2024-09-19 06:45:00,1726728300000,0.3958,0.3959,0.3952,0.3953,107681.3
2024-09-19 06:50:00,1726728600000,0.3953,0.3954,0.3942,0.3942,168497.7
2024-09-19 06:55:00,1726728900000,0.3942,0.3947,0.394,0.3946,253935.5
2024-09-19 07:00:00,1726729200000,0.3945,0.3948,0.394,0.3942,163774.0
2024-09-19 07:05:00,1726729500000,0.3942,0.3953,0.3941,0.3949,152299.9
2024-09-19 07:10:00,1726729800000,0.3949,0.3956,0.3942,0.3943,178192.3
2024-09-19 07:15:00,1726730100000,0.3944,0.3951,0.3941,0.3948,119938.1
2024-09-19 07:20:00,1726730400000,0.3948,0.3958,0.3948,0.3958,88081.6
2024-09-19 07:25:00,1726730700000,0.3959,0.3959,0.3951,0.3953,39287.6
2024-09-19 07:30:00,1726731000000,0.3953,0.3956,0.3946,0.3948,68366.8
2024-09-19 07:35:00,1726731300000,0.3949,0.3958,0.3944,0.3956,145048.3
2024-09-19 07:40:00,1726731600000,0.3955,0.3968,0.3954,0.3965,325663.1
2024-09-19 07:45:00,1726731900000,0.3966,0.3973,0.3965,0.3971,218297.0
2024-09-19 07:50:00,1726732200000,0.3971,0.3972,0.3966,0.3968,89993.8
2024-09-19 07:55:00,1726732500000,0.3969,0.3976,0.3967,0.3971,186747.1
2024-09-19 08:00:00,1726732800000,0.3971,0.3991,0.3971,0.3989,342232.1
2024-09-19 08:05:00,1726733100000,0.3988,0.3988,0.3973,0.3978,76242.9
2024-09-19 08:10:00,1726733400000,0.3978,0.3983,0.3976,0.398,326706.5
2024-09-19 08:15:00,1726733700000,0.3979,0.3983,0.397,0.3976,230717.2
2024-09-19 08:20:00,1726734000000,0.3975,0.3976,0.3963,0.3963,57211.2
2024-09-19 08:25:00,1726734300000,0.3964,0.3968,0.3959,0.3966,165791.8
2024-09-19 08:30:00,1726734600000,0.3967,0.3969,0.396,0.3962,147206.0
2024-09-19 08:35:00,1726734900000,0.3962,0.3963,0.3954,0.3956,140163.4
2024-09-19 08:40:00,1726735200000,0.3956,0.396,0.3951,0.3956,202251.1
2024-09-19 08:45:00,1726735500000,0.3956,0.396,0.395,0.3953,236862.6
2024-09-19 08:50:00,1726735800000,0.3953,0.3954,0.3943,0.3947,270597.2
2024-09-19 08:55:00,1726736100000,0.3946,0.3949,0.3939,0.394,266874.6
2024-09-19 09:00:00,1726736400000,0.394,0.3953,0.3939,0.3952,106072.3
2024-09-19 09:05:00,1726736700000,0.3952,0.3959,0.395,0.3957,52794.1
2024-09-19 09:10:00,1726737000000,0.3957,0.3962,0.3953,0.3962,53021.8
2024-09-19 09:15:00,1726737300000,0.3961,0.3962,0.3951,0.3951,79085.5
2024-09-19 09:20:00,1726737600000,0.3951,0.3961,0.3951,0.3958,76520.6
2024-09-19 09:25:00,1726737900000,0.3961,0.3964,0.3954,0.3957,199890.5
2024-09-19 09:30:00,1726738200000,0.3957,0.397,0.3957,0.3966,160345.3
2024-09-19 09:35:00,1726738500000,0.3968,0.3968,0.3958,0.396,227278.9
2024-09-19 09:40:00,1726738800000,0.396,0.3961,0.3957,0.396,75116.7
2024-09-19 09:45:00,1726739100000,0.3959,0.396,0.395,0.3951,106259.7
2024-09-19 09:50:00,1726739400000,0.3952,0.3959,0.3948,0.3959,64138.2
2024-09-19 09:55:00,1726739700000,0.396,0.3961,0.3954,0.3957,63661.2
2024-09-19 10:00:00,1726740000000,0.3958,0.3961,0.3955,0.3958,76232.3
2024-09-19 10:05:00,1726740300000,0.3958,0.3968,0.3957,0.3964,171198.5
2024-09-19 10:10:00,1726740600000,0.3963,0.3966,0.396,0.3965,147866.1
2024-09-19 10:15:00,1726740900000,0.3965,0.3965,0.3962,0.3964,71149.5
2024-09-19 10:20:00,1726741200000,0.3965,0.3972,0.3962,0.3972,67379.8
2024-09-19 10:25:00,1726741500000,0.3972,0.398,0.397,0.3979,286267.2
2024-09-19 10:30:00,1726741800000,0.3979,0.3979,0.3972,0.3974,268034.5
2024-09-19 10:35:00,1726742100000,0.3974,0.3976,0.3968,0.3971,95584.8
2024-09-19 10:40:00,1726742400000,0.3971,0.3971,0.3965,0.3967,115105.8
2024-09-19 10:45:00,1726742700000,0.3967,0.3967,0.3954,0.3959,131993.8
2024-09-19 10:50:00,1726743000000,0.3959,0.396,0.3953,0.3954,71358.2
2024-09-19 10:55:00,1726743300000,0.3954,0.3955,0.3947,0.3949,119314.3
2024-09-19 11:00:00,1726743600000,0.3949,0.3952,0.3947,0.3952,161495.2
2024-09-19 11:05:00,1726743900000,0.3951,0.3955,0.3948,0.3955,24461.4
2024-09-19 11:10:00,1726744200000,0.3955,0.3958,0.3953,0.3953,85990.6
2024-09-19 11:15:00,1726744500000,0.3953,0.396,0.3953,0.396,55422.5
2024-09-19 11:20:00,1726744800000,0.3961,0.3963,0.3957,0.3961,46821.3
2024-09-19 11:25:00,1726745100000,0.3962,0.3966,0.3961,0.3961,56266.1
2024-09-19 11:30:00,1726745400000,0.3961,0.3996,0.396,0.3967,867406.0
2024-09-19 11:35:00,1726745700000,0.3967,0.3973,0.3966,0.397,71128.8
2024-09-19 11:40:00,1726746000000,0.3969,0.3978,0.3968,0.3975,262958.8
2024-09-19 11:45:00,1726746300000,0.3975,0.3977,0.3972,0.3976,72835.2
2024-09-19 11:50:00,1726746600000,0.3976,0.3977,0.3973,0.3974,55535.2
2024-09-19 11:55:00,1726746900000,0.3974,0.3976,0.3971,0.3972,54157.7
2024-09-19 12:00:00,1726747200000,0.3971,0.3984,0.3971,0.3982,322052.9
2024-09-19 12:05:00,1726747500000,0.3983,0.3999,0.3982,0.3994,217010.1
2024-09-19 12:10:00,1726747800000,0.3994,0.3998,0.3989,0.3991,140354.9
2024-09-19 12:15:00,1726748100000,0.399,0.3999,0.3985,0.3991,288320.3
2024-09-19 12:20:00,1726748400000,0.3991,0.3991,0.3977,0.3981,221704.6
2024-09-19 12:25:00,1726748700000,0.3981,0.3981,0.3971,0.3974,101622.6
2024-09-19 12:30:00,1726749000000,0.3973,0.398,0.3972,0.3979,96024.7
2024-09-19 12:35:00,1726749300000,0.3977,0.3982,0.3976,0.3977,114055.8
2024-09-19 12:40:00,1726749600000,0.3978,0.3981,0.3977,0.3978,47525.0
2024-09-19 12:45:00,1726749900000,0.3978,0.3979,0.3972,0.3974,127137.5
2024-09-19 12:50:00,1726750200000,0.3972,0.3977,0.3972,0.3977,64128.6
2024-09-19 12:55:00,1726750500000,0.3978,0.3981,0.3975,0.3979,110822.1
2024-09-19 13:00:00,1726750800000,0.3979,0.3981,0.3975,0.3975,57262.3
2024-09-19 13:05:00,1726751100000,0.3977,0.3981,0.397,0.3979,205143.1
2024-09-19 13:10:00,1726751400000,0.3979,0.3989,0.3979,0.3988,77849.8
2024-09-19 13:15:00,1726751700000,0.3988,0.3993,0.3986,0.3993,79687.7
2024-09-19 13:20:00,1726752000000,0.3992,0.3995,0.3989,0.3995,134583.6
2024-09-19 13:25:00,1726752300000,0.3996,0.3998,0.3993,0.3994,265033.5
2024-09-19 13:30:00,1726752600000,0.3994,0.3996,0.3988,0.3988,378127.5
2024-09-19 13:35:00,1726752900000,0.3987,0.3987,0.3977,0.3979,446370.7
2024-09-19 13:40:00,1726753200000,0.398,0.3981,0.3971,0.3972,240289.1
2024-09-19 13:45:00,1726753500000,0.3971,0.3973,0.397,0.3972,373331.9
2024-09-19 13:50:00,1726753800000,0.3972,0.3972,0.3963,0.3967,575297.2
2024-09-19 13:55:00,1726754100000,0.3966,0.3983,0.3965,0.3981,732751.6
2024-09-19 14:00:00,1726754400000,0.3982,0.3987,0.3979,0.3983,580561.8
2024-09-19 14:05:00,1726754700000,0.3982,0.3984,0.397,0.3971,251693.2
2024-09-19 14:10:00,1726755000000,0.3971,0.3985,0.3969,0.3983,278537.0
2024-09-19 14:15:00,1726755300000,0.3983,0.3985,0.3973,0.3985,166703.6
2024-09-19 14:20:00,1726755600000,0.3985,0.3989,0.3979,0.3979,159402.0
2024-09-19 14:25:00,1726755900000,0.398,0.3997,0.3978,0.3996,230755.2
2024-09-19 14:30:00,1726756200000,0.3996,0.4,0.3993,0.4,208276.5
2024-09-19 14:35:00,1726756500000,0.3999,0.4,0.3998,0.4,104172.3
2024-09-19 14:40:00,1726756800000,0.3999,0.4,0.399,0.3993,131318.7
2024-09-19 14:45:00,1726757100000,0.3994,0.3994,0.3984,0.3986,292723.5
2024-09-19 14:50:00,1726757400000,0.3987,0.3987,0.3976,0.3977,57497.1
2024-09-19 14:55:00,1726757700000,0.3978,0.3982,0.3969,0.3972,542529.4
2024-09-19 15:00:00,1726758000000,0.3973,0.3982,0.3971,0.3982,184187.2
2024-09-19 15:05:00,1726758300000,0.3982,0.3984,0.3975,0.3979,96201.8
2024-09-19 15:10:00,1726758600000,0.3978,0.3984,0.3975,0.398,118832.9
2024-09-19 15:15:00,1726758900000,0.398,0.3983,0.398,0.398,102392.2
2024-09-19 15:20:00,1726759200000,0.398,0.3981,0.3975,0.3978,100532.6
2024-09-19 15:25:00,1726759500000,0.3978,0.3982,0.3977,0.3982,286972.1
2024-09-19 15:30:00,1726759800000,0.3982,0.3983,0.3977,0.3978,116505.3
2024-09-19 15:35:00,1726760100000,0.3979,0.3983,0.3978,0.3982,77176.8
2024-09-19 15:40:00,1726760400000,0.3982,0.3987,0.398,0.3986,67072.2
2024-09-19 15:45:00,1726760700000,0.3987,0.399,0.3985,0.3989,64392.8
2024-09-19 15:50:00,1726761000000,0.399,0.399,0.3984,0.3986,103522.3
2024-09-19 15:55:00,1726761300000,0.3987,0.399,0.3986,0.399,63268.3
2024-09-19 16:00:00,1726761600000,0.3989,0.3999,0.3989,0.3997,167739.0
2024-09-19 16:05:00,1726761900000,0.3998,0.4,0.3996,0.4,109813.3
2024-09-19 16:10:00,1726762200000,0.3999,0.4,0.3982,0.3988,249372.9
2024-09-19 16:15:00,1726762500000,0.3987,0.4,0.3985,0.3998,208876.3
2024-09-19 16:20:00,1726762800000,0.3998,0.4001,0.3995,0.4,195047.4
2024-09-19 16:25:00,1726763100000,0.4001,0.4006,0.4,0.4005,59530.1
2024-09-19 16:30:00,1726763400000,0.4005,0.401,0.4002,0.4009,371369.9
2024-09-19 16:35:00,1726763700000,0.4009,0.401,0.4,0.4007,479839.7
2024-09-19 16:40:00,1726764000000,0.4008,0.4008,0.4002,0.4007,92716.2
2024-09-19 16:45:00,1726764300000,0.4007,0.401,0.4006,0.4007,156958.1
2024-09-19 16:50:00,1726764600000,0.4008,0.401,0.4006,0.401,212087.6
2024-09-19 16:55:00,1726764900000,0.401,0.401,0.4006,0.4009,275298.0
2024-09-19 17:00:00,1726765200000,0.4009,0.401,0.4008,0.4009,127661.9
2024-09-19 17:05:00,1726765500000,0.401,0.4021,0.4008,0.4009,778854.0
2024-09-19 17:10:00,1726765800000,0.4009,0.401,0.4006,0.4006,321934.2
2024-09-19 17:15:00,1726766100000,0.4005,0.4012,0.4002,0.4012,181265.5
2024-09-19 17:20:00,1726766400000,0.4011,0.4012,0.4003,0.4004,128088.8
2024-09-19 17:25:00,1726766700000,0.4005,0.4006,0.4,0.4002,99259.6
2024-09-19 17:30:00,1726767000000,0.4002,0.4008,0.4001,0.4008,171974.4
2024-09-19 17:35:00,1726767300000,0.4008,0.401,0.4007,0.401,212296.1
2024-09-19 17:40:00,1726767600000,0.4009,0.4015,0.4008,0.4014,160308.8
2024-09-19 17:45:00,1726767900000,0.4013,0.4016,0.4007,0.4008,703878.5
2024-09-19 17:50:00,1726768200000,0.4008,0.4012,0.4005,0.4006,249088.2
2024-09-19 17:55:00,1726768500000,0.4006,0.4008,0.3998,0.4001,393466.3
2024-09-19 18:00:00,1726768800000,0.4002,0.4018,0.4002,0.4011,397022.3
2024-09-19 18:05:00,1726769100000,0.4011,0.4014,0.401,0.4012,40551.4
2024-09-19 18:10:00,1726769400000,0.4013,0.4014,0.401,0.4012,67865.1
2024-09-19 18:15:00,1726769700000,0.4011,0.4014,0.401,0.4012,79979.8
2024-09-19 18:20:00,1726770000000,0.4011,0.4019,0.401,0.4015,182268.5
2024-09-19 18:25:00,1726770300000,0.4015,0.4016,0.401,0.4012,109712.1
2024-09-19 18:30:00,1726770600000,0.4012,0.4018,0.4011,0.4018,46924.4
2024-09-19 18:35:00,1726770900000,0.4018,0.4019,0.401,0.4019,55922.0
2024-09-19 18:40:00,1726771200000,0.4018,0.402,0.4015,0.4015,37318.2
2024-09-19 18:45:00,1726771500000,0.4016,0.4018,0.401,0.401,47595.0
2024-09-19 18:50:00,1726771800000,0.401,0.4013,0.4006,0.4007,202197.9
2024-09-19 18:55:00,1726772100000,0.4008,0.4016,0.4007,0.4013,141515.0
2024-09-19 19:00:00,1726772400000,0.4013,0.4013,0.4005,0.4005,42495.6
2024-09-19 19:05:00,1726772700000,0.4005,0.4005,0.3998,0.3999,199866.1
2024-09-19 19:10:00,1726773000000,0.3998,0.4004,0.3998,0.4001,83114.6
2024-09-19 19:15:00,1726773300000,0.4,0.4005,0.4,0.4002,62814.4
2024-09-19 19:20:00,1726773600000,0.4002,0.4002,0.3998,0.3998,153017.3
2024-09-19 19:25:00,1726773900000,0.3999,0.4004,0.3998,0.4,92062.0
2024-09-19 19:30:00,1726774200000,0.4001,0.4001,0.3998,0.3999,90465.5
2024-09-19 19:35:00,1726774500000,0.3998,0.4,0.3998,0.4,57873.3
2024-09-19 19:40:00,1726774800000,0.3999,0.4002,0.3998,0.4,79527.7
2024-09-19 19:45:00,1726775100000,0.4001,0.4003,0.4,0.4,32199.9
2024-09-19 19:50:00,1726775400000,0.4,0.4001,0.399,0.3993,406406.3
2024-09-19 19:55:00,1726775700000,0.3994,0.3997,0.3993,0.3995,112584.4
2024-09-19 20:00:00,1726776000000,0.3995,0.3998,0.3992,0.3995,199827.7
2024-09-19 20:05:00,1726776300000,0.3994,0.3997,0.3993,0.3996,79531.7
2024-09-19 20:10:00,1726776600000,0.3996,0.3996,0.399,0.399,47267.1
2024-09-19 20:15:00,1726776900000,0.399,0.3993,0.3984,0.3992,342859.4
2024-09-19 20:20:00,1726777200000,0.3992,0.3994,0.399,0.3993,102847.2
2024-09-19 20:25:00,1726777500000,0.3993,0.3993,0.3991,0.3991,9147.7
2024-09-19 20:30:00,1726777800000,0.3992,0.3995,0.3991,0.3992,25898.8
2024-09-19 20:35:00,1726778100000,0.3993,0.3997,0.399,0.3993,198682.8
2024-09-19 20:40:00,1726778400000,0.3993,0.3994,0.3987,0.3989,97891.4
2024-09-19 20:45:00,1726778700000,0.3989,0.399,0.3986,0.3988,72111.6
2024-09-19 20:50:00,1726779000000,0.3988,0.399,0.3985,0.3988,195019.8
2024-09-19 20:55:00,1726779300000,0.3989,0.3989,0.3975,0.3976,184701.0
2024-09-19 21:00:00,1726779600000,0.3975,0.3977,0.3965,0.3969,240218.8
2024-09-19 21:05:00,1726779900000,0.3968,0.3971,0.3964,0.397,118805.2
2024-09-19 21:10:00,1726780200000,0.397,0.3976,0.397,0.3975,106830.4
2024-09-19 21:15:00,1726780500000,0.3975,0.3977,0.3973,0.3975,49762.3
2024-09-19 21:20:00,1726780800000,0.3975,0.3976,0.3968,0.3969,42829.1
2024-09-19 21:25:00,1726781100000,0.3969,0.3969,0.3965,0.3966,97172.2
2024-09-19 21:30:00,1726781400000,0.3966,0.3969,0.3965,0.3968,103931.1
2024-09-19 21:35:00,1726781700000,0.3968,0.397,0.3965,0.3967,66584.4
2024-09-19 21:40:00,1726782000000,0.3966,0.3967,0.3964,0.3965,41401.0
2024-09-19 21:45:00,1726782300000,0.3964,0.3965,0.396,0.3961,70799.5
2024-09-19 21:50:00,1726782600000,0.3961,0.3963,0.3958,0.3962,165326.1
2024-09-19 21:55:00,1726782900000,0.3961,0.3963,0.3955,0.3956,141174.5
2024-09-19 22:00:00,1726783200000,0.3955,0.3956,0.3936,0.3946,493143.7
2024-09-19 22:05:00,1726783500000,0.3944,0.3949,0.3937,0.3941,162100.2
2024-09-19 22:10:00,1726783800000,0.3941,0.3945,0.3925,0.3941,402982.0
2024-09-19 22:15:00,1726784100000,0.3941,0.3946,0.3934,0.3934,147173.1
2024-09-19 22:20:00,1726784400000,0.3935,0.3943,0.3932,0.3942,82825.3
2024-09-19 22:25:00,1726784700000,0.3941,0.3946,0.394,0.3946,83522.1
2024-09-19 22:30:00,1726785000000,0.3945,0.3954,0.3942,0.3951,172542.5
2024-09-19 22:35:00,1726785300000,0.3951,0.3956,0.3943,0.3951,300937.7
2024-09-19 22:40:00,1726785600000,0.3951,0.3957,0.3949,0.3957,59123.8
2024-09-19 22:45:00,1726785900000,0.3955,0.3957,0.3952,0.3952,39089.2
2024-09-19 22:50:00,1726786200000,0.3951,0.3963,0.3951,0.3962,142923.4
2024-09-19 22:55:00,1726786500000,0.3964,0.397,0.3962,0.3969,140526.8
2024-09-19 23:00:00,1726786800000,0.3969,0.3977,0.3968,0.3972,138137.6
2024-09-19 23:05:00,1726787100000,0.3973,0.3991,0.3972,0.3989,327043.8
2024-09-19 23:10:00,1726787400000,0.399,0.3996,0.399,0.3992,34867.8
2024-09-19 23:15:00,1726787700000,0.3993,0.3994,0.3989,0.3992,102684.0
2024-09-19 23:20:00,1726788000000,0.3992,0.3993,0.3984,0.3984,57946.4
2024-09-19 23:25:00,1726788300000,0.3985,0.3986,0.3978,0.3981,155839.1
2024-09-19 23:30:00,1726788600000,0.3983,0.3988,0.3981,0.3987,45745.6
2024-09-19 23:35:00,1726788900000,0.3986,0.3987,0.3983,0.3984,7433.8
2024-09-19 23:40:00,1726789200000,0.3984,0.3992,0.3982,0.3988,139169.3
2024-09-19 23:45:00,1726789500000,0.3987,0.3992,0.3984,0.3988,113023.7
2024-09-19 23:50:00,1726789800000,0.3989,0.3989,0.3987,0.3988,12039.6
2024-09-19 23:55:00,1726790100000,0.3988,0.3992,0.3985,0.3991,124687.0
2024-09-20 00:00:00,1726790400000,0.3991,0.3998,0.3983,0.3987,288685.5
2024-09-20 00:05:00,1726790700000,0.3987,0.3994,0.3984,0.3987,65619.0
2024-09-20 00:10:00,1726791000000,0.3987,0.3989,0.3983,0.3987,38798.4
2024-09-20 00:15:00,1726791300000,0.3987,0.3988,0.3972,0.3972,324670.4
2024-09-20 00:20:00,1726791600000,0.3972,0.3976,0.3971,0.3974,73459.2
2024-09-20 00:25:00,1726791900000,0.3973,0.3973,0.3961,0.3963,235361.7
2024-09-20 00:30:00,1726792200000,0.3964,0.3965,0.3957,0.396,232515.6
2024-09-20 00:35:00,1726792500000,0.396,0.3961,0.3951,0.3955,386475.4
2024-09-20 00:40:00,1726792800000,0.3955,0.3959,0.3954,0.3959,128120.3
2024-09-20 00:45:00,1726793100000,0.3959,0.3965,0.3958,0.3965,121876.5
2024-09-20 00:50:00,1726793400000,0.3965,0.3967,0.3959,0.396,39449.8
2024-09-20 00:55:00,1726793700000,0.396,0.3963,0.3951,0.3954,153895.6
2024-09-20 01:00:00,1726794000000,0.3955,0.3957,0.3951,0.3951,66943.2
2024-09-20 01:05:00,1726794300000,0.395,0.3952,0.3932,0.3937,363728.0
2024-09-20 01:10:00,1726794600000,0.3938,0.3945,0.3936,0.394,202765.1
2024-09-20 01:15:00,1726794900000,0.394,0.395,0.3939,0.395,126324.2
2024-09-20 01:20:00,1726795200000,0.3951,0.3955,0.3946,0.3948,36064.6
2024-09-20 01:25:00,1726795500000,0.3947,0.3952,0.3942,0.3951,122955.6
2024-09-20 01:30:00,1726795800000,0.3952,0.3956,0.3949,0.3954,134108.1
2024-09-20 01:35:00,1726796100000,0.3954,0.3959,0.3954,0.3959,28950.9
2024-09-20 01:40:00,1726796400000,0.3958,0.3961,0.3955,0.396,53304.3
2024-09-20 01:45:00,1726796700000,0.396,0.3964,0.396,0.3961,73047.7
2024-09-20 01:50:00,1726797000000,0.3961,0.3963,0.3961,0.3962,22414.8
2024-09-20 01:55:00,1726797300000,0.3962,0.3972,0.3962,0.3968,74756.2
2024-09-20 02:00:00,1726797600000,0.3967,0.3976,0.3966,0.3974,120580.7
2024-09-20 02:05:00,1726797900000,0.3974,0.3974,0.3962,0.3964,188626.9
2024-09-20 02:10:00,1726798200000,0.3962,0.3972,0.3962,0.3969,68145.3
2024-09-20 02:15:00,1726798500000,0.3969,0.3973,0.3968,0.3971,31055.7
2024-09-20 02:20:00,1726798800000,0.3969,0.397,0.3954,0.3958,53509.0
2024-09-20 02:25:00,1726799100000,0.3957,0.3964,0.3957,0.3962,22631.4
2024-09-20 02:30:00,1726799400000,0.3962,0.397,0.396,0.3965,97264.7
2024-09-20 02:35:00,1726799700000,0.3965,0.3967,0.396,0.3965,41759.6
2024-09-20 02:40:00,1726800000000,0.3965,0.3969,0.3962,0.3962,19852.4
2024-09-20 02:45:00,1726800300000,0.3963,0.3965,0.396,0.3962,37582.5
2024-09-20 02:50:00,1726800600000,0.3963,0.3972,0.3958,0.3972,94339.5
2024-09-20 02:55:00,1726800900000,0.3972,0.3977,0.3972,0.3977,21355.0
2024-09-20 03:00:00,1726801200000,0.3975,0.398,0.3971,0.398,98166.3
2024-09-20 03:05:00,1726801500000,0.3979,0.3986,0.3977,0.3984,59985.4
2024-09-20 03:10:00,1726801800000,0.3984,0.3987,0.3982,0.3986,56043.9
2024-09-20 03:15:00,1726802100000,0.3986,0.3992,0.3983,0.399,49892.5
2024-09-20 03:20:00,1726802400000,0.399,0.3993,0.3988,0.3991,60092.5
2024-09-20 03:25:00,1726802700000,0.3991,0.3992,0.3988,0.3992,54111.7
2024-09-20 03:30:00,1726803000000,0.3991,0.3995,0.3991,0.3994,42473.2
2024-09-20 03:35:00,1726803300000,0.3994,0.3997,0.3992,0.3996,58506.4
2024-09-20 03:40:00,1726803600000,0.3997,0.4,0.3996,0.3999,51172.0
2024-09-20 03:45:00,1726803900000,0.4,0.4016,0.3998,0.4016,217399.5
2024-09-20 03:50:00,1726804200000,0.4016,0.4025,0.4013,0.4021,544004.5
2024-09-20 03:55:00,1726804500000,0.4022,0.4028,0.4019,0.4027,241665.6
2024-09-20 04:00:00,1726804800000,0.4027,0.4034,0.402,0.4034,356004.9
2024-09-20 04:05:00,1726805100000,0.4033,0.4055,0.4031,0.4051,320849.4
2024-09-20 04:10:00,1726805400000,0.4052,0.4052,0.4047,0.4047,366708.1
2024-09-20 04:15:00,1726805700000,0.4047,0.405,0.4044,0.4047,232124.0
2024-09-20 04:20:00,1726806000000,0.4048,0.405,0.4039,0.4047,192916.9
2024-09-20 04:25:00,1726806300000,0.4048,0.4049,0.4044,0.4047,111939.3
2024-09-20 04:30:00,1726806600000,0.4047,0.4047,0.4038,0.4042,184283.3
2024-09-20 04:35:00,1726806900000,0.4041,0.4049,0.4036,0.4048,141948.4
2024-09-20 04:40:00,1726807200000,0.4048,0.405,0.4047,0.4048,264126.9
2024-09-20 04:45:00,1726807500000,0.4049,0.4059,0.4047,0.4058,319442.5
2024-09-20 04:50:00,1726807800000,0.4057,0.4078,0.4057,0.4071,281784.6
2024-09-20 04:55:00,1726808100000,0.4071,0.4071,0.4065,0.4066,291540.1
2024-09-20 05:00:00,1726808400000,0.4066,0.407,0.4066,0.407,237951.1
2024-09-20 05:05:00,1726808700000,0.407,0.407,0.4067,0.4069,225580.7
2024-09-20 05:10:00,1726809000000,0.4069,0.4079,0.4064,0.4077,165012.0
2024-09-20 05:15:00,1726809300000,0.4076,0.4085,0.4075,0.4083,299337.0
2024-09-20 05:20:00,1726809600000,0.4083,0.4085,0.4076,0.4077,229691.0
2024-09-20 05:25:00,1726809900000,0.4076,0.4085,0.4076,0.4081,110045.5
2024-09-20 05:30:00,1726810200000,0.4082,0.4085,0.408,0.4083,161789.3
2024-09-20 05:35:00,1726810500000,0.4081,0.4082,0.408,0.4081,96214.6
2024-09-20 05:40:00,1726810800000,0.408,0.4082,0.4065,0.4067,230735.5
2024-09-20 05:45:00,1726811100000,0.4067,0.4067,0.4057,0.4065,408358.1
2024-09-20 05:50:00,1726811400000,0.4064,0.4069,0.406,0.406,180423.0
2024-09-20 05:55:00,1726811700000,0.4059,0.406,0.4058,0.406,240126.1
2024-09-20 06:00:00,1726812000000,0.4063,0.4072,0.4062,0.4066,82288.1
2024-09-20 06:05:00,1726812300000,0.4067,0.4067,0.4055,0.406,158326.0
2024-09-20 06:10:00,1726812600000,0.4061,0.4068,0.4059,0.4062,142232.6
2024-09-20 06:15:00,1726812900000,0.4062,0.4066,0.4057,0.406,205345.3
2024-09-20 06:20:00,1726813200000,0.4061,0.4061,0.4057,0.4058,63580.0
2024-09-20 06:25:00,1726813500000,0.4058,0.406,0.4057,0.406,68108.5
2024-09-20 06:30:00,1726813800000,0.406,0.4064,0.4057,0.4059,102838.2
2024-09-20 06:35:00,1726814100000,0.4058,0.4073,0.4058,0.4073,121078.7
2024-09-20 06:40:00,1726814400000,0.4072,0.4084,0.4072,0.4079,313710.0
2024-09-20 06:45:00,1726814700000,0.4079,0.4083,0.4077,0.4079,130857.6
2024-09-20 06:50:00,1726815000000,0.4079,0.4087,0.4079,0.4084,281692.5
2024-09-20 06:55:00,1726815300000,0.4085,0.4085,0.4083,0.4084,62379.3
2024-09-20 07:00:00,1726815600000,0.4084,0.4086,0.4074,0.4076,216264.2
2024-09-20 07:05:00,1726815900000,0.4077,0.4079,0.4071,0.4071,65232.5
2024-09-20 07:10:00,1726816200000,0.4071,0.4073,0.4067,0.4069,77807.0
2024-09-20 07:15:00,1726816500000,0.4069,0.4069,0.4055,0.4058,235683.0
2024-09-20 07:20:00,1726816800000,0.4058,0.4065,0.4057,0.406,170171.1
2024-09-20 07:25:00,1726817100000,0.406,0.4067,0.4059,0.4061,174848.4
2024-09-20 07:30:00,1726817400000,0.4062,0.4069,0.4058,0.4063,283142.1
2024-09-20 07:35:00,1726817700000,0.4063,0.4071,0.4062,0.4071,163666.4
2024-09-20 07:40:00,1726818000000,0.4072,0.4074,0.407,0.4072,88659.6
2024-09-20 07:45:00,1726818300000,0.4072,0.4078,0.4071,0.4075,56235.5
2024-09-20 07:50:00,1726818600000,0.4076,0.4088,0.4072,0.4082,179436.2
2024-09-20 07:55:00,1726818900000,0.4082,0.4084,0.4081,0.4083,65394.7
2024-09-20 08:00:00,1726819200000,0.4083,0.4084,0.4075,0.4075,257845.6
2024-09-20 08:05:00,1726819500000,0.4075,0.4084,0.4072,0.4076,290181.4
2024-09-20 08:10:00,1726819800000,0.4076,0.4081,0.4076,0.4079,92347.9
2024-09-20 08:15:00,1726820100000,0.4079,0.4084,0.4079,0.4084,168807.2
2024-09-20 08:20:00,1726820400000,0.4084,0.4098,0.4083,0.4096,363175.1
2024-09-20 08:25:00,1726820700000,0.4097,0.4099,0.4082,0.4082,290463.6
2024-09-20 08:30:00,1726821000000,0.4082,0.4089,0.4073,0.4073,89053.3
2024-09-20 08:35:00,1726821300000,0.4072,0.4074,0.4066,0.407,293033.0
2024-09-20 08:40:00,1726821600000,0.407,0.4078,0.4063,0.4076,139339.6
2024-09-20 08:45:00,1726821900000,0.4075,0.408,0.4071,0.4073,88314.4
2024-09-20 08:50:00,1726822200000,0.4073,0.4073,0.4062,0.4067,158893.3
2024-09-20 08:55:00,1726822500000,0.4067,0.4072,0.4065,0.407,99099.1
2024-09-20 09:00:00,1726822800000,0.407,0.4074,0.4067,0.4073,130707.8
2024-09-20 09:05:00,1726823100000,0.4073,0.4075,0.4071,0.4073,41906.3
2024-09-20 09:10:00,1726823400000,0.4073,0.4075,0.407,0.4074,132415.1
2024-09-20 09:15:00,1726823700000,0.4074,0.4078,0.4073,0.4076,90199.3
2024-09-20 09:20:00,1726824000000,0.4076,0.4083,0.4074,0.4081,92814.5
2024-09-20 09:25:00,1726824300000,0.4082,0.409,0.4081,0.4086,251562.4
2024-09-20 09:30:00,1726824600000,0.4088,0.4089,0.4082,0.4082,147322.5
2024-09-20 09:35:00,1726824900000,0.4081,0.4082,0.4072,0.4073,82818.2
2024-09-20 09:40:00,1726825200000,0.4072,0.4075,0.4065,0.4067,145228.5
2024-09-20 09:45:00,1726825500000,0.4066,0.4071,0.4059,0.4065,305629.0
2024-09-20 09:50:00,1726825800000,0.4066,0.4067,0.4055,0.4057,190794.6
2024-09-20 09:55:00,1726826100000,0.4057,0.4058,0.4055,0.4057,125549.1
2024-09-20 10:00:00,1726826400000,0.4058,0.4067,0.4057,0.4066,93596.4
2024-09-20 10:05:00,1726826700000,0.4064,0.4067,0.4059,0.406,97299.6
2024-09-20 10:10:00,1726827000000,0.4061,0.4061,0.4054,0.4055,100407.8
2024-09-20 10:15:00,1726827300000,0.4054,0.4059,0.4054,0.4056,93701.0
2024-09-20 10:20:00,1726827600000,0.4055,0.4062,0.4054,0.4061,115255.6
2024-09-20 10:25:00,1726827900000,0.4061,0.4068,0.406,0.4063,154980.1
2024-09-20 10:30:00,1726828200000,0.4063,0.407,0.4063,0.4068,160448.7
2024-09-20 10:35:00,1726828500000,0.4069,0.407,0.4064,0.407,31130.4
2024-09-20 10:40:00,1726828800000,0.407,0.4074,0.4069,0.4072,55410.6
2024-09-20 10:45:00,1726829100000,0.4071,0.4074,0.4067,0.4071,63436.5
2024-09-20 10:50:00,1726829400000,0.4071,0.4074,0.4067,0.4069,27515.3
2024-09-20 10:55:00,1726829700000,0.4069,0.4073,0.4066,0.4067,181446.0
2024-09-20 11:00:00,1726830000000,0.4067,0.4068,0.4061,0.4063,195049.2
2024-09-20 11:05:00,1726830300000,0.4064,0.4064,0.4056,0.4059,107224.9
2024-09-20 11:10:00,1726830600000,0.4058,0.406,0.4043,0.405,550046.3
2024-09-20 11:15:00,1726830900000,0.405,0.4061,0.4047,0.406,195611.9
2024-09-20 11:20:00,1726831200000,0.406,0.4062,0.4052,0.4053,112708.4
2024-09-20 11:25:00,1726831500000,0.4052,0.4053,0.4048,0.405,159519.1
2024-09-20 11:30:00,1726831800000,0.405,0.4053,0.405,0.4052,164875.3
2024-09-20 11:35:00,1726832100000,0.4051,0.4056,0.4046,0.405,630035.0
2024-09-20 11:40:00,1726832400000,0.405,0.4051,0.4038,0.4041,241447.5
2024-09-20 11:45:00,1726832700000,0.4041,0.4043,0.404,0.4042,184723.6
2024-09-20 11:50:00,1726833000000,0.4042,0.4045,0.404,0.4043,69402.6
2024-09-20 11:55:00,1726833300000,0.4042,0.4045,0.4039,0.404,79016.6
2024-09-20 12:00:00,1726833600000,0.4039,0.405,0.4039,0.4049,89561.1
2024-09-20 12:05:00,1726833900000,0.4048,0.4056,0.4048,0.4056,152927.8
2024-09-20 12:10:00,1726834200000,0.4055,0.4056,0.4042,0.4053,143801.5
2024-09-20 12:15:00,1726834500000,0.4054,0.4054,0.4045,0.405,107443.4
2024-09-20 12:20:00,1726834800000,0.4051,0.4052,0.4041,0.4049,120520.9
2024-09-20 12:25:00,1726835100000,0.4048,0.4057,0.4048,0.4056,57184.5
2024-09-20 12:30:00,1726835400000,0.4057,0.4057,0.4048,0.4048,82416.7
2024-09-20 12:35:00,1726835700000,0.4049,0.405,0.4044,0.405,74378.8
2024-09-20 12:40:00,1726836000000,0.4051,0.4064,0.4051,0.4063,94811.0
2024-09-20 12:45:00,1726836300000,0.4062,0.4063,0.4059,0.406,65542.6
2024-09-20 12:50:00,1726836600000,0.4059,0.4059,0.4055,0.4057,108822.2
2024-09-20 12:55:00,1726836900000,0.4056,0.4063,0.4056,0.4059,87408.7
2024-09-20 13:00:00,1726837200000,0.406,0.4062,0.4048,0.405,107913.9
2024-09-20 13:05:00,1726837500000,0.4049,0.4049,0.4031,0.4031,242367.2
2024-09-20 13:10:00,1726837800000,0.4031,0.4033,0.4006,0.4007,748005.1
2024-09-20 13:15:00,1726838100000,0.4005,0.4017,0.399,0.4014,1032767.0
2024-09-20 13:20:00,1726838400000,0.4013,0.402,0.4012,0.4017,395901.1
2024-09-20 13:25:00,1726838700000,0.4018,0.4019,0.4015,0.4016,158529.2
2024-09-20 13:30:00,1726839000000,0.4017,0.402,0.3999,0.4001,629669.8
2024-09-20 13:35:00,1726839300000,0.4001,0.4007,0.3996,0.4001,287887.2
2024-09-20 13:40:00,1726839600000,0.4001,0.4001,0.3983,0.3985,436271.3
2024-09-20 13:45:00,1726839900000,0.3985,0.3993,0.398,0.3984,220008.5
2024-09-20 13:50:00,1726840200000,0.3985,0.3997,0.3985,0.3992,104625.5
2024-09-20 13:55:00,1726840500000,0.3992,0.3997,0.3988,0.399,90281.0
2024-09-20 14:00:00,1726840800000,0.3991,0.4001,0.3958,0.3984,942659.0
2024-09-20 14:05:00,1726841100000,0.3984,0.399,0.3978,0.3981,347768.9
2024-09-20 14:10:00,1726841400000,0.3981,0.3983,0.3961,0.3964,468190.4
2024-09-20 14:15:00,1726841700000,0.3966,0.3975,0.3958,0.3975,361704.5
2024-09-20 14:20:00,1726842000000,0.3975,0.3986,0.3969,0.3982,280438.5
2024-09-20 14:25:00,1726842300000,0.3983,0.3998,0.3982,0.3997,470492.1
2024-09-20 14:30:00,1726842600000,0.3996,0.4002,0.399,0.4001,229935.1
2024-09-20 14:35:00,1726842900000,0.4001,0.401,0.3993,0.4008,194370.5
2024-09-20 14:40:00,1726843200000,0.4008,0.4011,0.3998,0.4005,161789.7
2024-09-20 14:45:00,1726843500000,0.4005,0.4006,0.3995,0.3996,406403.3
2024-09-20 14:50:00,1726843800000,0.3997,0.4002,0.3978,0.3982,692147.9
2024-09-20 14:55:00,1726844100000,0.3981,0.3983,0.3959,0.3969,1082263.8
2024-09-20 15:00:00,1726844400000,0.3968,0.3977,0.3946,0.3953,603324.6
2024-09-20 15:05:00,1726844700000,0.3953,0.3959,0.3951,0.3957,439469.1
2024-09-20 15:10:00,1726845000000,0.3956,0.3967,0.3956,0.3962,103769.8
2024-09-20 15:15:00,1726845300000,0.3963,0.3964,0.3953,0.3963,150198.3
2024-09-20 15:20:00,1726845600000,0.3964,0.3964,0.3955,0.3961,296949.9
2024-09-20 15:25:00,1726845900000,0.3961,0.3964,0.3957,0.3959,243613.4
2024-09-20 15:30:00,1726846200000,0.3959,0.3964,0.3955,0.3964,264923.8
2024-09-20 15:35:00,1726846500000,0.3964,0.3964,0.3957,0.3963,384351.5
2024-09-20 15:40:00,1726846800000,0.3963,0.3977,0.3963,0.3974,138075.6
2024-09-20 15:45:00,1726847100000,0.3976,0.3983,0.3974,0.3982,62074.7
2024-09-20 15:50:00,1726847400000,0.3983,0.3986,0.3981,0.3984,308390.0
2024-09-20 15:55:00,1726847700000,0.3984,0.3988,0.3983,0.3986,78672.5
2024-09-20 16:00:00,1726848000000,0.3985,0.3991,0.3981,0.3988,62623.3
2024-09-20 16:05:00,1726848300000,0.3985,0.3994,0.3985,0.3993,71782.0
2024-09-20 16:10:00,1726848600000,0.3993,0.3996,0.3986,0.3987,68918.6
2024-09-20 16:15:00,1726848900000,0.3989,0.3989,0.3978,0.3979,187878.6
2024-09-20 16:20:00,1726849200000,0.398,0.3988,0.3977,0.3985,197271.1
2024-09-20 16:25:00,1726849500000,0.3985,0.3988,0.3974,0.3976,94401.3
2024-09-20 16:30:00,1726849800000,0.3978,0.3979,0.3967,0.3973,257824.0
2024-09-20 16:35:00,1726850100000,0.3974,0.3976,0.3958,0.3967,216303.5
2024-09-20 16:40:00,1726850400000,0.3967,0.3973,0.396,0.3972,110546.4
2024-09-20 16:45:00,1726850700000,0.3973,0.3978,0.3972,0.3972,77908.1
2024-09-20 16:50:00,1726851000000,0.3973,0.3981,0.3972,0.3972,129971.8
2024-09-20 16:55:00,1726851300000,0.3971,0.3976,0.3969,0.3969,110386.5
2024-09-20 17:00:00,1726851600000,0.397,0.3972,0.3964,0.3967,135125.6
2024-09-20 17:05:00,1726851900000,0.3966,0.3973,0.3963,0.3963,99580.9
2024-09-20 17:10:00,1726852200000,0.3964,0.397,0.3961,0.3966,141020.6
2024-09-20 17:15:00,1726852500000,0.3966,0.3972,0.3965,0.3967,102578.6
2024-09-20 17:20:00,1726852800000,0.3968,0.3968,0.396,0.3961,83547.1
2024-09-20 17:25:00,1726853100000,0.3961,0.3962,0.3957,0.3959,163051.4
2024-09-20 17:30:00,1726853400000,0.396,0.3964,0.3957,0.3959,63928.6
2024-09-20 17:35:00,1726853700000,0.3959,0.396,0.3957,0.3959,50575.6
2024-09-20 17:40:00,1726854000000,0.3959,0.3961,0.3955,0.3957,55829.3
2024-09-20 17:45:00,1726854300000,0.3957,0.3959,0.3955,0.3956,53147.2
2024-09-20 17:50:00,1726854600000,0.3955,0.3959,0.3954,0.3957,50305.1
2024-09-20 17:55:00,1726854900000,0.3957,0.3962,0.3954,0.3962,66837.6
2024-09-20 18:00:00,1726855200000,0.3962,0.3965,0.3957,0.3958,48516.6
2024-09-20 18:05:00,1726855500000,0.3958,0.3959,0.3952,0.3952,66447.5
2024-09-20 18:10:00,1726855800000,0.3952,0.3956,0.3947,0.3953,128562.9
2024-09-20 18:15:00,1726856100000,0.3954,0.3964,0.3954,0.3961,54803.3
2024-09-20 18:20:00,1726856400000,0.396,0.3964,0.3959,0.3962,12640.5
2024-09-20 18:25:00,1726856700000,0.3963,0.3964,0.3957,0.3961,28943.6
2024-09-20 18:30:00,1726857000000,0.3962,0.3968,0.3962,0.3963,95458.0
2024-09-20 18:35:00,1726857300000,0.3963,0.3968,0.3961,0.3963,81837.9
2024-09-20 18:40:00,1726857600000,0.3962,0.397,0.3962,0.3967,63367.0
2024-09-20 18:45:00,1726857900000,0.3967,0.3974,0.3967,0.3972,91106.7
2024-09-20 18:50:00,1726858200000,0.3973,0.3977,0.3972,0.3975,33043.2
2024-09-20 18:55:00,1726858500000,0.3974,0.3982,0.3973,0.3979,48524.7
2024-09-20 19:00:00,1726858800000,0.3978,0.3986,0.3978,0.3986,39564.7
2024-09-20 19:05:00,1726859100000,0.3987,0.3987,0.3981,0.3983,99924.8
2024-09-20 19:10:00,1726859400000,0.3983,0.3983,0.3974,0.3979,70009.5
2024-09-20 19:15:00,1726859700000,0.3979,0.3985,0.3979,0.3985,30373.4
2024-09-20 19:20:00,1726860000000,0.3984,0.3987,0.3981,0.3982,28807.0
2024-09-20 19:25:00,1726860300000,0.3983,0.3983,0.3979,0.3981,66136.4
2024-09-20 19:30:00,1726860600000,0.3981,0.3986,0.398,0.3986,34312.4
2024-09-20 19:35:00,1726860900000,0.3985,0.3988,0.3984,0.3987,24717.4
2024-09-20 19:40:00,1726861200000,0.3986,0.3989,0.3985,0.3987,38532.1
2024-09-20 19:45:00,1726861500000,0.3987,0.3988,0.3983,0.3984,44041.0
2024-09-20 19:50:00,1726861800000,0.3985,0.3985,0.3982,0.3985,50688.7
2024-09-20 19:55:00,1726862100000,0.3985,0.3988,0.3981,0.3984,53608.4
2024-09-20 20:00:00,1726862400000,0.3987,0.3992,0.3986,0.3991,37555.4
2024-09-20 20:05:00,1726862700000,0.3991,0.3994,0.3984,0.3988,75009.9
2024-09-20 20:10:00,1726863000000,0.3988,0.3991,0.3987,0.3987,19053.3
2024-09-20 20:15:00,1726863300000,0.3985,0.399,0.3985,0.3988,13060.5
2024-09-20 20:20:00,1726863600000,0.3988,0.3992,0.3986,0.3991,66634.7
2024-09-20 20:25:00,1726863900000,0.3992,0.3992,0.3983,0.3983,100553.7
2024-09-20 20:30:00,1726864200000,0.3983,0.3985,0.3977,0.3981,213371.8
2024-09-20 20:35:00,1726864500000,0.3981,0.3988,0.3981,0.3988,25660.6
2024-09-20 20:40:00,1726864800000,0.3988,0.399,0.3985,0.3987,59434.1
2024-09-20 20:45:00,1726865100000,0.3987,0.3988,0.3985,0.3988,20389.6
2024-09-20 20:50:00,1726865400000,0.3987,0.3988,0.3985,0.3987,18482.2
2024-09-20 20:55:00,1726865700000,0.3986,0.3987,0.3983,0.3987,35291.9
2024-09-20 21:00:00,1726866000000,0.3986,0.3996,0.3986,0.3995,69577.6
2024-09-20 21:05:00,1726866300000,0.3995,0.4002,0.3995,0.4,70620.6
2024-09-20 21:10:00,1726866600000,0.4001,0.4006,0.4001,0.4005,137455.4
2024-09-20 21:15:00,1726866900000,0.4006,0.4006,0.3999,0.3999,44473.0
2024-09-20 21:20:00,1726867200000,0.3999,0.4002,0.3997,0.4001,30626.2
2024-09-20 21:25:00,1726867500000,0.4002,0.4007,0.4002,0.4007,218767.1
2024-09-20 21:30:00,1726867800000,0.4007,0.4011,0.4005,0.4008,157190.6
2024-09-20 21:35:00,1726868100000,0.4009,0.401,0.4004,0.4006,46771.7
2024-09-20 21:40:00,1726868400000,0.4005,0.4005,0.4,0.4001,26309.5
2024-09-20 21:45:00,1726868700000,0.4003,0.4005,0.4001,0.4002,17548.7
2024-09-20 21:50:00,1726869000000,0.4003,0.4007,0.4,0.4004,74257.0
2024-09-20 21:55:00,1726869300000,0.4004,0.4005,0.4,0.4002,47502.3
2024-09-20 22:00:00,1726869600000,0.4002,0.4009,0.4,0.4007,137051.2
2024-09-20 22:05:00,1726869900000,0.4007,0.4009,0.4003,0.4008,74297.6
2024-09-20 22:10:00,1726870200000,0.4007,0.4009,0.4006,0.4006,32250.7
2024-09-20 22:15:00,1726870500000,0.4007,0.4009,0.4001,0.4003,103762.4
2024-09-20 22:20:00,1726870800000,0.4004,0.4005,0.4,0.4004,54022.3
2024-09-20 22:25:00,1726871100000,0.4003,0.4004,0.4002,0.4003,23600.0
2024-09-20 22:30:00,1726871400000,0.4003,0.4011,0.4003,0.4011,75477.9
2024-09-20 22:35:00,1726871700000,0.401,0.4011,0.4009,0.4011,12137.2
2024-09-20 22:40:00,1726872000000,0.4009,0.4011,0.4008,0.4009,27336.5
2024-09-20 22:45:00,1726872300000,0.401,0.401,0.4004,0.4007,29074.7
2024-09-20 22:50:00,1726872600000,0.4006,0.401,0.4003,0.401,107677.2
2024-09-20 22:55:00,1726872900000,0.401,0.4011,0.4004,0.4006,47284.3
2024-09-20 23:00:00,1726873200000,0.4005,0.4007,0.3999,0.4,49839.1
2024-09-20 23:05:00,1726873500000,0.3997,0.3999,0.3994,0.3996,15331.3
2024-09-20 23:10:00,1726873800000,0.3997,0.3999,0.3994,0.3997,62633.3
2024-09-20 23:15:00,1726874100000,0.3998,0.3998,0.3991,0.3992,20187.2
2024-09-20 23:20:00,1726874400000,0.3992,0.3999,0.3992,0.3996,47090.5
2024-09-20 23:25:00,1726874700000,0.3996,0.4,0.3995,0.3999,26930.5
2024-09-20 23:30:00,1726875000000,0.3998,0.3999,0.3995,0.3999,26097.3
2024-09-20 23:35:00,1726875300000,0.3999,0.4007,0.3999,0.4005,204355.5
2024-09-20 23:40:00,1726875600000,0.4004,0.401,0.4,0.4,168210.1
2024-09-20 23:45:00,1726875900000,0.4001,0.4006,0.4,0.4003,107339.3
2024-09-20 23:50:00,1726876200000,0.4004,0.4004,0.4002,0.4002,32602.8
2024-09-20 23:55:00,1726876500000,0.4002,0.4014,0.4001,0.4014,69350.6
2024-09-21 00:00:00,1726876800000,0.4014,0.4017,0.4004,0.4004,117629.9
2024-09-21 00:05:00,1726877100000,0.4005,0.4005,0.3997,0.4,51535.1
2024-09-21 00:10:00,1726877400000,0.4,0.4,0.3992,0.3994,61888.9
2024-09-21 00:15:00,1726877700000,0.3992,0.3995,0.3988,0.3993,130459.5
2024-09-21 00:20:00,1726878000000,0.3994,0.4016,0.3994,0.4016,294213.3
2024-09-21 00:25:00,1726878300000,0.4015,0.4022,0.4011,0.402,234176.5
2024-09-21 00:30:00,1726878600000,0.4019,0.4024,0.4009,0.4022,116989.5
2024-09-21 00:35:00,1726878900000,0.4021,0.4028,0.4018,0.4027,183155.2
2024-09-21 00:40:00,1726879200000,0.4026,0.4037,0.4024,0.4032,147852.6
2024-09-21 00:45:00,1726879500000,0.4031,0.4032,0.4019,0.402,73791.4
2024-09-21 00:50:00,1726879800000,0.402,0.4025,0.4018,0.4021,69444.2
2024-09-21 00:55:00,1726880100000,0.4022,0.4026,0.4016,0.4017,46437.5
2024-09-21 01:00:00,1726880400000,0.4018,0.4031,0.4017,0.4025,81237.1
2024-09-21 01:05:00,1726880700000,0.4025,0.403,0.4022,0.4028,106983.6
2024-09-21 01:10:00,1726881000000,0.4026,0.403,0.4014,0.4017,125043.4
2024-09-21 01:15:00,1726881300000,0.4016,0.4023,0.4002,0.4004,230482.6
2024-09-21 01:20:00,1726881600000,0.4005,0.4016,0.4003,0.4016,119295.7
2024-09-21 01:25:00,1726881900000,0.4016,0.4019,0.4014,0.4014,43256.4
2024-09-21 01:30:00,1726882200000,0.4015,0.402,0.4012,0.4019,40810.2
2024-09-21 01:35:00,1726882500000,0.4019,0.4019,0.4005,0.4009,63488.4
2024-09-21 01:40:00,1726882800000,0.4007,0.4009,0.4005,0.4006,79956.5
2024-09-21 01:45:00,1726883100000,0.4006,0.4006,0.3998,0.3999,69861.0
2024-09-21 01:50:00,1726883400000,0.3996,0.3999,0.398,0.3981,117983.5
2024-09-21 01:55:00,1726883700000,0.3983,0.3988,0.398,0.3984,81981.7
2024-09-21 02:00:00,1726884000000,0.3983,0.3994,0.3983,0.3993,39216.6
2024-09-21 02:05:00,1726884300000,0.3991,0.3991,0.3966,0.3976,381450.8
2024-09-21 02:10:00,1726884600000,0.3976,0.3977,0.3969,0.3971,143856.0
2024-09-21 02:15:00,1726884900000,0.3971,0.3977,0.3963,0.3965,102551.7
2024-09-21 02:20:00,1726885200000,0.3966,0.398,0.3966,0.3979,88905.4
2024-09-21 02:25:00,1726885500000,0.3978,0.3983,0.3977,0.398,69227.6
2024-09-21 02:30:00,1726885800000,0.398,0.3991,0.3979,0.3985,54805.8
2024-09-21 02:35:00,1726886100000,0.3982,0.3989,0.398,0.3988,37470.0
2024-09-21 02:40:00,1726886400000,0.3987,0.3988,0.3983,0.3985,43741.3
2024-09-21 02:45:00,1726886700000,0.3986,0.3986,0.3977,0.3983,56385.1
2024-09-21 02:50:00,1726887000000,0.3984,0.3988,0.398,0.3987,43949.7
2024-09-21 02:55:00,1726887300000,0.3987,0.3989,0.3985,0.3986,12511.6
2024-09-21 03:00:00,1726887600000,0.3985,0.3991,0.3985,0.3991,43700.8
2024-09-21 03:05:00,1726887900000,0.3991,0.3997,0.3991,0.3997,30091.3
2024-09-21 03:10:00,1726888200000,0.3997,0.4001,0.3997,0.4001,26942.3
2024-09-21 03:15:00,1726888500000,0.4002,0.4004,0.4,0.4004,80964.2
2024-09-21 03:20:00,1726888800000,0.4004,0.4004,0.3991,0.3996,64130.5
2024-09-21 03:25:00,1726889100000,0.3997,0.4,0.3994,0.3994,71305.0
2024-09-21 03:30:00,1726889400000,0.3995,0.4002,0.3995,0.3997,62316.3
2024-09-21 03:35:00,1726889700000,0.3997,0.4004,0.3996,0.4002,18187.9
2024-09-21 03:40:00,1726890000000,0.4002,0.4002,0.3992,0.3992,24095.3
2024-09-21 03:45:00,1726890300000,0.3992,0.3999,0.3991,0.3994,73434.9
2024-09-21 03:50:00,1726890600000,0.3993,0.3993,0.3988,0.3989,35732.8
2024-09-21 03:55:00,1726890900000,0.3989,0.3995,0.3986,0.3987,67039.2
2024-09-21 04:00:00,1726891200000,0.3986,0.3991,0.3985,0.3985,41174.3
2024-09-21 04:05:00,1726891500000,0.3987,0.3989,0.3984,0.3985,34336.2
2024-09-21 04:10:00,1726891800000,0.3986,0.3986,0.3979,0.398,44192.9
2024-09-21 04:15:00,1726892100000,0.3981,0.3986,0.398,0.3985,97983.3
2024-09-21 04:20:00,1726892400000,0.3986,0.3987,0.3973,0.3976,105845.5
2024-09-21 04:25:00,1726892700000,0.3975,0.3982,0.3974,0.3982,23300.9
2024-09-21 04:30:00,1726893000000,0.3981,0.3981,0.3964,0.3964,159481.7
2024-09-21 04:35:00,1726893300000,0.3964,0.3965,0.3961,0.3962,74132.9
2024-09-21 04:40:00,1726893600000,0.3962,0.3969,0.3961,0.3961,94841.1
2024-09-21 04:45:00,1726893900000,0.3961,0.3966,0.396,0.3962,54030.3
2024-09-21 04:50:00,1726894200000,0.3963,0.3965,0.396,0.3965,25119.1
2024-09-21 04:55:00,1726894500000,0.3965,0.3971,0.3965,0.3968,44978.7
2024-09-21 05:00:00,1726894800000,0.397,0.3972,0.3966,0.3968,18121.2
2024-09-21 05:05:00,1726895100000,0.3968,0.3968,0.396,0.3966,44687.9
2024-09-21 05:10:00,1726895400000,0.3967,0.3975,0.3967,0.3973,29510.7
2024-09-21 05:15:00,1726895700000,0.3971,0.3973,0.3969,0.3972,15704.4
2024-09-21 05:20:00,1726896000000,0.3972,0.3975,0.397,0.397,44877.2
2024-09-21 05:25:00,1726896300000,0.397,0.3975,0.3969,0.3973,19651.4
2024-09-21 05:30:00,1726896600000,0.3972,0.3978,0.3972,0.3977,55071.6
2024-09-21 05:35:00,1726896900000,0.3975,0.3978,0.3972,0.3978,26240.8
2024-09-21 05:40:00,1726897200000,0.3977,0.398,0.3976,0.3976,22473.9
2024-09-21 05:45:00,1726897500000,0.3977,0.3981,0.3976,0.3977,16626.5
2024-09-21 05:50:00,1726897800000,0.3976,0.3979,0.3975,0.3978,9254.5
2024-09-21 05:55:00,1726898100000,0.3978,0.398,0.3977,0.3978,29156.1
2024-09-21 06:00:00,1726898400000,0.3979,0.3987,0.3979,0.3986,71696.3
2024-09-21 06:05:00,1726898700000,0.3986,0.3989,0.3984,0.3989,19710.0
2024-09-21 06:10:00,1726899000000,0.399,0.4,0.399,0.4,160036.2
2024-09-21 06:15:00,1726899300000,0.4,0.4,0.3993,0.3999,89034.8
2024-09-21 06:20:00,1726899600000,0.3996,0.3998,0.3994,0.3996,33897.8
2024-09-21 06:25:00,1726899900000,0.3996,0.4,0.3996,0.3998,40883.4
2024-09-21 06:30:00,1726900200000,0.3998,0.3999,0.3994,0.3998,61551.5
2024-09-21 06:35:00,1726900500000,0.3998,0.4002,0.3997,0.3999,62649.6
2024-09-21 06:40:00,1726900800000,0.4,0.4001,0.3991,0.3995,391436.7
2024-09-21 06:45:00,1726901100000,0.3995,0.3998,0.3994,0.3996,52806.0
2024-09-21 06:50:00,1726901400000,0.3996,0.3997,0.399,0.399,114317.6
2024-09-21 06:55:00,1726901700000,0.3991,0.3993,0.3989,0.3992,75160.9
2024-09-21 07:00:00,1726902000000,0.3992,0.3998,0.3992,0.3997,27770.5
2024-09-21 07:05:00,1726902300000,0.3995,0.3996,0.3988,0.3989,102034.6
2024-09-21 07:10:00,1726902600000,0.3989,0.3995,0.3989,0.3993,160908.2
2024-09-21 07:15:00,1726902900000,0.3993,0.3998,0.399,0.3991,44716.2
2024-09-21 07:20:00,1726903200000,0.3991,0.3994,0.3991,0.3993,24387.1
2024-09-21 07:25:00,1726903500000,0.3992,0.3997,0.3991,0.3992,46816.6
2024-09-21 07:30:00,1726903800000,0.3993,0.3996,0.3991,0.3993,18331.1
2024-09-21 07:35:00,1726904100000,0.3994,0.3994,0.3989,0.3993,32583.9
2024-09-21 07:40:00,1726904400000,0.3992,0.3996,0.3992,0.3993,17988.6
2024-09-21 07:45:00,1726904700000,0.3992,0.3999,0.3992,0.3998,65619.1
2024-09-21 07:50:00,1726905000000,0.3998,0.3999,0.3996,0.3999,17122.5
2024-09-21 07:55:00,1726905300000,0.3998,0.4004,0.3997,0.4004,91210.0
2024-09-21 08:00:00,1726905600000,0.4004,0.4014,0.4002,0.4002,203777.6
2024-09-21 08:05:00,1726905900000,0.4003,0.4008,0.4003,0.4006,36907.8
2024-09-21 08:10:00,1726906200000,0.4008,0.401,0.4006,0.4008,28777.5
2024-09-21 08:15:00,1726906500000,0.4009,0.4014,0.4006,0.4011,165603.2
2024-09-21 08:20:00,1726906800000,0.4012,0.4018,0.4011,0.4015,189478.1
2024-09-21 08:25:00,1726907100000,0.4015,0.4015,0.4008,0.4008,80690.4
2024-09-21 08:30:00,1726907400000,0.4008,0.4008,0.3998,0.4001,201794.2
2024-09-21 08:35:00,1726907700000,0.4,0.4001,0.3999,0.3999,89686.7
2024-09-21 08:40:00,1726908000000,0.4,0.4009,0.4,0.4005,109576.8
2024-09-21 08:45:00,1726908300000,0.4005,0.4005,0.3999,0.3999,37684.6
2024-09-21 08:50:00,1726908600000,0.3999,0.4002,0.3998,0.3999,90466.1
2024-09-21 08:55:00,1726908900000,0.3999,0.4002,0.3997,0.3997,50348.5
2024-09-21 09:00:00,1726909200000,0.3997,0.3998,0.3992,0.3998,53268.8
2024-09-21 09:05:00,1726909500000,0.3998,0.4007,0.3998,0.4,163188.7
2024-09-21 09:10:00,1726909800000,0.3999,0.4004,0.3997,0.4002,47457.7
2024-09-21 09:15:00,1726910100000,0.4002,0.4004,0.3999,0.4004,34096.5
2024-09-21 09:20:00,1726910400000,0.4004,0.4014,0.4004,0.4011,139373.4
2024-09-21 09:25:00,1726910700000,0.4012,0.4014,0.401,0.4013,53401.9
2024-09-21 09:30:00,1726911000000,0.4013,0.4021,0.4012,0.4012,280948.6
2024-09-21 09:35:00,1726911300000,0.4013,0.4021,0.4011,0.4017,248850.6
2024-09-21 09:40:00,1726911600000,0.4016,0.4018,0.4015,0.4015,45123.5
2024-09-21 09:45:00,1726911900000,0.4016,0.4017,0.4007,0.4007,99053.6
2024-09-21 09:50:00,1726912200000,0.4007,0.4007,0.4005,0.4007,17251.9
2024-09-21 09:55:00,1726912500000,0.4007,0.4012,0.4007,0.4012,35020.0
2024-09-21 10:00:00,1726912800000,0.4013,0.4013,0.4008,0.401,34389.7
2024-09-21 10:05:00,1726913100000,0.401,0.401,0.4007,0.4007,32827.5
2024-09-21 10:10:00,1726913400000,0.4008,0.4013,0.4007,0.4012,86159.0
2024-09-21 10:15:00,1726913700000,0.4012,0.4012,0.4004,0.4008,119288.4
2024-09-21 10:20:00,1726914000000,0.4008,0.4009,0.4002,0.4002,26821.6
2024-09-21 10:25:00,1726914300000,0.4002,0.4003,0.4001,0.4003,17761.0
2024-09-21 10:30:00,1726914600000,0.4002,0.4005,0.4002,0.4003,14594.2
2024-09-21 10:35:00,1726914900000,0.4002,0.4005,0.4001,0.4002,32149.2
2024-09-21 10:40:00,1726915200000,0.4002,0.4004,0.4002,0.4002,41576.0
2024-09-21 10:45:00,1726915500000,0.4002,0.4003,0.4,0.4001,18234.7
2024-09-21 10:50:00,1726915800000,0.4001,0.4003,0.3999,0.4,12634.2
2024-09-21 10:55:00,1726916100000,0.4,0.4002,0.3999,0.4,23552.7
2024-09-21 11:00:00,1726916400000,0.4,0.4003,0.3997,0.4001,52792.3
2024-09-21 11:05:00,1726916700000,0.4001,0.4001,0.4,0.4001,17455.6
2024-09-21 11:10:00,1726917000000,0.4,0.401,0.3998,0.4007,57998.0
2024-09-21 11:15:00,1726917300000,0.4008,0.4011,0.4004,0.4004,121395.7
2024-09-21 11:20:00,1726917600000,0.4004,0.4006,0.4003,0.4003,49946.8
2024-09-21 11:25:00,1726917900000,0.4003,0.4005,0.4001,0.4005,34887.8
2024-09-21 11:30:00,1726918200000,0.4005,0.4006,0.4004,0.4005,11502.9
2024-09-21 11:35:00,1726918500000,0.4005,0.4006,0.4003,0.4004,27241.3
2024-09-21 11:40:00,1726918800000,0.4003,0.4009,0.4003,0.4008,52277.4
2024-09-21 11:45:00,1726919100000,0.4008,0.4009,0.4004,0.4007,54110.2
2024-09-21 11:50:00,1726919400000,0.4008,0.4011,0.4008,0.401,35716.1
2024-09-21 11:55:00,1726919700000,0.401,0.4012,0.4009,0.4012,42456.1
2024-09-21 12:00:00,1726920000000,0.4013,0.4017,0.4009,0.4009,63656.0
2024-09-21 12:05:00,1726920300000,0.4009,0.4017,0.4009,0.4016,96333.7
2024-09-21 12:10:00,1726920600000,0.4017,0.4019,0.4012,0.4014,92550.3
2024-09-21 12:15:00,1726920900000,0.4016,0.4016,0.4012,0.4014,84392.2
2024-09-21 12:20:00,1726921200000,0.4014,0.4014,0.401,0.4014,25905.5
2024-09-21 12:25:00,1726921500000,0.4015,0.4015,0.4006,0.4008,81205.7
2024-09-21 12:30:00,1726921800000,0.4008,0.401,0.4007,0.4009,24270.9
2024-09-21 12:35:00,1726922100000,0.4008,0.4009,0.4007,0.4008,42961.5
2024-09-21 12:40:00,1726922400000,0.4008,0.4045,0.4007,0.4028,742354.2
2024-09-21 12:45:00,1726922700000,0.4028,0.4049,0.4025,0.4044,460469.3
2024-09-21 12:50:00,1726923000000,0.4044,0.405,0.4042,0.4049,180254.5
2024-09-21 12:55:00,1726923300000,0.4049,0.405,0.4048,0.405,180176.5
2024-09-21 13:00:00,1726923600000,0.405,0.405,0.4047,0.4049,227334.7
2024-09-21 13:05:00,1726923900000,0.4049,0.405,0.4046,0.4049,91574.5
2024-09-21 13:10:00,1726924200000,0.4049,0.4049,0.404,0.4041,79130.1
2024-09-21 13:15:00,1726924500000,0.4042,0.4048,0.4041,0.4048,74279.9
2024-09-21 13:20:00,1726924800000,0.4047,0.4055,0.4047,0.4053,198513.8
2024-09-21 13:25:00,1726925100000,0.4053,0.4053,0.4047,0.4051,61569.3
2024-09-21 13:30:00,1726925400000,0.4052,0.4052,0.4047,0.4048,53374.1
2024-09-21 13:35:00,1726925700000,0.4048,0.4048,0.404,0.4043,116499.8
2024-09-21 13:40:00,1726926000000,0.4043,0.4048,0.4042,0.4047,68465.3
2024-09-21 13:45:00,1726926300000,0.4047,0.4054,0.4046,0.4048,148689.8
2024-09-21 13:50:00,1726926600000,0.4048,0.4057,0.4047,0.4053,214222.2
2024-09-21 13:55:00,1726926900000,0.4054,0.4061,0.4051,0.4061,117518.5
2024-09-21 14:00:00,1726927200000,0.4062,0.4076,0.4059,0.4071,185073.5
2024-09-21 14:05:00,1726927500000,0.4071,0.4078,0.4069,0.4076,135205.6
2024-09-21 14:10:00,1726927800000,0.4076,0.4078,0.4073,0.4077,52490.1
2024-09-21 14:15:00,1726928100000,0.4078,0.408,0.4077,0.4079,177438.3
2024-09-21 14:20:00,1726928400000,0.4079,0.4083,0.4074,0.4078,152301.0
2024-09-21 14:25:00,1726928700000,0.4078,0.408,0.407,0.407,94787.3
2024-09-21 14:30:00,1726929000000,0.4071,0.408,0.407,0.4079,77869.1
2024-09-21 14:35:00,1726929300000,0.408,0.408,0.4075,0.4079,142925.7
2024-09-21 14:40:00,1726929600000,0.4079,0.4086,0.4078,0.4084,106451.8
2024-09-21 14:45:00,1726929900000,0.4084,0.4085,0.4078,0.408,82737.5
2024-09-21 14:50:00,1726930200000,0.408,0.4082,0.4078,0.4079,69232.3
2024-09-21 14:55:00,1726930500000,0.408,0.4081,0.4077,0.408,70313.3
2024-09-21 15:00:00,1726930800000,0.408,0.408,0.407,0.4071,150171.6
2024-09-21 15:05:00,1726931100000,0.4071,0.4072,0.4068,0.4068,156013.4
2024-09-21 15:10:00,1726931400000,0.4068,0.4068,0.4052,0.4055,281060.5
2024-09-21 15:15:00,1726931700000,0.4055,0.4061,0.405,0.4061,147697.3
2024-09-21 15:20:00,1726932000000,0.4059,0.4063,0.4059,0.4063,50351.3
2024-09-21 15:25:00,1726932300000,0.4063,0.4069,0.4063,0.4068,39552.1
2024-09-21 15:30:00,1726932600000,0.4068,0.4069,0.4056,0.4059,139681.6
2024-09-21 15:35:00,1726932900000,0.4058,0.406,0.4056,0.4058,53883.4
2024-09-21 15:40:00,1726933200000,0.4058,0.4062,0.4057,0.4061,55585.1
2024-09-21 15:45:00,1726933500000,0.4061,0.4064,0.4061,0.4063,43271.5
2024-09-21 15:50:00,1726933800000,0.4064,0.407,0.4063,0.4069,49586.7
2024-09-21 15:55:00,1726934100000,0.4069,0.407,0.4063,0.4067,77055.2
2024-09-21 16:00:00,1726934400000,0.4067,0.4079,0.4067,0.4078,200816.4
2024-09-21 16:05:00,1726934700000,0.4077,0.4077,0.4071,0.4072,108037.5
2024-09-21 16:10:00,1726935000000,0.4072,0.4072,0.4066,0.4069,221577.4
2024-09-21 16:15:00,1726935300000,0.4069,0.407,0.4064,0.4066,103373.2
2024-09-21 16:20:00,1726935600000,0.4065,0.4066,0.4054,0.4056,78120.1
2024-09-21 16:25:00,1726935900000,0.4056,0.4061,0.4055,0.4057,53383.3
2024-09-21 16:30:00,1726936200000,0.4059,0.4065,0.4057,0.4063,46947.7
2024-09-21 16:35:00,1726936500000,0.4064,0.4066,0.4062,0.4063,101277.9
2024-09-21 16:40:00,1726936800000,0.4063,0.4067,0.4062,0.4063,57031.3
2024-09-21 16:45:00,1726937100000,0.4064,0.407,0.4063,0.4069,69680.6
2024-09-21 16:50:00,1726937400000,0.4068,0.4072,0.4068,0.4071,35499.1
2024-09-21 16:55:00,1726937700000,0.407,0.4071,0.4067,0.407,42008.5
2024-09-21 17:00:00,1726938000000,0.4069,0.4071,0.4064,0.4068,42305.5
2024-09-21 17:05:00,1726938300000,0.4068,0.4075,0.4067,0.4072,39776.6
2024-09-21 17:10:00,1726938600000,0.4072,0.4072,0.4064,0.4067,124228.9
2024-09-21 17:15:00,1726938900000,0.4067,0.4074,0.4067,0.407,177851.1
2024-09-21 17:20:00,1726939200000,0.4071,0.4072,0.4069,0.4069,20320.9
2024-09-21 17:25:00,1726939500000,0.407,0.4072,0.4069,0.4071,61760.4
2024-09-21 17:30:00,1726939800000,0.4071,0.4075,0.4071,0.4073,93348.3
2024-09-21 17:35:00,1726940100000,0.4073,0.4074,0.4072,0.4073,37708.4
2024-09-21 17:40:00,1726940400000,0.4072,0.4074,0.4072,0.4072,31140.7
2024-09-21 17:45:00,1726940700000,0.4073,0.4073,0.407,0.4073,32238.7
2024-09-21 17:50:00,1726941000000,0.4073,0.4079,0.4072,0.4079,176838.0
2024-09-21 17:55:00,1726941300000,0.4079,0.4079,0.4077,0.4079,18265.9
2024-09-21 18:00:00,1726941600000,0.4079,0.4079,0.4073,0.4074,45637.6
2024-09-21 18:05:00,1726941900000,0.4074,0.4077,0.4072,0.4077,35896.6
2024-09-21 18:10:00,1726942200000,0.4077,0.4079,0.4076,0.4077,58106.2
2024-09-21 18:15:00,1726942500000,0.4076,0.4077,0.4071,0.4071,44089.3
2024-09-21 18:20:00,1726942800000,0.4072,0.4074,0.4071,0.4072,73427.5
2024-09-21 18:25:00,1726943100000,0.4072,0.4073,0.407,0.4073,19786.8
2024-09-21 18:30:00,1726943400000,0.4072,0.4074,0.4072,0.4073,21784.2
2024-09-21 18:35:00,1726943700000,0.4072,0.4073,0.407,0.407,47188.0
2024-09-21 18:40:00,1726944000000,0.4071,0.4073,0.407,0.407,78674.1
2024-09-21 18:45:00,1726944300000,0.4071,0.4072,0.407,0.4071,17135.9
2024-09-21 18:50:00,1726944600000,0.407,0.4071,0.4062,0.4063,75832.9
2024-09-21 18:55:00,1726944900000,0.4064,0.407,0.4064,0.407,39492.1
2024-09-21 19:00:00,1726945200000,0.4069,0.4072,0.4068,0.407,20776.5
2024-09-21 19:05:00,1726945500000,0.407,0.4074,0.4069,0.4073,38536.2
2024-09-21 19:10:00,1726945800000,0.4073,0.4077,0.4073,0.4074,107575.4
2024-09-21 19:15:00,1726946100000,0.4075,0.4078,0.4074,0.4078,14856.1
2024-09-21 19:20:00,1726946400000,0.4077,0.4078,0.4071,0.4072,78644.6
2024-09-21 19:25:00,1726946700000,0.4072,0.4076,0.4071,0.4076,66187.7
2024-09-21 19:30:00,1726947000000,0.4076,0.4076,0.4073,0.4074,34310.8
2024-09-21 19:35:00,1726947300000,0.4073,0.4078,0.4073,0.4077,42936.7
2024-09-21 19:40:00,1726947600000,0.4078,0.4079,0.4076,0.4076,36253.6
2024-09-21 19:45:00,1726947900000,0.4077,0.4078,0.4075,0.4076,21571.9
2024-09-21 19:50:00,1726948200000,0.4075,0.4079,0.4075,0.4079,71891.8
2024-09-21 19:55:00,1726948500000,0.4077,0.4092,0.4077,0.4085,167067.0
2024-09-21 20:00:00,1726948800000,0.4085,0.4087,0.4083,0.4084,53047.3
2024-09-21 20:05:00,1726949100000,0.4084,0.4084,0.408,0.408,77890.9
2024-09-21 20:10:00,1726949400000,0.408,0.4081,0.408,0.408,15176.5
2024-09-21 20:15:00,1726949700000,0.408,0.4081,0.4076,0.4079,318136.2
2024-09-21 20:20:00,1726950000000,0.4079,0.4079,0.4077,0.4077,7569.0
2024-09-21 20:25:00,1726950300000,0.4077,0.4081,0.4075,0.4081,44843.0
2024-09-21 20:30:00,1726950600000,0.4082,0.4085,0.4081,0.4084,35144.2
2024-09-21 20:35:00,1726950900000,0.4085,0.4085,0.408,0.4082,78604.0
2024-09-21 20:40:00,1726951200000,0.4082,0.4083,0.4081,0.4082,14120.8
2024-09-21 20:45:00,1726951500000,0.4082,0.4082,0.4081,0.4082,19753.0
2024-09-21 20:50:00,1726951800000,0.4081,0.4082,0.4077,0.4077,33770.0
2024-09-21 20:55:00,1726952100000,0.4077,0.4077,0.4075,0.4075,25934.4
2024-09-21 21:00:00,1726952400000,0.4075,0.4076,0.407,0.4071,68290.7
2024-09-21 21:05:00,1726952700000,0.4071,0.4071,0.4069,0.4069,102200.1
2024-09-21 21:10:00,1726953000000,0.4069,0.4073,0.4068,0.4073,43986.9
2024-09-21 21:15:00,1726953300000,0.4073,0.4074,0.407,0.4074,74733.6
2024-09-21 21:20:00,1726953600000,0.4074,0.4081,0.4073,0.4079,258908.2
2024-09-21 21:25:00,1726953900000,0.4078,0.4079,0.407,0.4072,52280.4
2024-09-21 21:30:00,1726954200000,0.4072,0.4072,0.4069,0.407,36433.3
2024-09-21 21:35:00,1726954500000,0.4069,0.407,0.4066,0.4067,23064.8
2024-09-21 21:40:00,1726954800000,0.4067,0.4067,0.406,0.4061,63295.0
2024-09-21 21:45:00,1726955100000,0.406,0.4061,0.4059,0.4059,33860.4
2024-09-21 21:50:00,1726955400000,0.4059,0.406,0.4057,0.4057,19903.6
2024-09-21 21:55:00,1726955700000,0.4058,0.406,0.4057,0.4058,19580.8
2024-09-21 22:00:00,1726956000000,0.4059,0.4061,0.4056,0.4061,56668.9
2024-09-21 22:05:00,1726956300000,0.4061,0.4061,0.4056,0.4059,93330.0
2024-09-21 22:10:00,1726956600000,0.4058,0.4058,0.4054,0.4056,127262.4
2024-09-21 22:15:00,1726956900000,0.4056,0.4056,0.405,0.4052,87916.2
2024-09-21 22:20:00,1726957200000,0.4051,0.4055,0.4051,0.4055,55409.5
2024-09-21 22:25:00,1726957500000,0.4053,0.4054,0.4051,0.4052,34129.2
2024-09-21 22:30:00,1726957800000,0.4053,0.4061,0.4052,0.406,49966.2
2024-09-21 22:35:00,1726958100000,0.4058,0.406,0.4057,0.406,33388.9
2024-09-21 22:40:00,1726958400000,0.406,0.4066,0.406,0.4065,30976.8
2024-09-21 22:45:00,1726958700000,0.4066,0.4072,0.4066,0.4072,48716.0
2024-09-21 22:50:00,1726959000000,0.4071,0.4078,0.4071,0.4078,76685.4
2024-09-21 22:55:00,1726959300000,0.4078,0.4078,0.4073,0.4077,56020.3
2024-09-21 23:00:00,1726959600000,0.4075,0.4077,0.4072,0.4076,47173.2
2024-09-21 23:05:00,1726959900000,0.4076,0.4078,0.4072,0.4073,57599.8
2024-09-21 23:10:00,1726960200000,0.4073,0.4075,0.4069,0.4071,52609.8
2024-09-21 23:15:00,1726960500000,0.407,0.4085,0.407,0.4085,128921.3
2024-09-21 23:20:00,1726960800000,0.4084,0.409,0.4078,0.4078,190405.0
2024-09-21 23:25:00,1726961100000,0.4078,0.4085,0.4078,0.4084,49301.9
2024-09-21 23:30:00,1726961400000,0.4082,0.4086,0.4077,0.4084,84975.3
2024-09-21 23:35:00,1726961700000,0.4084,0.4091,0.4084,0.4091,82601.8
2024-09-21 23:40:00,1726962000000,0.409,0.4103,0.409,0.4098,438678.4
2024-09-21 23:45:00,1726962300000,0.4097,0.4111,0.4094,0.411,249985.1
2024-09-21 23:50:00,1726962600000,0.411,0.4117,0.4109,0.411,249970.9
2024-09-21 23:55:00,1726962900000,0.411,0.4116,0.411,0.4115,80143.0
2024-09-22 00:00:00,1726963200000,0.4115,0.4115,0.4097,0.4097,371855.8
2024-09-22 00:05:00,1726963500000,0.4097,0.4113,0.4096,0.4109,330481.7
2024-09-22 00:10:00,1726963800000,0.4108,0.4109,0.4098,0.4098,464246.1
2024-09-22 00:15:00,1726964100000,0.4098,0.4107,0.4089,0.4096,230672.0
2024-09-22 00:20:00,1726964400000,0.4095,0.4096,0.4084,0.4085,125965.2
2024-09-22 00:25:00,1726964700000,0.4084,0.4087,0.4079,0.4079,58661.4
2024-09-22 00:30:00,1726965000000,0.4078,0.4083,0.4074,0.4078,151640.1
2024-09-22 00:35:00,1726965300000,0.4079,0.408,0.4073,0.4074,96500.7
2024-09-22 00:40:00,1726965600000,0.4075,0.4076,0.407,0.4073,75938.9
2024-09-22 00:45:00,1726965900000,0.4074,0.4086,0.4074,0.4083,88574.4
2024-09-22 00:50:00,1726966200000,0.4083,0.4085,0.4079,0.4084,81794.3
2024-09-22 00:55:00,1726966500000,0.4083,0.409,0.4083,0.4088,56276.4
2024-09-22 01:00:00,1726966800000,0.4087,0.4092,0.4085,0.409,104658.9
2024-09-22 01:05:00,1726967100000,0.409,0.4094,0.4086,0.409,118680.8
2024-09-22 01:10:00,1726967400000,0.409,0.409,0.4085,0.4087,48289.6
2024-09-22 01:15:00,1726967700000,0.4086,0.4086,0.4075,0.4079,60567.9
2024-09-22 01:20:00,1726968000000,0.4079,0.4088,0.4079,0.4084,73563.5
2024-09-22 01:25:00,1726968300000,0.4085,0.4085,0.4077,0.4077,26418.7
2024-09-22 01:30:00,1726968600000,0.4077,0.4081,0.4074,0.4078,85416.7
2024-09-22 01:35:00,1726968900000,0.4078,0.4079,0.4074,0.4076,49146.9
2024-09-22 01:40:00,1726969200000,0.4075,0.4088,0.4075,0.4086,184397.4
2024-09-22 01:45:00,1726969500000,0.4086,0.4101,0.4086,0.41,332675.7
2024-09-22 01:50:00,1726969800000,0.4099,0.4105,0.4097,0.4101,365471.6
2024-09-22 01:55:00,1726970100000,0.4101,0.411,0.4101,0.4102,268397.1
2024-09-22 02:00:00,1726970400000,0.4101,0.4106,0.41,0.41,102042.4
2024-09-22 02:05:00,1726970700000,0.41,0.4103,0.407,0.4073,832684.0
2024-09-22 02:10:00,1726971000000,0.4074,0.4076,0.4057,0.4066,278009.1
2024-09-22 02:15:00,1726971300000,0.4066,0.4071,0.4054,0.4054,149081.2
2024-09-22 02:20:00,1726971600000,0.4054,0.4065,0.4053,0.4064,91656.3
2024-09-22 02:25:00,1726971900000,0.4064,0.4065,0.4056,0.4064,76497.7
2024-09-22 02:30:00,1726972200000,0.4065,0.4066,0.4052,0.4056,228626.2
2024-09-22 02:35:00,1726972500000,0.4056,0.4056,0.4051,0.4054,136210.7
2024-09-22 02:40:00,1726972800000,0.4055,0.406,0.4049,0.4051,82174.3
2024-09-22 02:45:00,1726973100000,0.405,0.405,0.404,0.4042,144802.6
2024-09-22 02:50:00,1726973400000,0.404,0.4047,0.4039,0.4044,121935.0
2024-09-22 02:55:00,1726973700000,0.4045,0.4053,0.4044,0.405,44922.7
2024-09-22 03:00:00,1726974000000,0.405,0.4051,0.4042,0.405,153870.3
2024-09-22 03:05:00,1726974300000,0.405,0.4061,0.4049,0.4056,157025.9
2024-09-22 03:10:00,1726974600000,0.4056,0.4066,0.4055,0.4061,149675.0
2024-09-22 03:15:00,1726974900000,0.4062,0.4069,0.4059,0.4069,71078.7
2024-09-22 03:20:00,1726975200000,0.4069,0.4071,0.4067,0.4069,69288.2
2024-09-22 03:25:00,1726975500000,0.4069,0.407,0.4061,0.4063,54865.5
2024-09-22 03:30:00,1726975800000,0.4063,0.4063,0.4055,0.4055,90306.9
2024-09-22 03:35:00,1726976100000,0.4056,0.4057,0.4049,0.4053,26493.7
2024-09-22 03:40:00,1726976400000,0.4056,0.4063,0.4056,0.4062,20436.0
2024-09-22 03:45:00,1726976700000,0.4061,0.4063,0.4059,0.4061,71198.9
2024-09-22 03:50:00,1726977000000,0.4062,0.4062,0.4055,0.4057,72182.5
2024-09-22 03:55:00,1726977300000,0.4056,0.4063,0.4055,0.4062,54375.9
2024-09-22 04:00:00,1726977600000,0.4061,0.4065,0.4055,0.4064,137058.7
2024-09-22 04:05:00,1726977900000,0.4064,0.4065,0.4059,0.406,58418.9
2024-09-22 04:10:00,1726978200000,0.406,0.4064,0.4059,0.4063,28518.7
2024-09-22 04:15:00,1726978500000,0.4063,0.4065,0.4058,0.4058,96032.5
2024-09-22 04:20:00,1726978800000,0.4058,0.4059,0.4054,0.4057,73322.9
2024-09-22 04:25:00,1726979100000,0.4056,0.4058,0.4055,0.4057,22292.4
2024-09-22 04:30:00,1726979400000,0.4057,0.4062,0.4054,0.4058,50288.7
2024-09-22 04:35:00,1726979700000,0.4057,0.406,0.4054,0.4058,28064.3
2024-09-22 04:40:00,1726980000000,0.4057,0.4062,0.4057,0.406,76186.9
2024-09-22 04:45:00,1726980300000,0.4061,0.4063,0.4057,0.4057,76123.6
2024-09-22 04:50:00,1726980600000,0.4057,0.4063,0.4057,0.4062,33629.5
2024-09-22 04:55:00,1726980900000,0.4061,0.4062,0.4056,0.4056,27995.1
2024-09-22 05:00:00,1726981200000,0.4056,0.4057,0.4053,0.4053,21411.9
2024-09-22 05:05:00,1726981500000,0.4053,0.4054,0.4044,0.4044,68466.7
2024-09-22 05:10:00,1726981800000,0.4045,0.4046,0.4034,0.4036,128866.2
2024-09-22 05:15:00,1726982100000,0.4035,0.4038,0.402,0.4027,475262.0
2024-09-22 05:20:00,1726982400000,0.4027,0.403,0.4025,0.4028,45805.1
2024-09-22 05:25:00,1726982700000,0.4028,0.403,0.4025,0.403,50997.1
2024-09-22 05:30:00,1726983000000,0.4031,0.4037,0.403,0.4036,65189.6
2024-09-22 05:35:00,1726983300000,0.4036,0.4037,0.4035,0.4036,11384.7
2024-09-22 05:40:00,1726983600000,0.4035,0.4037,0.4029,0.4031,138948.1
2024-09-22 05:45:00,1726983900000,0.4031,0.4035,0.4031,0.4032,25213.3
2024-09-22 05:50:00,1726984200000,0.4031,0.4032,0.4028,0.4028,32057.8
2024-09-22 05:55:00,1726984500000,0.4028,0.4029,0.4024,0.4026,80127.1
2024-09-22 06:00:00,1726984800000,0.4024,0.4034,0.4024,0.4033,34491.6
2024-09-22 06:05:00,1726985100000,0.4034,0.4036,0.4032,0.4032,22748.7
2024-09-22 06:10:00,1726985400000,0.4034,0.4034,0.403,0.403,36361.5
2024-09-22 06:15:00,1726985700000,0.4031,0.4034,0.4031,0.4032,53001.8
2024-09-22 06:20:00,1726986000000,0.4033,0.4035,0.4032,0.4034,33268.5
2024-09-22 06:25:00,1726986300000,0.4033,0.4033,0.403,0.4032,43506.1
2024-09-22 06:30:00,1726986600000,0.4032,0.4032,0.403,0.403,34662.5
2024-09-22 06:35:00,1726986900000,0.403,0.403,0.4025,0.4028,54185.9
2024-09-22 06:40:00,1726987200000,0.4029,0.4032,0.4028,0.4028,48535.1
2024-09-22 06:45:00,1726987500000,0.4027,0.4028,0.4014,0.4018,182653.0
2024-09-22 06:50:00,1726987800000,0.4018,0.4019,0.4006,0.4011,264002.6
2024-09-22 06:55:00,1726988100000,0.4011,0.4012,0.4009,0.4011,66219.7
2024-09-22 07:00:00,1726988400000,0.4011,0.4012,0.4006,0.4008,137424.4
2024-09-22 07:05:00,1726988700000,0.4009,0.4009,0.4007,0.4009,32876.8
2024-09-22 07:10:00,1726989000000,0.4009,0.4011,0.4008,0.401,53173.8
2024-09-22 07:15:00,1726989300000,0.4009,0.401,0.4006,0.401,37213.4
2024-09-22 07:20:00,1726989600000,0.4009,0.4011,0.4009,0.401,50654.7
2024-09-22 07:25:00,1726989900000,0.4011,0.4011,0.4007,0.4008,103755.5
2024-09-22 07:30:00,1726990200000,0.4009,0.401,0.4008,0.4009,44639.8
2024-09-22 07:35:00,1726990500000,0.401,0.4011,0.4006,0.4008,763895.3
2024-09-22 07:40:00,1726990800000,0.4007,0.4011,0.4007,0.401,71741.4
2024-09-22 07:45:00,1726991100000,0.4011,0.4011,0.4006,0.401,82880.6
2024-09-22 07:50:00,1726991400000,0.4011,0.4019,0.401,0.4019,141657.6
2024-09-22 07:55:00,1726991700000,0.402,0.4023,0.402,0.4023,47127.1
2024-09-22 08:00:00,1726992000000,0.4022,0.4032,0.4019,0.4031,117981.0
2024-09-22 08:05:00,1726992300000,0.403,0.4033,0.4028,0.403,42629.0
2024-09-22 08:10:00,1726992600000,0.4031,0.4036,0.4031,0.4034,54091.1
2024-09-22 08:15:00,1726992900000,0.4035,0.4046,0.4035,0.4046,106692.6
2024-09-22 08:20:00,1726993200000,0.4045,0.4049,0.4045,0.4049,81487.3
2024-09-22 08:25:00,1726993500000,0.4049,0.4054,0.4042,0.4053,145228.3
2024-09-22 08:30:00,1726993800000,0.4054,0.4054,0.4044,0.4044,83777.9
2024-09-22 08:35:00,1726994100000,0.4043,0.4046,0.404,0.4046,45650.4
2024-09-22 08:40:00,1726994400000,0.4045,0.4053,0.4045,0.4052,68904.8
2024-09-22 08:45:00,1726994700000,0.4052,0.4055,0.4044,0.4046,235164.4
2024-09-22 08:50:00,1726995000000,0.4046,0.4049,0.4042,0.4042,95511.6
2024-09-22 08:55:00,1726995300000,0.4041,0.4051,0.4041,0.4048,56908.8
2024-09-22 09:00:00,1726995600000,0.405,0.4055,0.4047,0.4054,52381.7
2024-09-22 09:05:00,1726995900000,0.4053,0.4054,0.4045,0.4045,66051.4
2024-09-22 09:10:00,1726996200000,0.4043,0.4049,0.4041,0.4041,64226.3
2024-09-22 09:15:00,1726996500000,0.4041,0.4042,0.4016,0.4016,287450.7
2024-09-22 09:20:00,1726996800000,0.4018,0.4019,0.401,0.4013,127455.5
2024-09-22 09:25:00,1726997100000,0.4012,0.4016,0.4009,0.4015,105546.4
2024-09-22 09:30:00,1726997400000,0.4015,0.4021,0.4009,0.4021,83723.9
2024-09-22 09:35:00,1726997700000,0.4021,0.4026,0.4018,0.4022,77603.7
2024-09-22 09:40:00,1726998000000,0.4023,0.4023,0.4006,0.4007,182906.2
2024-09-22 09:45:00,1726998300000,0.4008,0.4009,0.4003,0.4005,119151.2
2024-09-22 09:50:00,1726998600000,0.4005,0.4013,0.4004,0.4011,93599.5
2024-09-22 09:55:00,1726998900000,0.4009,0.4009,0.4004,0.4008,50125.5
2024-09-22 10:00:00,1726999200000,0.4008,0.4016,0.4008,0.4015,29952.3
2024-09-22 10:05:00,1726999500000,0.4015,0.4039,0.4014,0.4018,373879.9
2024-09-22 10:10:00,1726999800000,0.4019,0.4019,0.4017,0.4019,13277.5
2024-09-22 10:15:00,1727000100000,0.4019,0.4022,0.4017,0.4018,92432.8
2024-09-22 10:20:00,1727000400000,0.4018,0.402,0.4016,0.4016,47498.8
2024-09-22 10:25:00,1727000700000,0.4016,0.403,0.4016,0.4023,76091.6
2024-09-22 10:30:00,1727001000000,0.4023,0.4023,0.4013,0.4015,50540.1
2024-09-22 10:35:00,1727001300000,0.4016,0.4024,0.4007,0.4007,74586.6
2024-09-22 10:40:00,1727001600000,0.4007,0.4008,0.4002,0.4008,154406.7
2024-09-22 10:45:00,1727001900000,0.4008,0.4009,0.3994,0.4002,342016.9
2024-09-22 10:50:00,1727002200000,0.4002,0.4005,0.4,0.4001,44597.7
2024-09-22 10:55:00,1727002500000,0.4001,0.4005,0.3995,0.3997,171525.3
2024-09-22 11:00:00,1727002800000,0.3996,0.4009,0.3995,0.3997,47244.5
2024-09-22 11:05:00,1727003100000,0.3995,0.3999,0.3991,0.3995,96257.6
2024-09-22 11:10:00,1727003400000,0.3995,0.4001,0.3993,0.3995,74442.6
2024-09-22 11:15:00,1727003700000,0.3997,0.4007,0.3991,0.4003,127514.9
2024-09-22 11:20:00,1727004000000,0.4004,0.4015,0.4004,0.4012,80945.7
2024-09-22 11:25:00,1727004300000,0.4012,0.4014,0.4004,0.4007,56767.6
2024-09-22 11:30:00,1727004600000,0.4007,0.4017,0.4005,0.4011,64960.9
2024-09-22 11:35:00,1727004900000,0.4011,0.4017,0.4009,0.4014,74763.8
2024-09-22 11:40:00,1727005200000,0.4014,0.4025,0.4011,0.4022,148194.5
2024-09-22 11:45:00,1727005500000,0.4024,0.4024,0.4017,0.4019,45939.3
2024-09-22 11:50:00,1727005800000,0.4018,0.4018,0.401,0.4011,99072.9
2024-09-22 11:55:00,1727006100000,0.4011,0.4017,0.4011,0.4015,26464.0
2024-09-22 12:00:00,1727006400000,0.4016,0.4018,0.4013,0.4017,44898.7
2024-09-22 12:05:00,1727006700000,0.4016,0.4018,0.4013,0.4013,34958.0
2024-09-22 12:10:00,1727007000000,0.4013,0.4015,0.4008,0.4013,111249.0
2024-09-22 12:15:00,1727007300000,0.4013,0.4018,0.4009,0.4011,47825.6
2024-09-22 12:20:00,1727007600000,0.401,0.4011,0.4004,0.401,109524.5
2024-09-22 12:25:00,1727007900000,0.401,0.401,0.4005,0.4008,63560.4
2024-09-22 12:30:00,1727008200000,0.4008,0.401,0.4005,0.4008,60718.1
2024-09-22 12:35:00,1727008500000,0.4009,0.4009,0.3999,0.4,98432.3
2024-09-22 12:40:00,1727008800000,0.4,0.4003,0.3999,0.4,62194.2
2024-09-22 12:45:00,1727009100000,0.4,0.4009,0.3999,0.4006,98282.2
2024-09-22 12:50:00,1727009400000,0.4006,0.4011,0.4003,0.401,74022.8
2024-09-22 12:55:00,1727009700000,0.401,0.4014,0.401,0.4012,21299.5
2024-09-22 13:00:00,1727010000000,0.4012,0.4016,0.4009,0.4013,91939.5
2024-09-22 13:05:00,1727010300000,0.4013,0.4014,0.4005,0.4006,78082.4
2024-09-22 13:10:00,1727010600000,0.4005,0.4016,0.4004,0.4015,94122.1
2024-09-22 13:15:00,1727010900000,0.4015,0.4017,0.4014,0.4016,46224.3
2024-09-22 13:20:00,1727011200000,0.4016,0.4016,0.4008,0.4008,48201.1
2024-09-22 13:25:00,1727011500000,0.4009,0.4013,0.4005,0.4007,32769.5
2024-09-22 13:30:00,1727011800000,0.4007,0.4007,0.3999,0.3999,53974.6
2024-09-22 13:35:00,1727012100000,0.3998,0.3999,0.3988,0.399,137759.6
2024-09-22 13:40:00,1727012400000,0.3988,0.3995,0.3984,0.3994,217095.8
2024-09-22 13:45:00,1727012700000,0.3992,0.3993,0.3982,0.3989,118571.7
2024-09-22 13:50:00,1727013000000,0.3987,0.3988,0.3983,0.3984,67297.2
2024-09-22 13:55:00,1727013300000,0.3985,0.3991,0.3984,0.3986,88556.3
2024-09-22 14:00:00,1727013600000,0.3985,0.3986,0.3982,0.3982,57682.3
2024-09-22 14:05:00,1727013900000,0.3983,0.3983,0.3977,0.3979,149599.0
2024-09-22 14:10:00,1727014200000,0.398,0.3993,0.398,0.3992,99087.5
2024-09-22 14:15:00,1727014500000,0.3992,0.4002,0.3992,0.4001,94968.0
2024-09-22 14:20:00,1727014800000,0.4,0.4001,0.399,0.399,104153.0
2024-09-22 14:25:00,1727015100000,0.399,0.3991,0.3983,0.3984,44730.4
2024-09-22 14:30:00,1727015400000,0.3984,0.3984,0.3972,0.3975,219090.3
2024-09-22 14:35:00,1727015700000,0.3976,0.3985,0.3976,0.3983,56686.4
2024-09-22 14:40:00,1727016000000,0.3979,0.398,0.3969,0.3971,88486.0
2024-09-22 14:45:00,1727016300000,0.3972,0.3983,0.3971,0.3981,68316.2
2024-09-22 14:50:00,1727016600000,0.3982,0.3982,0.3974,0.3974,74955.2
2024-09-22 14:55:00,1727016900000,0.3974,0.3978,0.3973,0.3977,69586.6
2024-09-22 15:00:00,1727017200000,0.3976,0.3983,0.3975,0.3982,63091.0
2024-09-22 15:05:00,1727017500000,0.3982,0.3983,0.3976,0.3976,90847.9
2024-09-22 15:10:00,1727017800000,0.3976,0.3976,0.3968,0.3973,70620.7
2024-09-22 15:15:00,1727018100000,0.3975,0.3981,0.3975,0.398,63662.1
2024-09-22 15:20:00,1727018400000,0.3981,0.3988,0.3981,0.3988,79643.6
2024-09-22 15:25:00,1727018700000,0.3988,0.3995,0.3986,0.3994,74695.5
2024-09-22 15:30:00,1727019000000,0.3995,0.3999,0.399,0.3998,46009.6
2024-09-22 15:35:00,1727019300000,0.3998,0.4,0.3987,0.3988,80082.6
2024-09-22 15:40:00,1727019600000,0.3987,0.3989,0.3983,0.3985,71458.5
2024-09-22 15:45:00,1727019900000,0.3985,0.399,0.3983,0.3987,38840.6
2024-09-22 15:50:00,1727020200000,0.3988,0.3988,0.3983,0.3988,63867.1
2024-09-22 15:55:00,1727020500000,0.3989,0.3993,0.3983,0.3987,39464.2
2024-09-22 16:00:00,1727020800000,0.3986,0.3988,0.3982,0.3985,32096.1
2024-09-22 16:05:00,1727021100000,0.3986,0.3988,0.3982,0.3985,63653.7
2024-09-22 16:10:00,1727021400000,0.3986,0.3988,0.3973,0.3974,156858.9
2024-09-22 16:15:00,1727021700000,0.3974,0.3977,0.3967,0.3977,84298.4
2024-09-22 16:20:00,1727022000000,0.3977,0.3977,0.3967,0.3974,63771.8
2024-09-22 16:25:00,1727022300000,0.3975,0.3988,0.3972,0.3985,68644.3
2024-09-22 16:30:00,1727022600000,0.3983,0.3985,0.3974,0.3984,80687.9
2024-09-22 16:35:00,1727022900000,0.3984,0.3987,0.3982,0.3987,61714.3
2024-09-22 16:40:00,1727023200000,0.3987,0.4001,0.3987,0.4,143278.0
2024-09-22 16:45:00,1727023500000,0.4,0.4001,0.3997,0.4001,68059.8
2024-09-22 16:50:00,1727023800000,0.4001,0.4001,0.3997,0.3998,27510.5
2024-09-22 16:55:00,1727024100000,0.3998,0.4,0.3992,0.3993,19778.9
2024-09-22 17:00:00,1727024400000,0.3993,0.4001,0.3993,0.3996,103130.5
2024-09-22 17:05:00,1727024700000,0.3996,0.4003,0.3995,0.4002,65432.9
2024-09-22 17:10:00,1727025000000,0.4002,0.4021,0.4001,0.4014,219098.7
2024-09-22 17:15:00,1727025300000,0.4014,0.4015,0.3999,0.4,91715.2
2024-09-22 17:20:00,1727025600000,0.4,0.4009,0.3998,0.4009,52084.5
2024-09-22 17:25:00,1727025900000,0.4008,0.4012,0.4005,0.4011,88568.4
2024-09-22 17:30:00,1727026200000,0.4012,0.4015,0.4011,0.4013,41819.6
2024-09-22 17:35:00,1727026500000,0.4013,0.402,0.4012,0.4012,81610.8
2024-09-22 17:40:00,1727026800000,0.4013,0.4016,0.4007,0.4009,120570.0
2024-09-22 17:45:00,1727027100000,0.401,0.4016,0.4008,0.4013,53861.8
2024-09-22 17:50:00,1727027400000,0.4013,0.4017,0.4012,0.4016,49874.8
2024-09-22 17:55:00,1727027700000,0.4016,0.4016,0.4011,0.4012,38164.8
2024-09-22 18:00:00,1727028000000,0.4012,0.4012,0.4007,0.4007,37026.4
2024-09-22 18:05:00,1727028300000,0.4007,0.4007,0.4002,0.4003,11107.9
2024-09-22 18:10:00,1727028600000,0.4004,0.4004,0.3992,0.3992,79646.6
2024-09-22 18:15:00,1727028900000,0.3993,0.3994,0.3984,0.3989,99265.9
2024-09-22 18:20:00,1727029200000,0.399,0.3998,0.399,0.3995,39014.2
2024-09-22 18:25:00,1727029500000,0.3995,0.3999,0.3993,0.3996,38596.9
2024-09-22 18:30:00,1727029800000,0.3997,0.4001,0.3995,0.4,25044.6
2024-09-22 18:35:00,1727030100000,0.4,0.4001,0.3997,0.3998,16777.6
2024-09-22 18:40:00,1727030400000,0.3997,0.4,0.3996,0.3996,16124.4
2024-09-22 18:45:00,1727030700000,0.3997,0.4,0.3995,0.3999,30927.8
2024-09-22 18:50:00,1727031000000,0.3998,0.3998,0.3991,0.3991,21033.8
2024-09-22 18:55:00,1727031300000,0.3992,0.3993,0.399,0.399,9914.4
2024-09-22 19:00:00,1727031600000,0.399,0.3991,0.3988,0.3988,23114.5
2024-09-22 19:05:00,1727031900000,0.3989,0.3989,0.3982,0.3983,40372.3
2024-09-22 19:10:00,1727032200000,0.3984,0.3985,0.3982,0.3982,14954.5
2024-09-22 19:15:00,1727032500000,0.3983,0.3986,0.3982,0.3982,38288.1
2024-09-22 19:20:00,1727032800000,0.3982,0.3982,0.3974,0.3975,79743.9
2024-09-22 19:25:00,1727033100000,0.3976,0.3977,0.3972,0.3974,74170.7
2024-09-22 19:30:00,1727033400000,0.3974,0.3984,0.3974,0.3981,56738.5
2024-09-22 19:35:00,1727033700000,0.3981,0.399,0.3981,0.3989,34399.0
2024-09-22 19:40:00,1727034000000,0.3989,0.399,0.3985,0.399,18803.0
2024-09-22 19:45:00,1727034300000,0.3989,0.3995,0.3988,0.3993,36099.5
2024-09-22 19:50:00,1727034600000,0.3992,0.3996,0.3987,0.3996,19242.9
2024-09-22 19:55:00,1727034900000,0.3995,0.4011,0.3995,0.4004,111026.2
2024-09-22 20:00:00,1727035200000,0.4005,0.4013,0.4003,0.4007,81154.6
2024-09-22 20:05:00,1727035500000,0.4005,0.4009,0.4001,0.4009,41157.3
2024-09-22 20:10:00,1727035800000,0.4009,0.4009,0.3998,0.4005,110287.0
2024-09-22 20:15:00,1727036100000,0.4005,0.401,0.4002,0.4002,73976.6
2024-09-22 20:20:00,1727036400000,0.4004,0.4019,0.4004,0.4014,122831.6
2024-09-22 20:25:00,1727036700000,0.4011,0.4016,0.4003,0.4014,101287.7
2024-09-22 20:30:00,1727037000000,0.4014,0.4016,0.4006,0.4007,25712.3
2024-09-22 20:35:00,1727037300000,0.4007,0.4011,0.4007,0.4007,26887.1
2024-09-22 20:40:00,1727037600000,0.4007,0.4008,0.4002,0.4003,36915.4
2024-09-22 20:45:00,1727037900000,0.4002,0.4009,0.4001,0.4007,57860.2
2024-09-22 20:50:00,1727038200000,0.4009,0.4011,0.4006,0.4006,77891.7
2024-09-22 20:55:00,1727038500000,0.4008,0.4009,0.4004,0.4007,69299.5
2024-09-22 21:00:00,1727038800000,0.4006,0.4009,0.4006,0.4008,28562.9
2024-09-22 21:05:00,1727039100000,0.4008,0.4009,0.4005,0.4006,13934.1
2024-09-22 21:10:00,1727039400000,0.4007,0.4008,0.4003,0.4005,51645.7
2024-09-22 21:15:00,1727039700000,0.4006,0.4011,0.4006,0.4011,39562.0
2024-09-22 21:20:00,1727040000000,0.4011,0.4011,0.4003,0.4006,80373.6
2024-09-22 21:25:00,1727040300000,0.4006,0.4011,0.4006,0.4006,46978.4
2024-09-22 21:30:00,1727040600000,0.4007,0.4008,0.4,0.4,41979.4
2024-09-22 21:35:00,1727040900000,0.4002,0.4002,0.3991,0.3991,105008.7
2024-09-22 21:40:00,1727041200000,0.3992,0.3995,0.3992,0.3993,30794.6
2024-09-22 21:45:00,1727041500000,0.3992,0.3995,0.3991,0.3995,52134.5
2024-09-22 21:50:00,1727041800000,0.3995,0.3998,0.3993,0.3993,24362.8
2024-09-22 21:55:00,1727042100000,0.3993,0.3993,0.3955,0.3961,529927.8
2024-09-22 22:00:00,1727042400000,0.3961,0.3964,0.3928,0.3932,1334222.1
2024-09-22 22:05:00,1727042700000,0.3931,0.3938,0.3926,0.393,471386.6
2024-09-22 22:10:00,1727043000000,0.3931,0.3952,0.3931,0.3944,329148.2
2024-09-22 22:15:00,1727043300000,0.3943,0.3958,0.3943,0.3956,376214.2
2024-09-22 22:20:00,1727043600000,0.3957,0.397,0.3948,0.3967,345964.4
2024-09-22 22:25:00,1727043900000,0.3966,0.3968,0.3959,0.3967,141717.6
2024-09-22 22:30:00,1727044200000,0.3966,0.398,0.3966,0.3974,267541.2
2024-09-22 22:35:00,1727044500000,0.3974,0.3996,0.3971,0.3994,517102.5
2024-09-22 22:40:00,1727044800000,0.3994,0.4005,0.3989,0.3994,784393.9
2024-09-22 22:45:00,1727045100000,0.3995,0.4002,0.3992,0.3997,299286.4
2024-09-22 22:50:00,1727045400000,0.3997,0.401,0.3991,0.4007,213584.6
2024-09-22 22:55:00,1727045700000,0.4002,0.402,0.4002,0.4018,434486.2
2024-09-22 23:00:00,1727046000000,0.4018,0.4023,0.4009,0.4015,313167.7
2024-09-22 23:05:00,1727046300000,0.4016,0.4017,0.4007,0.4011,510262.2
2024-09-22 23:10:00,1727046600000,0.4011,0.4013,0.4007,0.4009,257750.0
2024-09-22 23:15:00,1727046900000,0.4009,0.4009,0.4003,0.4009,245421.7
2024-09-22 23:20:00,1727047200000,0.4009,0.4014,0.4003,0.4004,63739.9
2024-09-22 23:25:00,1727047500000,0.4003,0.4005,0.4,0.4002,68005.3
2024-09-22 23:30:00,1727047800000,0.4003,0.4006,0.3998,0.4005,127069.5
2024-09-22 23:35:00,1727048100000,0.4005,0.401,0.4003,0.4009,140318.8
2024-09-22 23:40:00,1727048400000,0.4007,0.4013,0.4005,0.4007,159347.4
2024-09-22 23:45:00,1727048700000,0.4007,0.4011,0.4005,0.4009,100999.4
2024-09-22 23:50:00,1727049000000,0.4011,0.4015,0.401,0.4012,42459.6
2024-09-22 23:55:00,1727049300000,0.4012,0.4016,0.4008,0.401,70194.2
2024-09-23 00:00:00,1727049600000,0.401,0.4013,0.4005,0.4006,143716.1
2024-09-23 00:05:00,1727049900000,0.4005,0.4005,0.3977,0.3977,439579.0
2024-09-23 00:10:00,1727050200000,0.3977,0.3978,0.3961,0.3962,462223.5
2024-09-23 00:15:00,1727050500000,0.3963,0.3966,0.3941,0.3956,717560.1
2024-09-23 00:20:00,1727050800000,0.3956,0.3983,0.3956,0.3979,254196.1
2024-09-23 00:25:00,1727051100000,0.398,0.3986,0.3979,0.3983,176663.1
2024-09-23 00:30:00,1727051400000,0.3985,0.3995,0.3978,0.3989,209000.5
2024-09-23 00:35:00,1727051700000,0.3989,0.4,0.3988,0.3989,234698.5
2024-09-23 00:40:00,1727052000000,0.3988,0.3995,0.3985,0.3995,160606.6
2024-09-23 00:45:00,1727052300000,0.3995,0.401,0.3995,0.4008,174718.7
2024-09-23 00:50:00,1727052600000,0.4008,0.4018,0.4006,0.4012,206837.2
2024-09-23 00:55:00,1727052900000,0.4014,0.4015,0.4006,0.401,190681.9
2024-09-23 01:00:00,1727053200000,0.4011,0.4016,0.4006,0.4015,200202.4
2024-09-23 01:05:00,1727053500000,0.4016,0.4022,0.4015,0.402,192323.9
2024-09-23 01:10:00,1727053800000,0.4019,0.402,0.401,0.4016,361315.7
2024-09-23 01:15:00,1727054100000,0.4017,0.4021,0.4012,0.4019,221764.4
2024-09-23 01:20:00,1727054400000,0.4019,0.4024,0.4014,0.4015,239904.0
2024-09-23 01:25:00,1727054700000,0.4014,0.4021,0.4014,0.4021,132901.9
2024-09-23 01:30:00,1727055000000,0.4022,0.4026,0.4021,0.4025,117084.4
2024-09-23 01:35:00,1727055300000,0.4025,0.4031,0.4023,0.4028,209863.3
2024-09-23 01:40:00,1727055600000,0.4029,0.4036,0.4026,0.403,331008.8
2024-09-23 01:45:00,1727055900000,0.403,0.4045,0.403,0.4039,297856.6
2024-09-23 01:50:00,1727056200000,0.4039,0.4043,0.4037,0.4038,45451.5
2024-09-23 01:55:00,1727056500000,0.4038,0.404,0.4033,0.4039,126616.2
2024-09-23 02:00:00,1727056800000,0.404,0.4041,0.4032,0.4034,199293.2
2024-09-23 02:05:00,1727057100000,0.4034,0.4039,0.4031,0.4033,143239.0
2024-09-23 02:10:00,1727057400000,0.4033,0.4034,0.4029,0.4032,200915.0
2024-09-23 02:15:00,1727057700000,0.4032,0.4033,0.4025,0.4027,291544.2
2024-09-23 02:20:00,1727058000000,0.4026,0.4027,0.402,0.4022,92660.7
2024-09-23 02:25:00,1727058300000,0.4021,0.4023,0.4021,0.4021,148936.0
2024-09-23 02:30:00,1727058600000,0.4022,0.4028,0.4021,0.4027,82423.2
2024-09-23 02:35:00,1727058900000,0.4027,0.4041,0.4025,0.4036,343310.5
2024-09-23 02:40:00,1727059200000,0.4037,0.4038,0.4027,0.4028,126954.5
2024-09-23 02:45:00,1727059500000,0.4026,0.4032,0.4022,0.4023,177459.2
2024-09-23 02:50:00,1727059800000,0.4023,0.4028,0.4021,0.4028,119450.5
2024-09-23 02:55:00,1727060100000,0.4029,0.404,0.4028,0.4035,142933.0
2024-09-23 03:00:00,1727060400000,0.4037,0.4042,0.4035,0.4038,81734.9
2024-09-23 03:05:00,1727060700000,0.4038,0.405,0.4037,0.4046,169923.1
2024-09-23 03:10:00,1727061000000,0.4046,0.4067,0.4046,0.4059,685731.2
2024-09-23 03:15:00,1727061300000,0.4058,0.4064,0.4056,0.4062,337181.3
2024-09-23 03:20:00,1727061600000,0.4062,0.4068,0.4058,0.4064,400370.2
2024-09-23 03:25:00,1727061900000,0.4064,0.4071,0.4062,0.4068,327138.7
2024-09-23 03:30:00,1727062200000,0.4068,0.407,0.406,0.4067,181220.0
2024-09-23 03:35:00,1727062500000,0.4066,0.407,0.4062,0.4067,265881.7
2024-09-23 03:40:00,1727062800000,0.4067,0.4069,0.4063,0.4069,95037.8
2024-09-23 03:45:00,1727063100000,0.4069,0.4069,0.4061,0.4062,209892.0
2024-09-23 03:50:00,1727063400000,0.4062,0.4065,0.4057,0.4058,140376.7
2024-09-23 03:55:00,1727063700000,0.4058,0.4061,0.4056,0.4061,172368.7
2024-09-23 04:00:00,1727064000000,0.4061,0.4066,0.4061,0.4063,92151.9
2024-09-23 04:05:00,1727064300000,0.4063,0.4066,0.406,0.4065,161700.1
2024-09-23 04:10:00,1727064600000,0.4066,0.4066,0.4059,0.4061,148150.2
2024-09-23 04:15:00,1727064900000,0.4061,0.4062,0.4051,0.4052,107563.3
2024-09-23 04:20:00,1727065200000,0.4053,0.4058,0.4047,0.4048,100718.3
2024-09-23 04:25:00,1727065500000,0.4047,0.4049,0.4032,0.4033,214346.5
2024-09-23 04:30:00,1727065800000,0.4033,0.4041,0.4031,0.4033,165319.5
2024-09-23 04:35:00,1727066100000,0.4032,0.4042,0.4032,0.4041,105979.7
2024-09-23 04:40:00,1727066400000,0.4041,0.4041,0.4035,0.4035,116872.3
2024-09-23 04:45:00,1727066700000,0.4035,0.4036,0.4028,0.4032,101505.9
2024-09-23 04:50:00,1727067000000,0.4031,0.4038,0.4029,0.4038,101787.9
2024-09-23 04:55:00,1727067300000,0.4038,0.4042,0.4038,0.4039,37589.1
2024-09-23 05:00:00,1727067600000,0.4039,0.4041,0.4037,0.4037,69890.9
2024-09-23 05:05:00,1727067900000,0.4038,0.4042,0.4037,0.4038,99915.0
2024-09-23 05:10:00,1727068200000,0.4037,0.4037,0.4025,0.4025,230205.3
2024-09-23 05:15:00,1727068500000,0.4025,0.403,0.4023,0.403,237298.2
2024-09-23 05:20:00,1727068800000,0.403,0.4037,0.403,0.4034,82512.2
2024-09-23 05:25:00,1727069100000,0.4034,0.4036,0.4027,0.4029,74767.9
2024-09-23 05:30:00,1727069400000,0.4029,0.4036,0.4028,0.4036,55318.8
2024-09-23 05:35:00,1727069700000,0.4037,0.4046,0.4036,0.4045,141461.6
2024-09-23 05:40:00,1727070000000,0.4045,0.4054,0.4045,0.4053,98857.4
2024-09-23 05:45:00,1727070300000,0.4052,0.4055,0.4047,0.405,52512.6
2024-09-23 05:50:00,1727070600000,0.4051,0.4054,0.405,0.4053,51976.9
2024-09-23 05:55:00,1727070900000,0.4052,0.4052,0.4045,0.4052,114603.0
2024-09-23 06:00:00,1727071200000,0.4052,0.4054,0.4046,0.4049,262014.6
2024-09-23 06:05:00,1727071500000,0.405,0.4054,0.4047,0.4048,96328.7
2024-09-23 06:10:00,1727071800000,0.4048,0.4051,0.4045,0.4045,122895.2
2024-09-23 06:15:00,1727072100000,0.4046,0.4052,0.4044,0.4052,152437.8
2024-09-23 06:20:00,1727072400000,0.4052,0.4054,0.4043,0.4044,270314.3
2024-09-23 06:25:00,1727072700000,0.4044,0.4046,0.4042,0.4045,63469.3
2024-09-23 06:30:00,1727073000000,0.4046,0.405,0.4045,0.405,84875.5
2024-09-23 06:35:00,1727073300000,0.405,0.405,0.4047,0.4048,210214.3
2024-09-23 06:40:00,1727073600000,0.4047,0.4047,0.4038,0.4039,423144.9
2024-09-23 06:45:00,1727073900000,0.4038,0.4048,0.4037,0.4046,269436.1
2024-09-23 06:50:00,1727074200000,0.4046,0.4048,0.4041,0.4044,60414.1
2024-09-23 06:55:00,1727074500000,0.4043,0.4045,0.4039,0.4039,101292.6
2024-09-23 07:00:00,1727074800000,0.4038,0.4043,0.4036,0.4042,157832.0
2024-09-23 07:05:00,1727075100000,0.4043,0.4045,0.403,0.4031,154085.7
2024-09-23 07:10:00,1727075400000,0.4031,0.4034,0.4026,0.4027,152881.0
2024-09-23 07:15:00,1727075700000,0.4026,0.4026,0.401,0.4012,377074.8
2024-09-23 07:20:00,1727076000000,0.4012,0.4019,0.4011,0.4015,65169.8
2024-09-23 07:25:00,1727076300000,0.4015,0.4025,0.4011,0.4019,230563.4
2024-09-23 07:30:00,1727076600000,0.402,0.402,0.4015,0.4016,83032.5
2024-09-23 07:35:00,1727076900000,0.4016,0.4026,0.4015,0.4022,124053.1
2024-09-23 07:40:00,1727077200000,0.4024,0.4025,0.4018,0.4023,157842.5
2024-09-23 07:45:00,1727077500000,0.4024,0.4024,0.4015,0.4018,144666.8
2024-09-23 07:50:00,1727077800000,0.4017,0.4023,0.4016,0.4021,110888.1
2024-09-23 07:55:00,1727078100000,0.4021,0.4023,0.4015,0.4017,80679.6
2024-09-23 08:00:00,1727078400000,0.4017,0.4018,0.4007,0.4008,299203.2
2024-09-23 08:05:00,1727078700000,0.4008,0.4013,0.4004,0.4012,262052.9
2024-09-23 08:10:00,1727079000000,0.4012,0.4013,0.4003,0.4004,204566.9
2024-09-23 08:15:00,1727079300000,0.4004,0.4007,0.4,0.4007,245953.2
2024-09-23 08:20:00,1727079600000,0.4008,0.4014,0.4005,0.4007,185683.2
2024-09-23 08:25:00,1727079900000,0.4007,0.4015,0.4007,0.4012,123534.8
2024-09-23 08:30:00,1727080200000,0.4011,0.4019,0.4003,0.4004,173518.6
2024-09-23 08:35:00,1727080500000,0.4004,0.4005,0.4001,0.4002,118141.3
2024-09-23 08:40:00,1727080800000,0.4002,0.4006,0.4,0.4001,151836.7
2024-09-23 08:45:00,1727081100000,0.4,0.4005,0.4,0.4004,189636.2
2024-09-23 08:50:00,1727081400000,0.4005,0.4008,0.4003,0.4006,113317.6
2024-09-23 08:55:00,1727081700000,0.4007,0.4014,0.4007,0.4012,36123.9
2024-09-23 09:00:00,1727082000000,0.4012,0.4019,0.4011,0.4017,190523.9
2024-09-23 09:05:00,1727082300000,0.4018,0.4031,0.4017,0.4029,270489.8
2024-09-23 09:10:00,1727082600000,0.4029,0.403,0.4018,0.4019,283464.8
2024-09-23 09:15:00,1727082900000,0.4019,0.4027,0.4018,0.402,297767.4
2024-09-23 09:20:00,1727083200000,0.402,0.4031,0.4018,0.4031,67988.8
2024-09-23 09:25:00,1727083500000,0.4031,0.4034,0.403,0.4033,98782.3
2024-09-23 09:30:00,1727083800000,0.4033,0.4033,0.4026,0.403,32426.2
2024-09-23 09:35:00,1727084100000,0.403,0.4039,0.4028,0.4037,149916.2
2024-09-23 09:40:00,1727084400000,0.4037,0.404,0.4036,0.4039,82260.6
2024-09-23 09:45:00,1727084700000,0.4039,0.4041,0.4035,0.4036,79895.3
2024-09-23 09:50:00,1727085000000,0.4036,0.4042,0.4035,0.4041,207604.3
2024-09-23 09:55:00,1727085300000,0.404,0.4042,0.4039,0.4041,41420.7
2024-09-23 10:00:00,1727085600000,0.4041,0.4044,0.404,0.4041,55474.6
2024-09-23 10:05:00,1727085900000,0.404,0.404,0.4029,0.4031,258281.2
2024-09-23 10:10:00,1727086200000,0.403,0.4031,0.402,0.402,49691.5
2024-09-23 10:15:00,1727086500000,0.402,0.4028,0.4016,0.4022,273382.6
2024-09-23 10:20:00,1727086800000,0.4022,0.4031,0.4022,0.4029,128352.8
2024-09-23 10:25:00,1727087100000,0.403,0.4031,0.4024,0.4025,115917.1
2024-09-23 10:30:00,1727087400000,0.4027,0.4033,0.4026,0.4026,92061.4
2024-09-23 10:35:00,1727087700000,0.4026,0.403,0.4026,0.4029,89902.9
2024-09-23 10:40:00,1727088000000,0.403,0.4032,0.4027,0.4027,98500.9
2024-09-23 10:45:00,1727088300000,0.4028,0.4032,0.4027,0.4031,62765.1
2024-09-23 10:50:00,1727088600000,0.403,0.4037,0.403,0.4037,116256.2
2024-09-23 10:55:00,1727088900000,0.4037,0.4037,0.4025,0.4026,319196.0
2024-09-23 11:00:00,1727089200000,0.4026,0.4035,0.4025,0.4029,117800.0
2024-09-23 11:05:00,1727089500000,0.4028,0.4029,0.4019,0.4019,209470.5
2024-09-23 11:10:00,1727089800000,0.4019,0.4021,0.4012,0.4013,241377.8
2024-09-23 11:15:00,1727090100000,0.4013,0.4021,0.4012,0.4019,171336.9
2024-09-23 11:20:00,1727090400000,0.402,0.4026,0.402,0.4021,39999.1
2024-09-23 11:25:00,1727090700000,0.4021,0.4021,0.4016,0.4017,57764.9
2024-09-23 11:30:00,1727091000000,0.4018,0.4021,0.4016,0.4018,141735.5
2024-09-23 11:35:00,1727091300000,0.4018,0.4026,0.4015,0.4025,127555.4
2024-09-23 11:40:00,1727091600000,0.4025,0.4028,0.4021,0.4026,173159.1
2024-09-23 11:45:00,1727091900000,0.4026,0.4028,0.4024,0.4028,55017.8
2024-09-23 11:50:00,1727092200000,0.4029,0.403,0.4019,0.4021,166559.3
2024-09-23 11:55:00,1727092500000,0.402,0.402,0.4017,0.4017,79496.0
2024-09-23 12:00:00,1727092800000,0.4018,0.4023,0.4015,0.4022,163185.4
2024-09-23 12:05:00,1727093100000,0.4023,0.4026,0.4021,0.4022,162051.0
2024-09-23 12:10:00,1727093400000,0.4022,0.4024,0.4015,0.4018,163132.1
2024-09-23 12:15:00,1727093700000,0.4019,0.4025,0.4018,0.4022,64486.5
2024-09-23 12:20:00,1727094000000,0.4022,0.4034,0.4019,0.4033,140479.3
2024-09-23 12:25:00,1727094300000,0.4033,0.4033,0.4026,0.4031,152743.6
2024-09-23 12:30:00,1727094600000,0.4031,0.4031,0.4023,0.4026,109898.3
2024-09-23 12:35:00,1727094900000,0.4025,0.4026,0.4022,0.4024,80593.9
2024-09-23 12:40:00,1727095200000,0.4024,0.4027,0.4021,0.4024,83286.4
2024-09-23 12:45:00,1727095500000,0.4026,0.4029,0.4024,0.4028,55863.1
2024-09-23 12:50:00,1727095800000,0.4027,0.4028,0.402,0.4025,114493.5
2024-09-23 12:55:00,1727096100000,0.4026,0.4032,0.402,0.4029,161738.6
2024-09-23 13:00:00,1727096400000,0.403,0.4033,0.4025,0.4031,113103.3
2024-09-23 13:05:00,1727096700000,0.4031,0.4035,0.4021,0.4021,143376.2
2024-09-23 13:10:00,1727097000000,0.4021,0.4028,0.4013,0.4014,111463.5
2024-09-23 13:15:00,1727097300000,0.4014,0.4019,0.401,0.4019,267035.6
2024-09-23 13:20:00,1727097600000,0.4019,0.4023,0.4013,0.4015,130427.0
2024-09-23 13:25:00,1727097900000,0.4016,0.4026,0.4015,0.4024,82914.8
2024-09-23 13:30:00,1727098200000,0.4024,0.4028,0.4012,0.4023,180863.2
2024-09-23 13:35:00,1727098500000,0.4022,0.4022,0.4011,0.4011,209680.5
2024-09-23 13:40:00,1727098800000,0.4011,0.4027,0.4011,0.4026,210342.7
2024-09-23 13:45:00,1727099100000,0.4025,0.4028,0.4008,0.4024,420576.8
2024-09-23 13:50:00,1727099400000,0.4023,0.4025,0.4009,0.4011,233956.2
2024-09-23 13:55:00,1727099700000,0.4011,0.4016,0.4009,0.4013,100583.8
2024-09-23 14:00:00,1727100000000,0.4013,0.4024,0.401,0.402,200697.3
2024-09-23 14:05:00,1727100300000,0.4021,0.4035,0.4021,0.4033,290771.8
2024-09-23 14:10:00,1727100600000,0.4033,0.404,0.4031,0.4031,351151.1
2024-09-23 14:15:00,1727100900000,0.4031,0.404,0.4027,0.4039,813998.3
2024-09-23 14:20:00,1727101200000,0.404,0.4049,0.4037,0.4046,643854.7
2024-09-23 14:25:00,1727101500000,0.4046,0.405,0.4041,0.405,408493.6
2024-09-23 14:30:00,1727101800000,0.405,0.4064,0.4049,0.4056,2029240.8
2024-09-23 14:35:00,1727102100000,0.4056,0.4058,0.4044,0.4047,938512.3
2024-09-23 14:40:00,1727102400000,0.4047,0.4057,0.4047,0.4056,397094.0
2024-09-23 14:45:00,1727102700000,0.4056,0.407,0.4056,0.4068,865165.3
2024-09-23 14:50:00,1727103000000,0.4067,0.407,0.4067,0.407,524870.6
2024-09-23 14:55:00,1727103300000,0.407,0.4079,0.4068,0.4079,594521.1
2024-09-23 15:00:00,1727103600000,0.4078,0.408,0.4065,0.4067,467280.7
2024-09-23 15:05:00,1727103900000,0.4067,0.4068,0.4053,0.406,905382.9
2024-09-23 15:10:00,1727104200000,0.4061,0.4069,0.406,0.4067,274872.5
2024-09-23 15:15:00,1727104500000,0.4067,0.407,0.4057,0.406,299154.7
2024-09-23 15:20:00,1727104800000,0.4061,0.407,0.4061,0.4069,127214.0
2024-09-23 15:25:00,1727105100000,0.4069,0.407,0.4062,0.4065,384288.9
2024-09-23 15:30:00,1727105400000,0.4065,0.4069,0.4062,0.4063,337304.5
2024-09-23 15:35:00,1727105700000,0.4063,0.407,0.4062,0.4067,241001.8
2024-09-23 15:40:00,1727106000000,0.4067,0.407,0.4066,0.4067,111756.4
2024-09-23 15:45:00,1727106300000,0.4066,0.407,0.4065,0.4066,281451.3
2024-09-23 15:50:00,1727106600000,0.4065,0.4069,0.4065,0.4069,173211.6
2024-09-23 15:55:00,1727106900000,0.4068,0.4069,0.4056,0.4058,601959.5
2024-09-23 16:00:00,1727107200000,0.4059,0.4075,0.4057,0.4074,778404.7
2024-09-23 16:05:00,1727107500000,0.4073,0.4081,0.4064,0.4064,718274.7
2024-09-23 16:10:00,1727107800000,0.4064,0.4071,0.4058,0.4065,316314.6
2024-09-23 16:15:00,1727108100000,0.4064,0.4073,0.4058,0.4063,420569.5
2024-09-23 16:20:00,1727108400000,0.4062,0.4066,0.4054,0.4064,210585.0
2024-09-23 16:25:00,1727108700000,0.4064,0.4066,0.4059,0.4063,115770.7
2024-09-23 16:30:00,1727109000000,0.4063,0.4063,0.4056,0.4062,144463.7
2024-09-23 16:35:00,1727109300000,0.4062,0.4064,0.4053,0.4056,194358.2
2024-09-23 16:40:00,1727109600000,0.4056,0.4059,0.4055,0.4056,107165.5
2024-09-23 16:45:00,1727109900000,0.4056,0.406,0.405,0.405,251449.2
2024-09-23 16:50:00,1727110200000,0.405,0.4052,0.4049,0.4052,219820.4
2024-09-23 16:55:00,1727110500000,0.4051,0.4052,0.405,0.405,64644.9
2024-09-23 17:00:00,1727110800000,0.405,0.4052,0.4047,0.405,331366.6
2024-09-23 17:05:00,1727111100000,0.405,0.4052,0.4048,0.4049,159105.9
2024-09-23 17:10:00,1727111400000,0.4049,0.4052,0.4048,0.4051,149594.8
2024-09-23 17:15:00,1727111700000,0.4051,0.4058,0.4048,0.4058,219101.6
2024-09-23 17:20:00,1727112000000,0.4059,0.4059,0.4047,0.4048,120862.3
2024-09-23 17:25:00,1727112300000,0.4048,0.4052,0.4047,0.4051,171136.9
2024-09-23 17:30:00,1727112600000,0.4052,0.4056,0.405,0.4052,61555.1
2024-09-23 17:35:00,1727112900000,0.4052,0.4052,0.4048,0.4048,65586.9
2024-09-23 17:40:00,1727113200000,0.4048,0.4051,0.4047,0.4047,111593.4
2024-09-23 17:45:00,1727113500000,0.4048,0.4054,0.4047,0.405,123772.0
2024-09-23 17:50:00,1727113800000,0.4051,0.4056,0.405,0.4056,50494.0
2024-09-23 17:55:00,1727114100000,0.4056,0.4057,0.4052,0.4054,82214.2
2024-09-23 18:00:00,1727114400000,0.4054,0.4056,0.4051,0.4051,101019.8
2024-09-23 18:05:00,1727114700000,0.4051,0.4058,0.4049,0.4057,97665.3
2024-09-23 18:10:00,1727115000000,0.4057,0.4058,0.4053,0.4054,123348.9
2024-09-23 18:15:00,1727115300000,0.4053,0.4059,0.4052,0.4056,88093.4
2024-09-23 18:20:00,1727115600000,0.4055,0.4062,0.4055,0.4061,49954.8
2024-09-23 18:25:00,1727115900000,0.4061,0.4061,0.4057,0.406,21458.1
2024-09-23 18:30:00,1727116200000,0.406,0.4062,0.4058,0.4058,40417.5
2024-09-23 18:35:00,1727116500000,0.4059,0.4064,0.4058,0.406,110778.1
2024-09-23 18:40:00,1727116800000,0.406,0.4064,0.4059,0.4064,95056.6
2024-09-23 18:45:00,1727117100000,0.4063,0.4064,0.4061,0.4064,332506.9
2024-09-23 18:50:00,1727117400000,0.4064,0.4064,0.4054,0.4055,144564.1
2024-09-23 18:55:00,1727117700000,0.4056,0.406,0.4052,0.4054,110930.0
2024-09-23 19:00:00,1727118000000,0.4053,0.4058,0.4052,0.4055,243494.5
2024-09-23 19:05:00,1727118300000,0.4055,0.4057,0.4053,0.4056,47878.3
2024-09-23 19:10:00,1727118600000,0.4056,0.4061,0.4055,0.4057,81915.5
2024-09-23 19:15:00,1727118900000,0.4057,0.4061,0.4057,0.4058,117910.7
2024-09-23 19:20:00,1727119200000,0.4058,0.4061,0.4054,0.4058,90262.5
2024-09-23 19:25:00,1727119500000,0.4058,0.4062,0.4054,0.4058,100960.8
2024-09-23 19:30:00,1727119800000,0.4058,0.4058,0.4052,0.4057,59373.2
2024-09-23 19:35:00,1727120100000,0.4056,0.4061,0.4056,0.4056,125157.6
2024-09-23 19:40:00,1727120400000,0.4055,0.406,0.4054,0.4056,50885.9
2024-09-23 19:45:00,1727120700000,0.4057,0.4063,0.4055,0.4062,89003.0
2024-09-23 19:50:00,1727121000000,0.4061,0.4062,0.4055,0.4056,80685.2
2024-09-23 19:55:00,1727121300000,0.4055,0.4056,0.4052,0.4055,30930.1
2024-09-23 20:00:00,1727121600000,0.4056,0.4056,0.4052,0.4052,51427.8
2024-09-23 20:05:00,1727121900000,0.4052,0.4055,0.4052,0.4054,74773.6
2024-09-23 20:10:00,1727122200000,0.4055,0.4055,0.4052,0.4054,56785.2
2024-09-23 20:15:00,1727122500000,0.4053,0.4058,0.4052,0.4056,66934.9
2024-09-23 20:20:00,1727122800000,0.4056,0.4056,0.4052,0.4052,23040.6
2024-09-23 20:25:00,1727123100000,0.4052,0.4052,0.4048,0.4049,405124.3
2024-09-23 20:30:00,1727123400000,0.405,0.4051,0.4045,0.4045,79403.8
2024-09-23 20:35:00,1727123700000,0.4045,0.4051,0.4045,0.4049,77461.5
2024-09-23 20:40:00,1727124000000,0.4048,0.405,0.4047,0.4047,30650.3
2024-09-23 20:45:00,1727124300000,0.4047,0.4052,0.4047,0.4051,181570.8
2024-09-23 20:50:00,1727124600000,0.4053,0.4054,0.405,0.405,33226.3
2024-09-23 20:55:00,1727124900000,0.4051,0.4052,0.4045,0.4045,98777.4
2024-09-23 21:00:00,1727125200000,0.4045,0.4047,0.4044,0.4047,152010.6
2024-09-23 21:05:00,1727125500000,0.4046,0.4076,0.4045,0.4059,1587432.1
2024-09-23 21:10:00,1727125800000,0.406,0.408,0.4056,0.406,1161101.0
2024-09-23 21:15:00,1727126100000,0.406,0.4078,0.4055,0.4055,752579.3
2024-09-23 21:20:00,1727126400000,0.4056,0.4072,0.4052,0.4062,224607.5
2024-09-23 21:25:00,1727126700000,0.4064,0.4069,0.4063,0.4068,71949.1
2024-09-23 21:30:00,1727127000000,0.4067,0.4072,0.4066,0.4069,32496.5
2024-09-23 21:35:00,1727127300000,0.4069,0.4069,0.4048,0.4058,422043.8
2024-09-23 21:40:00,1727127600000,0.4058,0.4063,0.4058,0.4059,110023.7
2024-09-23 21:45:00,1727127900000,0.4055,0.4059,0.4054,0.4058,40132.5
2024-09-23 21:50:00,1727128200000,0.4057,0.4059,0.4056,0.4059,45307.7
2024-09-23 21:55:00,1727128500000,0.4058,0.406,0.4056,0.4057,58433.4
2024-09-23 22:00:00,1727128800000,0.4055,0.406,0.4052,0.4052,131933.9
2024-09-23 22:05:00,1727129100000,0.4052,0.4059,0.4049,0.405,168237.0
2024-09-23 22:10:00,1727129400000,0.405,0.4058,0.4048,0.4057,156408.7
2024-09-23 22:15:00,1727129700000,0.4057,0.4057,0.4052,0.4054,48364.3
2024-09-23 22:20:00,1727130000000,0.4055,0.4056,0.4053,0.4054,37769.9
2024-09-23 22:25:00,1727130300000,0.4053,0.4054,0.4047,0.4053,129520.8
2024-09-23 22:30:00,1727130600000,0.4054,0.4057,0.4053,0.4055,30543.0
2024-09-23 22:35:00,1727130900000,0.4056,0.4059,0.4051,0.4059,181700.9
2024-09-23 22:40:00,1727131200000,0.4058,0.4065,0.4056,0.4057,158778.3
2024-09-23 22:45:00,1727131500000,0.4056,0.4059,0.4052,0.4058,84972.5
2024-09-23 22:50:00,1727131800000,0.4058,0.4062,0.4054,0.406,212005.7
2024-09-23 22:55:00,1727132100000,0.4059,0.406,0.4055,0.4055,73920.6
2024-09-23 23:00:00,1727132400000,0.4055,0.4062,0.4055,0.4061,158830.5
2024-09-23 23:05:00,1727132700000,0.406,0.406,0.4055,0.4057,73340.6
2024-09-23 23:10:00,1727133000000,0.4057,0.4065,0.4057,0.4062,125055.4
2024-09-23 23:15:00,1727133300000,0.4063,0.4065,0.4062,0.4062,37328.3
2024-09-23 23:20:00,1727133600000,0.4062,0.4063,0.4052,0.4052,109315.0
2024-09-23 23:25:00,1727133900000,0.4052,0.4055,0.405,0.4053,157594.5
2024-09-23 23:30:00,1727134200000,0.4054,0.4061,0.4051,0.406,85627.0
2024-09-23 23:35:00,1727134500000,0.4061,0.4067,0.4059,0.4059,162543.5
2024-09-23 23:40:00,1727134800000,0.406,0.4063,0.4058,0.4062,214257.9
2024-09-23 23:45:00,1727135100000,0.4062,0.4063,0.406,0.4061,125445.7
2024-09-23 23:50:00,1727135400000,0.406,0.4066,0.4058,0.4063,244767.1
2024-09-23 23:55:00,1727135700000,0.4063,0.4064,0.4059,0.4059,97631.5
2024-09-24 00:00:00,1727136000000,0.4059,0.4065,0.4058,0.4058,130744.0
2024-09-24 00:05:00,1727136300000,0.4057,0.407,0.4057,0.4059,325190.4
2024-09-24 00:10:00,1727136600000,0.4059,0.4063,0.4058,0.4061,84308.4
2024-09-24 00:15:00,1727136900000,0.4061,0.407,0.4061,0.4069,420534.6
2024-09-24 00:20:00,1727137200000,0.4069,0.407,0.406,0.4062,150545.5
2024-09-24 00:25:00,1727137500000,0.4063,0.4069,0.4063,0.4068,48742.5
2024-09-24 00:30:00,1727137800000,0.4068,0.407,0.4065,0.4067,131978.4
2024-09-24 00:35:00,1727138100000,0.4068,0.407,0.4061,0.4062,159736.6
2024-09-24 00:40:00,1727138400000,0.4063,0.407,0.4037,0.4068,1079125.2
2024-09-24 00:45:00,1727138700000,0.4067,0.4067,0.4042,0.4044,579217.0
2024-09-24 00:50:00,1727139000000,0.4044,0.4051,0.4034,0.4038,1000761.1
2024-09-24 00:55:00,1727139300000,0.4038,0.404,0.4028,0.4029,227445.3
2024-09-24 01:00:00,1727139600000,0.4029,0.4031,0.4022,0.4027,325698.9
2024-09-24 01:05:00,1727139900000,0.4026,0.4039,0.4026,0.4033,355543.3
2024-09-24 01:10:00,1727140200000,0.4032,0.4038,0.4031,0.4034,158835.1
2024-09-24 01:15:00,1727140500000,0.4035,0.4048,0.4035,0.4043,302888.7
2024-09-24 01:20:00,1727140800000,0.4043,0.4047,0.403,0.4031,181066.7
2024-09-24 01:25:00,1727141100000,0.4031,0.4031,0.4018,0.4021,273573.5
2024-09-24 01:30:00,1727141400000,0.4022,0.4023,0.4005,0.4011,567312.7
2024-09-24 01:35:00,1727141700000,0.4012,0.4021,0.401,0.4011,343760.0
2024-09-24 01:40:00,1727142000000,0.4011,0.4021,0.4008,0.4021,144935.8
2024-09-24 01:45:00,1727142300000,0.4021,0.4027,0.4014,0.4016,278481.3
2024-09-24 01:50:00,1727142600000,0.4016,0.4031,0.4015,0.4029,220289.5
2024-09-24 01:55:00,1727142900000,0.403,0.403,0.4021,0.4024,122456.6
2024-09-24 02:00:00,1727143200000,0.4023,0.4028,0.4008,0.4015,211586.7
2024-09-24 02:05:00,1727143500000,0.4014,0.4016,0.4007,0.4009,90432.8
2024-09-24 02:10:00,1727143800000,0.4009,0.4011,0.4,0.4006,239479.9
2024-09-24 02:15:00,1727144100000,0.4006,0.4016,0.4005,0.401,248046.3
2024-09-24 02:20:00,1727144400000,0.401,0.4019,0.401,0.4018,153440.5
2024-09-24 02:25:00,1727144700000,0.4018,0.4019,0.4011,0.4013,134746.7
2024-09-24 02:30:00,1727145000000,0.4013,0.4018,0.4009,0.401,221881.9
2024-09-24 02:35:00,1727145300000,0.401,0.4014,0.4007,0.4009,217582.9
2024-09-24 02:40:00,1727145600000,0.4009,0.4018,0.4006,0.4016,160524.8
2024-09-24 02:45:00,1727145900000,0.4016,0.4025,0.4015,0.4016,226832.9
2024-09-24 02:50:00,1727146200000,0.4017,0.4025,0.4017,0.4025,168617.8
2024-09-24 02:55:00,1727146500000,0.4024,0.4028,0.4021,0.4027,295681.6
2024-09-24 03:00:00,1727146800000,0.4027,0.4028,0.402,0.402,132977.6
2024-09-24 03:05:00,1727147100000,0.4021,0.4022,0.4014,0.4015,117606.9
2024-09-24 03:10:00,1727147400000,0.4016,0.4029,0.4015,0.4029,162238.8
2024-09-24 03:15:00,1727147700000,0.4029,0.403,0.4024,0.4026,88639.5
2024-09-24 03:20:00,1727148000000,0.4027,0.403,0.402,0.4028,112856.3
2024-09-24 03:25:00,1727148300000,0.4028,0.4029,0.4022,0.4022,72934.8
2024-09-24 03:30:00,1727148600000,0.4023,0.4026,0.4021,0.4026,100493.8
2024-09-24 03:35:00,1727148900000,0.4026,0.4029,0.4019,0.4021,78234.9
2024-09-24 03:40:00,1727149200000,0.402,0.4029,0.4019,0.4028,126136.9
2024-09-24 03:45:00,1727149500000,0.4027,0.4034,0.4027,0.4034,96914.3
2024-09-24 03:50:00,1727149800000,0.4034,0.4035,0.4027,0.4035,144653.7
2024-09-24 03:55:00,1727150100000,0.4035,0.4037,0.4033,0.4037,130953.6
2024-09-24 04:00:00,1727150400000,0.4037,0.404,0.4035,0.4035,114005.3
2024-09-24 04:05:00,1727150700000,0.4036,0.4036,0.4028,0.4029,109461.8
2024-09-24 04:10:00,1727151000000,0.4029,0.4031,0.4027,0.4029,42610.1
2024-09-24 04:15:00,1727151300000,0.4029,0.403,0.4024,0.4024,49859.2
2024-09-24 04:20:00,1727151600000,0.4023,0.4027,0.402,0.4024,121179.7
2024-09-24 04:25:00,1727151900000,0.4024,0.4024,0.4021,0.4023,54690.2
2024-09-24 04:30:00,1727152200000,0.4024,0.4026,0.402,0.402,37661.6
2024-09-24 04:35:00,1727152500000,0.4021,0.4022,0.4018,0.4019,81688.2
2024-09-24 04:40:00,1727152800000,0.4018,0.4019,0.4015,0.4016,89403.2
2024-09-24 04:45:00,1727153100000,0.4016,0.4016,0.4007,0.4008,76550.9
2024-09-24 04:50:00,1727153400000,0.4008,0.4013,0.4003,0.4006,175072.3
2024-09-24 04:55:00,1727153700000,0.4006,0.4011,0.4005,0.4007,143623.3
2024-09-24 05:00:00,1727154000000,0.4008,0.4014,0.4007,0.4014,101269.6
2024-09-24 05:05:00,1727154300000,0.4012,0.4021,0.4012,0.4018,87717.0
2024-09-24 05:10:00,1727154600000,0.4019,0.4022,0.4019,0.4021,44872.5
2024-09-24 05:15:00,1727154900000,0.4022,0.4025,0.4018,0.4025,47225.6
2024-09-24 05:20:00,1727155200000,0.4024,0.4024,0.4013,0.4017,131077.1
2024-09-24 05:25:00,1727155500000,0.4017,0.4026,0.4016,0.4026,129572.0
2024-09-24 05:30:00,1727155800000,0.4026,0.4029,0.4018,0.4021,182613.4
2024-09-24 05:35:00,1727156100000,0.402,0.4023,0.4018,0.4022,123844.2
2024-09-24 05:40:00,1727156400000,0.4022,0.4023,0.4019,0.402,76545.0
2024-09-24 05:45:00,1727156700000,0.4019,0.4026,0.4019,0.4026,31472.8
2024-09-24 05:50:00,1727157000000,0.4027,0.4031,0.4026,0.403,51442.8
2024-09-24 05:55:00,1727157300000,0.4031,0.4031,0.4026,0.4029,48103.5
2024-09-24 06:00:00,1727157600000,0.4029,0.4035,0.4028,0.4032,167927.7
2024-09-24 06:05:00,1727157900000,0.4032,0.4036,0.4031,0.4036,51247.2
2024-09-24 06:10:00,1727158200000,0.4035,0.4046,0.4035,0.4043,401808.9
2024-09-24 06:15:00,1727158500000,0.4044,0.4048,0.404,0.4048,232180.4
2024-09-24 06:20:00,1727158800000,0.4049,0.4052,0.4037,0.4042,507193.8
2024-09-24 06:25:00,1727159100000,0.4041,0.4045,0.404,0.4043,28923.0
2024-09-24 06:30:00,1727159400000,0.4044,0.4048,0.4042,0.4044,150978.6
2024-09-24 06:35:00,1727159700000,0.4043,0.405,0.4042,0.4049,100138.8
2024-09-24 06:40:00,1727160000000,0.4048,0.4055,0.4048,0.4051,202307.9
2024-09-24 06:45:00,1727160300000,0.4051,0.4055,0.4046,0.4055,233766.6
2024-09-24 06:50:00,1727160600000,0.4055,0.4056,0.4049,0.405,163876.1
2024-09-24 06:55:00,1727160900000,0.4051,0.4053,0.4048,0.4048,121962.3
2024-09-24 07:00:00,1727161200000,0.4049,0.4055,0.4049,0.4053,251985.1
2024-09-24 07:05:00,1727161500000,0.4053,0.4062,0.4052,0.4061,569770.3
2024-09-24 07:10:00,1727161800000,0.4062,0.4064,0.4058,0.4063,171509.2
2024-09-24 07:15:00,1727162100000,0.4064,0.4067,0.4062,0.4062,252479.7
2024-09-24 07:20:00,1727162400000,0.4062,0.4065,0.4058,0.406,262709.4
2024-09-24 07:25:00,1727162700000,0.406,0.4061,0.4056,0.4059,122234.8
2024-09-24 07:30:00,1727163000000,0.406,0.406,0.4048,0.4055,363452.1
2024-09-24 07:35:00,1727163300000,0.4056,0.4062,0.4054,0.4054,147658.4
2024-09-24 07:40:00,1727163600000,0.4054,0.4057,0.4049,0.4056,178650.4
2024-09-24 07:45:00,1727163900000,0.4057,0.4066,0.4056,0.406,116237.0
2024-09-24 07:50:00,1727164200000,0.4059,0.4065,0.4058,0.4063,208230.2
2024-09-24 07:55:00,1727164500000,0.4063,0.4064,0.4059,0.4062,160806.2
2024-09-24 08:00:00,1727164800000,0.4062,0.4065,0.4056,0.4063,404799.7
2024-09-24 08:05:00,1727165100000,0.4063,0.4064,0.4057,0.406,141532.8
2024-09-24 08:10:00,1727165400000,0.406,0.4064,0.4059,0.4059,95551.3
2024-09-24 08:15:00,1727165700000,0.4059,0.4067,0.4055,0.4064,334176.6
2024-09-24 08:20:00,1727166000000,0.4065,0.4071,0.4065,0.4071,259357.3
2024-09-24 08:25:00,1727166300000,0.407,0.4072,0.4066,0.4067,224973.0
2024-09-24 08:30:00,1727166600000,0.4068,0.407,0.4061,0.4064,184344.7
2024-09-24 08:35:00,1727166900000,0.4065,0.4075,0.4065,0.407,361883.3
2024-09-24 08:40:00,1727167200000,0.4069,0.4071,0.4055,0.4068,533696.0
2024-09-24 08:45:00,1727167500000,0.4066,0.4075,0.4065,0.4069,350085.4
2024-09-24 08:50:00,1727167800000,0.407,0.408,0.4067,0.4078,468032.9
2024-09-24 08:55:00,1727168100000,0.4078,0.4084,0.4073,0.4074,794744.0
2024-09-24 09:00:00,1727168400000,0.4074,0.4077,0.4072,0.4075,223080.9
2024-09-24 09:05:00,1727168700000,0.4075,0.4075,0.4067,0.4068,242683.5
2024-09-24 09:10:00,1727169000000,0.4069,0.4072,0.4065,0.4066,128277.5
2024-09-24 09:15:00,1727169300000,0.4066,0.4071,0.4063,0.4064,208203.3
2024-09-24 09:20:00,1727169600000,0.4064,0.4067,0.406,0.4061,192439.2
2024-09-24 09:25:00,1727169900000,0.4061,0.4069,0.4061,0.4068,195593.4
2024-09-24 09:30:00,1727170200000,0.4067,0.4078,0.4065,0.4074,289530.8
2024-09-24 09:35:00,1727170500000,0.4074,0.4075,0.4062,0.4072,293207.7
2024-09-24 09:40:00,1727170800000,0.4073,0.4077,0.407,0.4074,251947.5
2024-09-24 09:45:00,1727171100000,0.4074,0.4076,0.4067,0.4069,85363.4
2024-09-24 09:50:00,1727171400000,0.4069,0.4074,0.4068,0.4073,168720.9
2024-09-24 09:55:00,1727171700000,0.4072,0.4075,0.4072,0.4073,175409.6
2024-09-24 10:00:00,1727172000000,0.4073,0.4085,0.4072,0.4084,397084.3
2024-09-24 10:05:00,1727172300000,0.4084,0.4085,0.4077,0.4081,264473.1
2024-09-24 10:10:00,1727172600000,0.408,0.4083,0.4076,0.4076,183225.5
2024-09-24 10:15:00,1727172900000,0.4076,0.4084,0.4074,0.4081,299122.3
2024-09-24 10:20:00,1727173200000,0.4081,0.4088,0.4081,0.4084,238387.6
2024-09-24 10:25:00,1727173500000,0.4084,0.409,0.4081,0.4088,204914.4
2024-09-24 10:30:00,1727173800000,0.4089,0.4092,0.4084,0.4085,368360.4
2024-09-24 10:35:00,1727174100000,0.4085,0.4085,0.4079,0.4081,206015.9
2024-09-24 10:40:00,1727174400000,0.408,0.4082,0.4079,0.4081,116751.9
2024-09-24 10:45:00,1727174700000,0.4082,0.4086,0.4079,0.4084,152316.9
2024-09-24 10:50:00,1727175000000,0.4084,0.4084,0.4075,0.4076,145514.8
2024-09-24 10:55:00,1727175300000,0.4076,0.408,0.4074,0.4074,232985.4
2024-09-24 11:00:00,1727175600000,0.4075,0.4075,0.4058,0.4061,334988.2
2024-09-24 11:05:00,1727175900000,0.4061,0.4063,0.4057,0.4057,69961.5
2024-09-24 11:10:00,1727176200000,0.4058,0.4059,0.4054,0.4057,187686.2
2024-09-24 11:15:00,1727176500000,0.4057,0.4058,0.4054,0.4056,54421.4
2024-09-24 11:20:00,1727176800000,0.4056,0.4058,0.405,0.4051,240498.4
2024-09-24 11:25:00,1727177100000,0.4052,0.4065,0.4051,0.4062,109180.5
2024-09-24 11:30:00,1727177400000,0.4063,0.4071,0.4062,0.4071,109711.9
2024-09-24 11:35:00,1727177700000,0.407,0.4073,0.4069,0.4069,169319.6
2024-09-24 11:40:00,1727178000000,0.407,0.4071,0.4062,0.4067,391258.7
2024-09-24 11:45:00,1727178300000,0.4067,0.4069,0.4063,0.4066,166720.3
2024-09-24 11:50:00,1727178600000,0.4065,0.4067,0.4063,0.4067,88294.1
2024-09-24 11:55:00,1727178900000,0.4066,0.4066,0.4059,0.406,180537.0
2024-09-24 12:00:00,1727179200000,0.406,0.4064,0.4058,0.4064,129173.2
2024-09-24 12:05:00,1727179500000,0.4064,0.4071,0.4063,0.4066,96445.2
2024-09-24 12:10:00,1727179800000,0.4065,0.4066,0.406,0.4066,157611.1
2024-09-24 12:15:00,1727180100000,0.4066,0.4074,0.4064,0.4073,371402.7
2024-09-24 12:20:00,1727180400000,0.4072,0.4077,0.4072,0.4076,101730.3
2024-09-24 12:25:00,1727180700000,0.4078,0.4079,0.4072,0.4073,92900.7
2024-09-24 12:30:00,1727181000000,0.4074,0.4081,0.4073,0.4077,114170.4
2024-09-24 12:35:00,1727181300000,0.4077,0.4077,0.4065,0.407,183295.4
2024-09-24 12:40:00,1727181600000,0.407,0.4071,0.4065,0.4067,54602.3
2024-09-24 12:45:00,1727181900000,0.4067,0.4072,0.4061,0.4062,111723.3
2024-09-24 12:50:00,1727182200000,0.4061,0.4062,0.4058,0.4058,85327.0
2024-09-24 12:55:00,1727182500000,0.4058,0.4058,0.4051,0.4054,145238.2
2024-09-24 13:00:00,1727182800000,0.4053,0.4057,0.4052,0.4056,90304.2
2024-09-24 13:05:00,1727183100000,0.4055,0.4057,0.405,0.4055,256354.9
2024-09-24 13:10:00,1727183400000,0.4054,0.4061,0.4052,0.406,266148.8
2024-09-24 13:15:00,1727183700000,0.406,0.406,0.4055,0.4059,73441.5
2024-09-24 13:20:00,1727184000000,0.4058,0.4069,0.4057,0.4064,441446.8
2024-09-24 13:25:00,1727184300000,0.4064,0.4064,0.4056,0.4058,170980.5
2024-09-24 13:30:00,1727184600000,0.4058,0.4067,0.4055,0.4061,198615.3
2024-09-24 13:35:00,1727184900000,0.4062,0.4071,0.4062,0.4066,220191.4
2024-09-24 13:40:00,1727185200000,0.4066,0.4069,0.4061,0.4069,189503.0
2024-09-24 13:45:00,1727185500000,0.4069,0.4075,0.4067,0.4071,232118.0
2024-09-24 13:50:00,1727185800000,0.407,0.4076,0.4066,0.4073,199460.8
2024-09-24 13:55:00,1727186100000,0.4072,0.4073,0.4058,0.4058,152250.4
2024-09-24 14:00:00,1727186400000,0.4058,0.4058,0.4019,0.4027,1026652.6
2024-09-24 14:05:00,1727186700000,0.4027,0.4041,0.4021,0.4032,479021.7
2024-09-24 14:10:00,1727187000000,0.4032,0.4043,0.4024,0.4025,406430.3
2024-09-24 14:15:00,1727187300000,0.4025,0.4031,0.4019,0.4021,420799.0
2024-09-24 14:20:00,1727187600000,0.4021,0.4024,0.4009,0.4012,396491.7
2024-09-24 14:25:00,1727187900000,0.4012,0.4015,0.3992,0.3996,937381.1
2024-09-24 14:30:00,1727188200000,0.3996,0.4009,0.3996,0.3998,568271.4
2024-09-24 14:35:00,1727188500000,0.3996,0.4005,0.399,0.4002,402124.2
2024-09-24 14:40:00,1727188800000,0.4002,0.4003,0.3996,0.4001,388601.2
2024-09-24 14:45:00,1727189100000,0.4001,0.4012,0.4001,0.401,296125.9
2024-09-24 14:50:00,1727189400000,0.4009,0.4019,0.4007,0.4019,368101.4
2024-09-24 14:55:00,1727189700000,0.4018,0.4019,0.4013,0.4018,184640.7
2024-09-24 15:00:00,1727190000000,0.4018,0.4022,0.4009,0.4013,314493.0
2024-09-24 15:05:00,1727190300000,0.4014,0.4024,0.4006,0.4021,380559.4
2024-09-24 15:10:00,1727190600000,0.4021,0.4021,0.4013,0.4015,203626.4
2024-09-24 15:15:00,1727190900000,0.4015,0.4021,0.4015,0.4019,153625.0
2024-09-24 15:20:00,1727191200000,0.4018,0.4023,0.4013,0.4015,282006.7
2024-09-24 15:25:00,1727191500000,0.4016,0.402,0.4011,0.4012,110158.6
2024-09-24 15:30:00,1727191800000,0.4013,0.4019,0.4012,0.4016,58530.6
2024-09-24 15:35:00,1727192100000,0.4016,0.4019,0.4009,0.4014,133610.9
2024-09-24 15:40:00,1727192400000,0.4014,0.4014,0.4007,0.401,153137.3
2024-09-24 15:45:00,1727192700000,0.401,0.4018,0.401,0.4014,355921.1
2024-09-24 15:50:00,1727193000000,0.4014,0.4023,0.4012,0.402,351593.1
2024-09-24 15:55:00,1727193300000,0.4021,0.4023,0.4013,0.4013,214253.1
2024-09-24 16:00:00,1727193600000,0.4013,0.4022,0.4013,0.4022,270613.0
2024-09-24 16:05:00,1727193900000,0.4022,0.4026,0.4014,0.4014,143238.3
2024-09-24 16:10:00,1727194200000,0.4015,0.4022,0.4013,0.4019,361928.0
2024-09-24 16:15:00,1727194500000,0.402,0.4021,0.4012,0.402,180400.2
2024-09-24 16:20:00,1727194800000,0.402,0.402,0.4006,0.4007,209675.0
2024-09-24 16:25:00,1727195100000,0.4007,0.4007,0.4,0.4004,159257.7
2024-09-24 16:30:00,1727195400000,0.4005,0.401,0.4002,0.401,177149.7
2024-09-24 16:35:00,1727195700000,0.401,0.4015,0.4008,0.4015,320899.2
2024-09-24 16:40:00,1727196000000,0.4015,0.4016,0.401,0.4013,149823.3
2024-09-24 16:45:00,1727196300000,0.4014,0.4021,0.4013,0.4018,307988.7
2024-09-24 16:50:00,1727196600000,0.4018,0.4027,0.4013,0.4023,195900.8
2024-09-24 16:55:00,1727196900000,0.4024,0.4024,0.4017,0.4019,173154.2
2024-09-24 17:00:00,1727197200000,0.4018,0.4026,0.4016,0.4024,245988.3
2024-09-24 17:05:00,1727197500000,0.4024,0.4025,0.4021,0.4024,67587.8
2024-09-24 17:10:00,1727197800000,0.4024,0.4029,0.4021,0.4027,215530.9
2024-09-24 17:15:00,1727198100000,0.4028,0.4035,0.4026,0.4032,401798.2
2024-09-24 17:20:00,1727198400000,0.4033,0.4039,0.4032,0.4038,135153.8
2024-09-24 17:25:00,1727198700000,0.4039,0.4044,0.4036,0.4041,308610.9
2024-09-24 17:30:00,1727199000000,0.4041,0.4046,0.4038,0.4043,281169.4
2024-09-24 17:35:00,1727199300000,0.4044,0.4053,0.4041,0.4053,414553.2
2024-09-24 17:40:00,1727199600000,0.4052,0.4056,0.4045,0.4049,542457.1
2024-09-24 17:45:00,1727199900000,0.405,0.4056,0.4046,0.405,292180.4
2024-09-24 17:50:00,1727200200000,0.405,0.4055,0.405,0.4053,171739.8
2024-09-24 17:55:00,1727200500000,0.4053,0.4055,0.4044,0.4046,235009.4
2024-09-24 18:00:00,1727200800000,0.4046,0.4055,0.4043,0.4053,191943.5
2024-09-24 18:05:00,1727201100000,0.4052,0.4054,0.4045,0.4045,145982.0
2024-09-24 18:10:00,1727201400000,0.4044,0.4047,0.4038,0.4041,287276.6
2024-09-24 18:15:00,1727201700000,0.404,0.4048,0.4039,0.4046,348475.7
2024-09-24 18:20:00,1727202000000,0.4045,0.4051,0.4044,0.4049,83597.7
2024-09-24 18:25:00,1727202300000,0.4049,0.406,0.4043,0.4043,493061.4
2024-09-24 18:30:00,1727202600000,0.4044,0.4051,0.4039,0.405,66544.2
2024-09-24 18:35:00,1727202900000,0.4051,0.4053,0.4046,0.405,145510.3
2024-09-24 18:40:00,1727203200000,0.405,0.4051,0.4045,0.4046,54871.9
2024-09-24 18:45:00,1727203500000,0.4047,0.4048,0.4041,0.4043,72360.3
2024-09-24 18:50:00,1727203800000,0.4042,0.4043,0.4038,0.4039,49754.1
2024-09-24 18:55:00,1727204100000,0.404,0.4043,0.4039,0.4042,114893.5
2024-09-24 19:00:00,1727204400000,0.4042,0.4044,0.4038,0.4044,150374.3
2024-09-24 19:05:00,1727204700000,0.4043,0.4048,0.4042,0.4047,78311.7
2024-09-24 19:10:00,1727205000000,0.4046,0.4047,0.4042,0.4045,153753.6
2024-09-24 19:15:00,1727205300000,0.4046,0.4046,0.404,0.4043,99282.2
2024-09-24 19:20:00,1727205600000,0.4043,0.4047,0.4042,0.4045,76050.8
2024-09-24 19:25:00,1727205900000,0.4045,0.4047,0.4041,0.4043,113847.2
2024-09-24 19:30:00,1727206200000,0.4043,0.4045,0.4041,0.4041,42172.1
2024-09-24 19:35:00,1727206500000,0.4042,0.4051,0.4042,0.4051,162474.5
2024-09-24 19:40:00,1727206800000,0.4051,0.4056,0.405,0.4052,125626.7
2024-09-24 19:45:00,1727207100000,0.4054,0.4063,0.4053,0.4061,185871.4
2024-09-24 19:50:00,1727207400000,0.4062,0.4071,0.4059,0.4069,400524.4
2024-09-24 19:55:00,1727207700000,0.407,0.4071,0.4063,0.4066,319544.9
2024-09-24 20:00:00,1727208000000,0.4067,0.407,0.4056,0.4066,434185.0
2024-09-24 20:05:00,1727208300000,0.4065,0.4074,0.4051,0.4059,427707.4
2024-09-24 20:10:00,1727208600000,0.4057,0.409,0.4057,0.4069,621927.6
2024-09-24 20:15:00,1727208900000,0.4068,0.4069,0.4063,0.4068,160306.4
2024-09-24 20:20:00,1727209200000,0.4067,0.4098,0.4065,0.4069,943522.8
2024-09-24 20:25:00,1727209500000,0.4071,0.4081,0.4068,0.4077,326814.0
2024-09-24 20:30:00,1727209800000,0.4078,0.4079,0.4073,0.4075,147395.1
2024-09-24 20:35:00,1727210100000,0.4075,0.4076,0.4071,0.4072,89344.9
2024-09-24 20:40:00,1727210400000,0.4072,0.4074,0.407,0.4071,92389.9
2024-09-24 20:45:00,1727210700000,0.4071,0.4073,0.4068,0.4071,118047.0
2024-09-24 20:50:00,1727211000000,0.4072,0.4076,0.4071,0.4073,149697.7
2024-09-24 20:55:00,1727211300000,0.4074,0.4074,0.407,0.4072,43911.4
2024-09-24 21:00:00,1727211600000,0.4072,0.4076,0.4071,0.4075,52434.0
2024-09-24 21:05:00,1727211900000,0.4075,0.4076,0.4073,0.4075,54191.8
2024-09-24 21:10:00,1727212200000,0.4075,0.408,0.4074,0.408,126407.0
2024-09-24 21:15:00,1727212500000,0.408,0.4081,0.4069,0.4073,730005.8
2024-09-24 21:20:00,1727212800000,0.4073,0.4075,0.4066,0.4067,68978.8
2024-09-24 21:25:00,1727213100000,0.4068,0.4075,0.4067,0.4074,190493.8
2024-09-24 21:30:00,1727213400000,0.4074,0.4076,0.4069,0.4069,95861.5
2024-09-24 21:35:00,1727213700000,0.4069,0.407,0.4066,0.4067,39104.4
2024-09-24 21:40:00,1727214000000,0.4066,0.4067,0.4063,0.4063,109234.0
2024-09-24 21:45:00,1727214300000,0.4063,0.4067,0.4063,0.4066,53943.6
2024-09-24 21:50:00,1727214600000,0.4066,0.4067,0.4063,0.4066,124965.5
2024-09-24 21:55:00,1727214900000,0.4066,0.4068,0.4066,0.4068,77105.2
2024-09-24 22:00:00,1727215200000,0.4067,0.4082,0.4067,0.408,424999.3
2024-09-24 22:05:00,1727215500000,0.408,0.4083,0.4078,0.4082,239914.3
2024-09-24 22:10:00,1727215800000,0.4083,0.4092,0.4079,0.4092,499828.2
2024-09-24 22:15:00,1727216100000,0.4092,0.4095,0.4084,0.4085,381285.8
2024-09-24 22:20:00,1727216400000,0.4084,0.4087,0.4081,0.4086,154106.2
2024-09-24 22:25:00,1727216700000,0.4086,0.4095,0.4084,0.4091,419285.8
2024-09-24 22:30:00,1727217000000,0.4091,0.4094,0.4082,0.4091,311397.8
2024-09-24 22:35:00,1727217300000,0.409,0.4092,0.4086,0.4088,279258.8
2024-09-24 22:40:00,1727217600000,0.4089,0.409,0.4078,0.4082,602637.6
2024-09-24 22:45:00,1727217900000,0.4083,0.4083,0.4071,0.4075,716596.8
2024-09-24 22:50:00,1727218200000,0.4076,0.409,0.4076,0.4089,255860.5
2024-09-24 22:55:00,1727218500000,0.4089,0.4098,0.4088,0.4094,432123.8
2024-09-24 23:00:00,1727218800000,0.4094,0.4098,0.4088,0.4095,381688.2
2024-09-24 23:05:00,1727219100000,0.4095,0.4095,0.4087,0.409,260762.9
2024-09-24 23:10:00,1727219400000,0.4091,0.4095,0.4088,0.4091,162888.1
2024-09-24 23:15:00,1727219700000,0.4091,0.4095,0.4088,0.4091,263468.0
2024-09-24 23:20:00,1727220000000,0.4091,0.4096,0.4089,0.4093,57068.3
2024-09-24 23:25:00,1727220300000,0.4094,0.4095,0.4088,0.409,193666.2
2024-09-24 23:30:00,1727220600000,0.4091,0.4092,0.4086,0.409,175562.9
2024-09-24 23:35:00,1727220900000,0.409,0.4091,0.4087,0.4089,71622.2
2024-09-24 23:40:00,1727221200000,0.4089,0.4093,0.4086,0.4092,154674.3
2024-09-24 23:45:00,1727221500000,0.4092,0.4095,0.4091,0.4092,76348.7
2024-09-24 23:50:00,1727221800000,0.4093,0.4094,0.4091,0.4092,129690.7
2024-09-24 23:55:00,1727222100000,0.4091,0.4095,0.409,0.4092,151160.8
2024-09-25 00:00:00,1727222400000,0.4092,0.4099,0.4092,0.4097,342296.8
2024-09-25 00:05:00,1727222700000,0.4097,0.41,0.4095,0.4099,236992.9
2024-09-25 00:10:00,1727223000000,0.4099,0.41,0.4094,0.4096,93523.6
2024-09-25 00:15:00,1727223300000,0.4095,0.4097,0.4089,0.4091,137125.3
2024-09-25 00:20:00,1727223600000,0.409,0.4092,0.4083,0.409,395708.2
2024-09-25 00:25:00,1727223900000,0.409,0.4095,0.4086,0.4095,214248.3
2024-09-25 00:30:00,1727224200000,0.4095,0.4099,0.409,0.4099,274102.1
2024-09-25 00:35:00,1727224500000,0.4099,0.4103,0.4098,0.4102,226076.4
2024-09-25 00:40:00,1727224800000,0.4102,0.4106,0.4096,0.4102,388148.6
2024-09-25 00:45:00,1727225100000,0.4101,0.4101,0.4098,0.4098,103733.6
2024-09-25 00:50:00,1727225400000,0.4097,0.4099,0.408,0.4083,511319.9
2024-09-25 00:55:00,1727225700000,0.4082,0.4091,0.4082,0.409,169413.6
2024-09-25 01:00:00,1727226000000,0.4091,0.4094,0.4087,0.4091,245816.5
2024-09-25 01:05:00,1727226300000,0.4092,0.4097,0.4092,0.4094,187111.0
2024-09-25 01:10:00,1727226600000,0.4094,0.4101,0.4093,0.4101,102749.3
2024-09-25 01:15:00,1727226900000,0.41,0.41,0.4092,0.4095,255013.5
2024-09-25 01:20:00,1727227200000,0.4094,0.4107,0.4093,0.4105,269331.3
2024-09-25 01:25:00,1727227500000,0.4105,0.4119,0.4103,0.4117,347495.3
2024-09-25 01:30:00,1727227800000,0.4118,0.4126,0.4116,0.4124,885196.8
2024-09-25 01:35:00,1727228100000,0.4123,0.4139,0.4122,0.4135,395029.1
2024-09-25 01:40:00,1727228400000,0.4137,0.414,0.4127,0.4129,425469.9
2024-09-25 01:45:00,1727228700000,0.4129,0.413,0.412,0.4124,185665.7
2024-09-25 01:50:00,1727229000000,0.4124,0.4124,0.4117,0.4119,122437.1
2024-09-25 01:55:00,1727229300000,0.412,0.4122,0.4118,0.4118,63617.7
2024-09-25 02:00:00,1727229600000,0.4117,0.412,0.4109,0.411,330746.7
2024-09-25 02:05:00,1727229900000,0.4112,0.4115,0.411,0.4111,179983.5
2024-09-25 02:10:00,1727230200000,0.4112,0.4113,0.4105,0.4112,187639.7
2024-09-25 02:15:00,1727230500000,0.4113,0.4116,0.4109,0.4113,159156.0
2024-09-25 02:20:00,1727230800000,0.4111,0.4117,0.411,0.4115,110151.8
2024-09-25 02:25:00,1727231100000,0.4115,0.4116,0.411,0.4111,69613.3
2024-09-25 02:30:00,1727231400000,0.4111,0.4117,0.411,0.4113,101797.4
2024-09-25 02:35:00,1727231700000,0.4114,0.4118,0.4113,0.4116,111882.3
2024-09-25 02:40:00,1727232000000,0.4116,0.4122,0.4116,0.4122,304166.5
2024-09-25 02:45:00,1727232300000,0.4122,0.4124,0.412,0.4121,84242.5
2024-09-25 02:50:00,1727232600000,0.412,0.4121,0.4117,0.4119,116025.2
2024-09-25 02:55:00,1727232900000,0.4119,0.412,0.4118,0.4118,74857.4
2024-09-25 03:00:00,1727233200000,0.4119,0.412,0.4115,0.412,176991.0
2024-09-25 03:05:00,1727233500000,0.412,0.4121,0.4112,0.4113,105082.5
2024-09-25 03:10:00,1727233800000,0.4113,0.4117,0.411,0.4113,202757.5
2024-09-25 03:15:00,1727234100000,0.4113,0.4113,0.4108,0.4111,207597.2
2024-09-25 03:20:00,1727234400000,0.4111,0.4116,0.411,0.4115,137601.3
2024-09-25 03:25:00,1727234700000,0.4115,0.4115,0.4111,0.4114,183331.5
2024-09-25 03:30:00,1727235000000,0.4114,0.4118,0.4111,0.4115,161484.3
2024-09-25 03:35:00,1727235300000,0.4116,0.4119,0.4114,0.4117,182411.1
2024-09-25 03:40:00,1727235600000,0.4116,0.4118,0.4113,0.4116,110208.6
2024-09-25 03:45:00,1727235900000,0.4116,0.412,0.4116,0.412,138687.3
2024-09-25 03:50:00,1727236200000,0.412,0.4123,0.4119,0.4122,75642.0
2024-09-25 03:55:00,1727236500000,0.4123,0.4131,0.4122,0.4129,239284.2
2024-09-25 04:00:00,1727236800000,0.4128,0.413,0.4125,0.4127,139349.2
2024-09-25 04:05:00,1727237100000,0.4127,0.4129,0.4126,0.4128,69621.3
2024-09-25 04:10:00,1727237400000,0.4128,0.4128,0.4123,0.4123,60748.6
2024-09-25 04:15:00,1727237700000,0.4123,0.4125,0.412,0.4121,154449.1
2024-09-25 04:20:00,1727238000000,0.4121,0.4123,0.4118,0.4119,86865.6
2024-09-25 04:25:00,1727238300000,0.4119,0.4124,0.4119,0.4121,105230.1
2024-09-25 04:30:00,1727238600000,0.4121,0.4121,0.4112,0.4112,187619.4
2024-09-25 04:35:00,1727238900000,0.4113,0.4115,0.411,0.4114,149811.0
2024-09-25 04:40:00,1727239200000,0.4115,0.4116,0.4111,0.4111,112423.6
2024-09-25 04:45:00,1727239500000,0.4111,0.4112,0.4106,0.4111,247486.7
2024-09-25 04:50:00,1727239800000,0.411,0.4111,0.4103,0.4103,191591.6
2024-09-25 04:55:00,1727240100000,0.4103,0.4103,0.4092,0.4092,464668.2
2024-09-25 05:00:00,1727240400000,0.4092,0.41,0.4085,0.4096,361810.4
2024-09-25 05:05:00,1727240700000,0.4096,0.4104,0.4094,0.41,122874.4
2024-09-25 05:10:00,1727241000000,0.4101,0.4103,0.4095,0.4096,138279.6
2024-09-25 05:15:00,1727241300000,0.4096,0.4106,0.4096,0.4104,70742.6
2024-09-25 05:20:00,1727241600000,0.4105,0.4107,0.4101,0.4105,90536.1
2024-09-25 05:25:00,1727241900000,0.4105,0.4105,0.41,0.41,102670.1
2024-09-25 05:30:00,1727242200000,0.4101,0.4103,0.4093,0.4096,708314.9
2024-09-25 05:35:00,1727242500000,0.4095,0.4111,0.4088,0.4099,873582.3
2024-09-25 05:40:00,1727242800000,0.4099,0.4101,0.4097,0.4098,158812.9
2024-09-25 05:45:00,1727243100000,0.4097,0.4098,0.409,0.4091,87719.0
2024-09-25 05:50:00,1727243400000,0.4091,0.4097,0.409,0.4093,139188.9
2024-09-25 05:55:00,1727243700000,0.4093,0.4095,0.4092,0.4093,132788.2
2024-09-25 06:00:00,1727244000000,0.4093,0.4095,0.4091,0.4092,100919.9
2024-09-25 06:05:00,1727244300000,0.4093,0.41,0.4092,0.4093,168487.6
2024-09-25 06:10:00,1727244600000,0.4093,0.4095,0.4085,0.4085,288240.2
2024-09-25 06:15:00,1727244900000,0.4086,0.4086,0.4076,0.4079,162552.4
2024-09-25 06:20:00,1727245200000,0.4079,0.4079,0.4059,0.4071,461441.9
2024-09-25 06:25:00,1727245500000,0.4071,0.4077,0.4069,0.407,238064.4
2024-09-25 06:30:00,1727245800000,0.407,0.407,0.4057,0.4063,308816.7
2024-09-25 06:35:00,1727246100000,0.4062,0.4067,0.4058,0.4067,260063.5
2024-09-25 06:40:00,1727246400000,0.4067,0.4071,0.4063,0.4069,219773.0
2024-09-25 06:45:00,1727246700000,0.407,0.407,0.4065,0.4068,43995.9
2024-09-25 06:50:00,1727247000000,0.4069,0.4071,0.4065,0.4065,109581.5
2024-09-25 06:55:00,1727247300000,0.4065,0.4065,0.4051,0.4056,301354.5
2024-09-25 07:00:00,1727247600000,0.4056,0.406,0.4055,0.4059,128082.5
2024-09-25 07:05:00,1727247900000,0.4058,0.4059,0.4051,0.4056,299502.9
2024-09-25 07:10:00,1727248200000,0.4055,0.4055,0.4046,0.4048,163855.8
2024-09-25 07:15:00,1727248500000,0.4049,0.4049,0.4042,0.4043,288208.5
2024-09-25 07:20:00,1727248800000,0.4043,0.4058,0.404,0.4057,162730.2
2024-09-25 07:25:00,1727249100000,0.4056,0.4063,0.4056,0.4062,89167.1
2024-09-25 07:30:00,1727249400000,0.4063,0.4063,0.4058,0.4061,99863.5
2024-09-25 07:35:00,1727249700000,0.4061,0.4066,0.4059,0.4066,122022.0
2024-09-25 07:40:00,1727250000000,0.4065,0.4068,0.4062,0.4062,196544.9
2024-09-25 07:45:00,1727250300000,0.4064,0.4066,0.406,0.4066,215155.6
2024-09-25 07:50:00,1727250600000,0.4066,0.4068,0.4061,0.4062,71915.3
2024-09-25 07:55:00,1727250900000,0.4063,0.4064,0.4061,0.4063,93075.6
2024-09-25 08:00:00,1727251200000,0.4063,0.4072,0.4061,0.4072,180594.4
2024-09-25 08:05:00,1727251500000,0.4073,0.4075,0.4071,0.4074,258604.2
2024-09-25 08:10:00,1727251800000,0.4074,0.4084,0.4073,0.4081,246395.4
2024-09-25 08:15:00,1727252100000,0.4081,0.4082,0.4077,0.4079,77182.1
2024-09-25 08:20:00,1727252400000,0.4079,0.4084,0.4076,0.4084,134682.8
2024-09-25 08:25:00,1727252700000,0.4085,0.4086,0.4082,0.4084,169570.6
2024-09-25 08:30:00,1727253000000,0.4085,0.4091,0.4082,0.409,218257.2
2024-09-25 08:35:00,1727253300000,0.4089,0.4093,0.4089,0.4092,81831.6
2024-09-25 08:40:00,1727253600000,0.4092,0.4092,0.4089,0.4089,61778.8
2024-09-25 08:45:00,1727253900000,0.4089,0.4092,0.4088,0.4088,88272.2
2024-09-25 08:50:00,1727254200000,0.4088,0.4092,0.4088,0.4088,77850.7
2024-09-25 08:55:00,1727254500000,0.4088,0.4091,0.408,0.4091,276609.3
2024-09-25 09:00:00,1727254800000,0.409,0.4093,0.409,0.4092,119875.8
2024-09-25 09:05:00,1727255100000,0.4093,0.4095,0.4091,0.4091,118799.2
2024-09-25 09:10:00,1727255400000,0.4091,0.4095,0.4091,0.4094,54709.8
2024-09-25 09:15:00,1727255700000,0.4094,0.4094,0.4085,0.4087,172888.8
2024-09-25 09:20:00,1727256000000,0.4087,0.4087,0.4082,0.4083,81949.9
2024-09-25 09:25:00,1727256300000,0.4084,0.4088,0.4083,0.4084,80024.9
2024-09-25 09:30:00,1727256600000,0.4083,0.4089,0.4083,0.4088,51418.5
2024-09-25 09:35:00,1727256900000,0.4088,0.4089,0.4085,0.4085,38249.5
2024-09-25 09:40:00,1727257200000,0.4085,0.4085,0.4079,0.408,142366.3
2024-09-25 09:45:00,1727257500000,0.408,0.4081,0.4077,0.4079,78729.5
2024-09-25 09:50:00,1727257800000,0.4078,0.408,0.4077,0.408,85777.6
2024-09-25 09:55:00,1727258100000,0.4079,0.4081,0.4077,0.4077,82840.4
2024-09-25 10:00:00,1727258400000,0.4077,0.4082,0.4069,0.407,282887.7
2024-09-25 10:05:00,1727258700000,0.4071,0.408,0.4069,0.4078,218500.1
2024-09-25 10:10:00,1727259000000,0.4077,0.4093,0.4076,0.4088,185168.2
2024-09-25 10:15:00,1727259300000,0.4088,0.4091,0.4087,0.409,60886.7
2024-09-25 10:20:00,1727259600000,0.409,0.4093,0.4087,0.4093,67620.3
2024-09-25 10:25:00,1727259900000,0.4092,0.4097,0.4092,0.4095,118633.7
2024-09-25 10:30:00,1727260200000,0.4096,0.4096,0.4087,0.4088,200814.0
2024-09-25 10:35:00,1727260500000,0.4088,0.4094,0.4088,0.4092,188164.0
2024-09-25 10:40:00,1727260800000,0.4091,0.4095,0.4091,0.4095,172336.9
2024-09-25 10:45:00,1727261100000,0.4095,0.4095,0.409,0.4091,78251.5
2024-09-25 10:50:00,1727261400000,0.4091,0.4094,0.4087,0.4087,107864.4
2024-09-25 10:55:00,1727261700000,0.4087,0.409,0.4087,0.4089,41249.2
2024-09-25 11:00:00,1727262000000,0.4089,0.4091,0.4085,0.4086,81289.7
2024-09-25 11:05:00,1727262300000,0.4087,0.409,0.4083,0.4085,158968.2
2024-09-25 11:10:00,1727262600000,0.4085,0.4086,0.4082,0.4083,84435.3
2024-09-25 11:15:00,1727262900000,0.4084,0.4084,0.4076,0.4078,64407.2
2024-09-25 11:20:00,1727263200000,0.4078,0.4079,0.4074,0.4076,95852.0
2024-09-25 11:25:00,1727263500000,0.4075,0.4087,0.4074,0.4085,62210.2
2024-09-25 11:30:00,1727263800000,0.4085,0.4085,0.4081,0.4084,75713.0
2024-09-25 11:35:00,1727264100000,0.4083,0.4092,0.4079,0.4087,599823.4
2024-09-25 11:40:00,1727264400000,0.4088,0.4091,0.4085,0.409,109420.9
2024-09-25 11:45:00,1727264700000,0.409,0.409,0.4083,0.4088,247146.3
2024-09-25 11:50:00,1727265000000,0.4088,0.4092,0.4086,0.4092,111236.6
2024-09-25 11:55:00,1727265300000,0.4092,0.4093,0.4089,0.4093,63606.6
2024-09-25 12:00:00,1727265600000,0.4092,0.4095,0.4091,0.4093,46246.5
2024-09-25 12:05:00,1727265900000,0.4092,0.4097,0.4092,0.4092,85907.1
2024-09-25 12:10:00,1727266200000,0.4091,0.4096,0.409,0.4095,90583.3
2024-09-25 12:15:00,1727266500000,0.4095,0.41,0.4094,0.4095,154191.1
2024-09-25 12:20:00,1727266800000,0.4094,0.4101,0.4093,0.41,120943.1
2024-09-25 12:25:00,1727267100000,0.4099,0.4106,0.4098,0.4104,151077.0
2024-09-25 12:30:00,1727267400000,0.4105,0.4109,0.4105,0.4106,79857.6
2024-09-25 12:35:00,1727267700000,0.4106,0.4112,0.4106,0.4112,114912.5
2024-09-25 12:40:00,1727268000000,0.4112,0.413,0.4112,0.4128,513509.0
2024-09-25 12:45:00,1727268300000,0.4129,0.4132,0.4126,0.4129,353614.3
2024-09-25 12:50:00,1727268600000,0.4129,0.4134,0.4124,0.4124,244087.3
2024-09-25 12:55:00,1727268900000,0.4124,0.413,0.4121,0.4123,193469.3
2024-09-25 13:00:00,1727269200000,0.4123,0.4152,0.412,0.4149,524480.0
2024-09-25 13:05:00,1727269500000,0.415,0.4157,0.4144,0.415,374451.8
2024-09-25 13:10:00,1727269800000,0.4151,0.4154,0.4149,0.415,243686.0
2024-09-25 13:15:00,1727270100000,0.415,0.4163,0.4149,0.416,398377.7
2024-09-25 13:20:00,1727270400000,0.416,0.4161,0.4146,0.4146,293822.0
2024-09-25 13:25:00,1727270700000,0.4147,0.4149,0.4136,0.4136,183143.0
2024-09-25 13:30:00,1727271000000,0.4136,0.4145,0.4126,0.414,265899.5
2024-09-25 13:35:00,1727271300000,0.4139,0.414,0.4128,0.4129,177506.1
2024-09-25 13:40:00,1727271600000,0.4129,0.4129,0.4109,0.4111,430557.1
2024-09-25 13:45:00,1727271900000,0.4111,0.4125,0.4111,0.4124,162528.9
2024-09-25 13:50:00,1727272200000,0.4124,0.4132,0.4122,0.4132,112574.1
2024-09-25 13:55:00,1727272500000,0.4133,0.4134,0.413,0.4132,85122.5
2024-09-25 14:00:00,1727272800000,0.4132,0.4159,0.4132,0.4147,853884.0
2024-09-25 14:05:00,1727273100000,0.4146,0.4152,0.4144,0.4151,154579.8
2024-09-25 14:10:00,1727273400000,0.4151,0.4151,0.4144,0.415,189108.8
2024-09-25 14:15:00,1727273700000,0.415,0.4157,0.4148,0.4153,195122.4
2024-09-25 14:20:00,1727274000000,0.4154,0.4165,0.4153,0.4163,349448.9
2024-09-25 14:25:00,1727274300000,0.4162,0.4168,0.4157,0.416,461067.3
2024-09-25 14:30:00,1727274600000,0.4161,0.4173,0.4159,0.4172,299632.8
2024-09-25 14:35:00,1727274900000,0.4171,0.419,0.4169,0.4187,511217.9
2024-09-25 14:40:00,1727275200000,0.4187,0.4188,0.4173,0.4174,276224.1
2024-09-25 14:45:00,1727275500000,0.4174,0.4181,0.4165,0.4172,296860.8
2024-09-25 14:50:00,1727275800000,0.4172,0.4183,0.4171,0.4179,311205.1
2024-09-25 14:55:00,1727276100000,0.418,0.4186,0.4177,0.4184,128690.5
2024-09-25 15:00:00,1727276400000,0.4184,0.4184,0.4179,0.4183,197454.5
2024-09-25 15:05:00,1727276700000,0.4183,0.4183,0.4162,0.4174,435931.6
2024-09-25 15:10:00,1727277000000,0.4174,0.4174,0.4166,0.4172,234215.1
2024-09-25 15:15:00,1727277300000,0.4171,0.4174,0.4167,0.4173,311590.3
2024-09-25 15:20:00,1727277600000,0.4173,0.4176,0.4168,0.4171,188807.7
2024-09-25 15:25:00,1727277900000,0.417,0.4174,0.4161,0.4166,214193.3
2024-09-25 15:30:00,1727278200000,0.4166,0.4166,0.4143,0.4152,493927.1
2024-09-25 15:35:00,1727278500000,0.4152,0.417,0.4152,0.4166,239602.4
2024-09-25 15:40:00,1727278800000,0.4166,0.4169,0.416,0.4161,73607.4
2024-09-25 15:45:00,1727279100000,0.4162,0.4164,0.4151,0.4153,80635.6
2024-09-25 15:50:00,1727279400000,0.4152,0.4154,0.4145,0.415,124684.2
2024-09-25 15:55:00,1727279700000,0.415,0.415,0.4126,0.4128,268521.2
2024-09-25 16:00:00,1727280000000,0.4127,0.4128,0.4119,0.4123,209702.8
2024-09-25 16:05:00,1727280300000,0.4123,0.4132,0.412,0.413,232340.6
2024-09-25 16:10:00,1727280600000,0.4131,0.4132,0.4124,0.4126,112628.9
2024-09-25 16:15:00,1727280900000,0.4125,0.4137,0.4121,0.4133,212449.9
2024-09-25 16:20:00,1727281200000,0.4132,0.4153,0.4131,0.4147,374216.0
2024-09-25 16:25:00,1727281500000,0.4148,0.4152,0.4146,0.4149,35835.2
2024-09-25 16:30:00,1727281800000,0.415,0.415,0.4134,0.4141,170409.6
2024-09-25 16:35:00,1727282100000,0.414,0.4148,0.4139,0.4148,29828.8
2024-09-25 16:40:00,1727282400000,0.4147,0.4148,0.414,0.4143,68835.6
2024-09-25 16:45:00,1727282700000,0.4143,0.4149,0.4139,0.4139,115154.0
2024-09-25 16:50:00,1727283000000,0.414,0.4149,0.414,0.4148,44927.5
2024-09-25 16:55:00,1727283300000,0.4147,0.4149,0.4143,0.4148,89508.3
2024-09-25 17:00:00,1727283600000,0.4149,0.4153,0.4143,0.415,129291.4
2024-09-25 17:05:00,1727283900000,0.4149,0.4149,0.4134,0.4136,177279.4
2024-09-25 17:10:00,1727284200000,0.4135,0.4139,0.4132,0.4134,63676.6
2024-09-25 17:15:00,1727284500000,0.4134,0.4136,0.4124,0.4127,217383.3
2024-09-25 17:20:00,1727284800000,0.4127,0.4132,0.4123,0.4125,113355.1
2024-09-25 17:25:00,1727285100000,0.4124,0.4126,0.4099,0.4104,561016.5
2024-09-25 17:30:00,1727285400000,0.4104,0.4114,0.4103,0.4104,231360.6
2024-09-25 17:35:00,1727285700000,0.4104,0.4108,0.4097,0.4105,253020.9
2024-09-25 17:40:00,1727286000000,0.4105,0.4105,0.4098,0.4099,106037.0
2024-09-25 17:45:00,1727286300000,0.4099,0.41,0.4092,0.4098,159752.7
2024-09-25 17:50:00,1727286600000,0.4097,0.4097,0.4088,0.4091,108899.9
2024-09-25 17:55:00,1727286900000,0.4091,0.4095,0.4091,0.4093,68186.3
2024-09-25 18:00:00,1727287200000,0.4093,0.4093,0.4084,0.409,147653.0
2024-09-25 18:05:00,1727287500000,0.409,0.4101,0.409,0.4097,62889.5
2024-09-25 18:10:00,1727287800000,0.4096,0.4109,0.4096,0.4106,84857.3
2024-09-25 18:15:00,1727288100000,0.4105,0.4111,0.4103,0.4106,69246.1
2024-09-25 18:20:00,1727288400000,0.4107,0.4107,0.41,0.4105,65095.5
2024-09-25 18:25:00,1727288700000,0.4104,0.4111,0.4104,0.4109,53446.2
2024-09-25 18:30:00,1727289000000,0.411,0.4114,0.4109,0.4111,44187.3
2024-09-25 18:35:00,1727289300000,0.4111,0.4118,0.4111,0.4115,48308.2
2024-09-25 18:40:00,1727289600000,0.4114,0.4117,0.4113,0.4115,46172.2
2024-09-25 18:45:00,1727289900000,0.4115,0.412,0.4114,0.412,109145.4
2024-09-25 18:50:00,1727290200000,0.4121,0.4125,0.412,0.4121,77373.6
2024-09-25 18:55:00,1727290500000,0.412,0.4124,0.4119,0.4124,41206.2
2024-09-25 19:00:00,1727290800000,0.4123,0.4126,0.4123,0.4124,43589.3
2024-09-25 19:05:00,1727291100000,0.4124,0.413,0.4121,0.4128,47875.2
2024-09-25 19:10:00,1727291400000,0.4128,0.4131,0.4126,0.413,67201.2
2024-09-25 19:15:00,1727291700000,0.413,0.4136,0.4126,0.4128,196259.9
2024-09-25 19:20:00,1727292000000,0.4129,0.4132,0.4123,0.4127,201789.2
2024-09-25 19:25:00,1727292300000,0.4127,0.4128,0.4124,0.4126,38930.0
2024-09-25 19:30:00,1727292600000,0.4125,0.4128,0.412,0.4128,64093.2
2024-09-25 19:35:00,1727292900000,0.4127,0.4127,0.4119,0.4119,23914.2
2024-09-25 19:40:00,1727293200000,0.4119,0.4119,0.4113,0.4114,65665.9
2024-09-25 19:45:00,1727293500000,0.4114,0.4116,0.411,0.4111,80541.2
2024-09-25 19:50:00,1727293800000,0.4112,0.4115,0.4112,0.4113,34556.6
2024-09-25 19:55:00,1727294100000,0.4112,0.4114,0.4101,0.4103,88402.8
2024-09-25 20:00:00,1727294400000,0.4104,0.4112,0.4104,0.411,78932.6
2024-09-25 20:05:00,1727294700000,0.4109,0.411,0.4104,0.4105,66246.8
2024-09-25 20:10:00,1727295000000,0.4105,0.4114,0.4105,0.4112,76517.2
2024-09-25 20:15:00,1727295300000,0.4113,0.4117,0.4111,0.4111,82180.2
2024-09-25 20:20:00,1727295600000,0.4111,0.412,0.4108,0.412,99897.6
2024-09-25 20:25:00,1727295900000,0.4119,0.4119,0.4115,0.4117,27364.9
2024-09-25 20:30:00,1727296200000,0.4119,0.4126,0.4119,0.4124,96291.1
2024-09-25 20:35:00,1727296500000,0.4125,0.4127,0.4124,0.4126,26331.3
2024-09-25 20:40:00,1727296800000,0.4126,0.413,0.4125,0.4129,57082.6
2024-09-25 20:45:00,1727297100000,0.4128,0.4135,0.4128,0.4135,58787.7
2024-09-25 20:50:00,1727297400000,0.4134,0.4135,0.4128,0.4129,90133.6
2024-09-25 20:55:00,1727297700000,0.4128,0.413,0.4124,0.4125,41025.0
2024-09-25 21:00:00,1727298000000,0.4125,0.4128,0.4124,0.4126,43104.5
2024-09-25 21:05:00,1727298300000,0.4127,0.4132,0.4127,0.4131,112879.3
2024-09-25 21:10:00,1727298600000,0.413,0.4131,0.4126,0.4128,86107.6
2024-09-25 21:15:00,1727298900000,0.4128,0.4134,0.4128,0.4134,13921.7
2024-09-25 21:20:00,1727299200000,0.4135,0.4138,0.4133,0.4136,68521.6
2024-09-25 21:25:00,1727299500000,0.4137,0.4139,0.4137,0.4139,76336.5
2024-09-25 21:30:00,1727299800000,0.4138,0.4142,0.4138,0.4141,73517.7
2024-09-25 21:35:00,1727300100000,0.4141,0.4142,0.414,0.4142,52220.8
2024-09-25 21:40:00,1727300400000,0.4142,0.4145,0.4141,0.4142,91981.0
2024-09-25 21:45:00,1727300700000,0.4141,0.4146,0.4141,0.4146,79056.3
2024-09-25 21:50:00,1727301000000,0.4146,0.4149,0.4144,0.4146,210314.4
2024-09-25 21:55:00,1727301300000,0.4146,0.4153,0.4145,0.4146,153226.8
2024-09-25 22:00:00,1727301600000,0.4145,0.4148,0.4139,0.4141,175385.5
2024-09-25 22:05:00,1727301900000,0.4141,0.4146,0.4135,0.4135,431012.8
2024-09-25 22:10:00,1727302200000,0.4135,0.4136,0.4119,0.412,88370.5
2024-09-25 22:15:00,1727302500000,0.4119,0.4135,0.4118,0.413,587891.1
2024-09-25 22:20:00,1727302800000,0.413,0.4133,0.4123,0.4129,288364.0
2024-09-25 22:25:00,1727303100000,0.4129,0.4134,0.4127,0.4132,256538.9
2024-09-25 22:30:00,1727303400000,0.4132,0.4146,0.4131,0.4144,366552.7
2024-09-25 22:35:00,1727303700000,0.4144,0.4144,0.4135,0.4137,183468.1
2024-09-25 22:40:00,1727304000000,0.4137,0.4137,0.4123,0.4123,193289.9
2024-09-25 22:45:00,1727304300000,0.4122,0.4127,0.4112,0.4122,355434.3
2024-09-25 22:50:00,1727304600000,0.412,0.4137,0.4118,0.4131,407903.9
2024-09-25 22:55:00,1727304900000,0.4131,0.4138,0.413,0.4133,170998.2
2024-09-25 23:00:00,1727305200000,0.4133,0.4135,0.4124,0.4124,246111.2
2024-09-25 23:05:00,1727305500000,0.4123,0.4126,0.4118,0.4119,237346.7
2024-09-25 23:10:00,1727305800000,0.4119,0.4125,0.411,0.4111,254566.4
2024-09-25 23:15:00,1727306100000,0.4111,0.4118,0.411,0.4115,109235.1
2024-09-25 23:20:00,1727306400000,0.4116,0.4116,0.41,0.4102,147104.2
2024-09-25 23:25:00,1727306700000,0.4101,0.4108,0.4101,0.4105,83960.0
2024-09-25 23:30:00,1727307000000,0.4106,0.4106,0.4092,0.4094,213897.3
2024-09-25 23:35:00,1727307300000,0.4094,0.4104,0.4092,0.4093,177931.1
2024-09-25 23:40:00,1727307600000,0.4093,0.4093,0.4087,0.4089,257614.8
2024-09-25 23:45:00,1727307900000,0.4089,0.4093,0.4085,0.4086,149212.7
2024-09-25 23:50:00,1727308200000,0.4085,0.4099,0.4085,0.4099,158045.1
2024-09-25 23:55:00,1727308500000,0.4099,0.4101,0.4093,0.4095,69383.9
2024-09-26 00:00:00,1727308800000,0.4095,0.4101,0.4094,0.4099,172215.1
2024-09-26 00:05:00,1727309100000,0.4099,0.4113,0.4099,0.4113,115928.8
2024-09-26 00:10:00,1727309400000,0.4112,0.4113,0.4107,0.4107,82480.5
2024-09-26 00:15:00,1727309700000,0.4108,0.4114,0.4108,0.4112,46689.9
2024-09-26 00:20:00,1727310000000,0.4112,0.4113,0.4102,0.4105,208900.1
2024-09-26 00:25:00,1727310300000,0.4105,0.4107,0.4102,0.4106,55380.6
2024-09-26 00:30:00,1727310600000,0.4106,0.411,0.4103,0.4103,156404.1
2024-09-26 00:35:00,1727310900000,0.4104,0.4104,0.4083,0.4085,219243.6
2024-09-26 00:40:00,1727311200000,0.4085,0.4088,0.4072,0.4079,322305.3
2024-09-26 00:45:00,1727311500000,0.4079,0.4079,0.4041,0.4042,1434763.6
2024-09-26 00:50:00,1727311800000,0.4043,0.4049,0.4029,0.4049,820269.6
2024-09-26 00:55:00,1727312100000,0.4047,0.4047,0.4038,0.4041,125547.0
2024-09-26 01:00:00,1727312400000,0.404,0.404,0.403,0.4037,210796.8
2024-09-26 01:05:00,1727312700000,0.4037,0.4039,0.4033,0.4034,164326.6
2024-09-26 01:10:00,1727313000000,0.4035,0.4063,0.4035,0.4059,249122.4
2024-09-26 01:15:00,1727313300000,0.4059,0.4059,0.4047,0.4049,125778.7
2024-09-26 01:20:00,1727313600000,0.4049,0.4053,0.4038,0.4048,197995.5
2024-09-26 01:25:00,1727313900000,0.4049,0.4052,0.4044,0.405,122647.5
2024-09-26 01:30:00,1727314200000,0.4051,0.4052,0.4044,0.4045,141103.4
2024-09-26 01:35:00,1727314500000,0.4044,0.4046,0.4028,0.4036,245964.8
2024-09-26 01:40:00,1727314800000,0.4036,0.4057,0.4036,0.4055,185799.1
2024-09-26 01:45:00,1727315100000,0.4056,0.4063,0.4055,0.4063,40331.7
2024-09-26 01:50:00,1727315400000,0.4064,0.4068,0.4063,0.4065,47092.2
2024-09-26 01:55:00,1727315700000,0.4064,0.4073,0.4064,0.4073,87050.1
2024-09-26 02:00:00,1727316000000,0.4073,0.4084,0.4072,0.4077,379687.7
2024-09-26 02:05:00,1727316300000,0.4077,0.4091,0.4077,0.409,359000.6
2024-09-26 02:10:00,1727316600000,0.409,0.4092,0.4085,0.4085,164176.4
2024-09-26 02:15:00,1727316900000,0.4086,0.4097,0.4086,0.4092,110723.9
2024-09-26 02:20:00,1727317200000,0.4094,0.4096,0.4093,0.4093,59534.1
2024-09-26 02:25:00,1727317500000,0.4093,0.4096,0.4091,0.4093,60961.9
2024-09-26 02:30:00,1727317800000,0.4093,0.41,0.4091,0.4097,145813.0
2024-09-26 02:35:00,1727318100000,0.4098,0.4098,0.4093,0.4095,45302.4
2024-09-26 02:40:00,1727318400000,0.4094,0.4097,0.409,0.4096,112759.4
2024-09-26 02:45:00,1727318700000,0.4096,0.4102,0.4094,0.4101,189054.3
2024-09-26 02:50:00,1727319000000,0.4102,0.4109,0.4101,0.4108,218083.1
2024-09-26 02:55:00,1727319300000,0.4108,0.4113,0.4107,0.411,84461.3
2024-09-26 03:00:00,1727319600000,0.411,0.4115,0.411,0.4114,116970.8
2024-09-26 03:05:00,1727319900000,0.4114,0.4115,0.411,0.4112,80422.1
2024-09-26 03:10:00,1727320200000,0.411,0.4115,0.4107,0.4114,111507.8
2024-09-26 03:15:00,1727320500000,0.4113,0.4121,0.4113,0.4118,166809.5
2024-09-26 03:20:00,1727320800000,0.4117,0.4117,0.4112,0.4114,184636.3
2024-09-26 03:25:00,1727321100000,0.4114,0.4114,0.4104,0.4104,48629.0
2024-09-26 03:30:00,1727321400000,0.4104,0.4111,0.4102,0.4109,188003.4
2024-09-26 03:35:00,1727321700000,0.411,0.4114,0.4108,0.4114,108074.6
2024-09-26 03:40:00,1727322000000,0.4114,0.4117,0.4112,0.4114,100319.0
2024-09-26 03:45:00,1727322300000,0.4114,0.412,0.4114,0.4119,192570.7
2024-09-26 03:50:00,1727322600000,0.4119,0.412,0.4115,0.4116,162495.9
2024-09-26 03:55:00,1727322900000,0.4116,0.4118,0.4114,0.4117,118279.1
2024-09-26 04:00:00,1727323200000,0.4118,0.4118,0.411,0.4111,164352.5
2024-09-26 04:05:00,1727323500000,0.4112,0.4116,0.4109,0.4112,76500.8
2024-09-26 04:10:00,1727323800000,0.4111,0.4115,0.411,0.4111,37738.2
2024-09-26 04:15:00,1727324100000,0.4111,0.4115,0.411,0.4112,53606.9
2024-09-26 04:20:00,1727324400000,0.4114,0.4115,0.4109,0.4115,188439.2
2024-09-26 04:25:00,1727324700000,0.4115,0.4117,0.4114,0.4114,14989.5
2024-09-26 04:30:00,1727325000000,0.4115,0.4115,0.4108,0.4115,136089.5
2024-09-26 04:35:00,1727325300000,0.4114,0.4117,0.4112,0.4116,103940.9
2024-09-26 04:40:00,1727325600000,0.4116,0.4118,0.4112,0.4112,65967.0
2024-09-26 04:45:00,1727325900000,0.4112,0.4113,0.4104,0.4105,61359.2
2024-09-26 04:50:00,1727326200000,0.4104,0.4104,0.4093,0.4094,282184.1
2024-09-26 04:55:00,1727326500000,0.4094,0.4101,0.4092,0.4099,146578.8
2024-09-26 05:00:00,1727326800000,0.4099,0.4099,0.409,0.4093,389285.6
2024-09-26 05:05:00,1727327100000,0.4092,0.4102,0.409,0.4102,293030.8
2024-09-26 05:10:00,1727327400000,0.4102,0.4104,0.4099,0.4103,71072.9
2024-09-26 05:15:00,1727327700000,0.4103,0.4112,0.4102,0.4112,62488.6
2024-09-26 05:20:00,1727328000000,0.4112,0.4116,0.4107,0.4116,203824.7
2024-09-26 05:25:00,1727328300000,0.4115,0.4123,0.4115,0.4119,575362.9
2024-09-26 05:30:00,1727328600000,0.412,0.4126,0.4119,0.4121,199459.7
2024-09-26 05:35:00,1727328900000,0.4122,0.4123,0.4116,0.412,143888.5
2024-09-26 05:40:00,1727329200000,0.412,0.413,0.4119,0.4128,165291.5
2024-09-26 05:45:00,1727329500000,0.4129,0.4133,0.4128,0.4133,131525.0
2024-09-26 05:50:00,1727329800000,0.4132,0.4138,0.4127,0.4136,308645.8
2024-09-26 05:55:00,1727330100000,0.4136,0.4137,0.4129,0.4137,101280.6
2024-09-26 06:00:00,1727330400000,0.4136,0.4138,0.413,0.4133,193452.7
2024-09-26 06:05:00,1727330700000,0.4133,0.4136,0.413,0.4136,162352.9
2024-09-26 06:10:00,1727331000000,0.4135,0.4136,0.4131,0.4135,90427.2
2024-09-26 06:15:00,1727331300000,0.4134,0.4142,0.413,0.414,167176.3
2024-09-26 06:20:00,1727331600000,0.414,0.4142,0.4136,0.4137,216419.5
2024-09-26 06:25:00,1727331900000,0.4137,0.4146,0.4137,0.4143,116642.0
2024-09-26 06:30:00,1727332200000,0.4143,0.4183,0.4141,0.4182,2110524.0
2024-09-26 06:35:00,1727332500000,0.4182,0.4185,0.4172,0.4175,489093.2
2024-09-26 06:40:00,1727332800000,0.4175,0.4177,0.4164,0.4169,347709.7
2024-09-26 06:45:00,1727333100000,0.4169,0.4171,0.4163,0.4166,311688.8
2024-09-26 06:50:00,1727333400000,0.4166,0.4184,0.4166,0.4177,324848.7
2024-09-26 06:55:00,1727333700000,0.4177,0.418,0.417,0.4179,101859.3
2024-09-26 07:00:00,1727334000000,0.4179,0.4187,0.4179,0.4185,199023.0
2024-09-26 07:05:00,1727334300000,0.4185,0.4186,0.418,0.4182,205663.3
2024-09-26 07:10:00,1727334600000,0.4183,0.4183,0.4168,0.4168,311847.5
2024-09-26 07:15:00,1727334900000,0.4169,0.4182,0.4168,0.4182,167228.9
2024-09-26 07:20:00,1727335200000,0.4182,0.4185,0.4178,0.4184,175498.4
2024-09-26 07:25:00,1727335500000,0.4185,0.4186,0.4179,0.4181,166167.5
2024-09-26 07:30:00,1727335800000,0.4181,0.4181,0.4173,0.4177,129460.0
2024-09-26 07:35:00,1727336100000,0.4176,0.4176,0.4166,0.4171,421289.9
2024-09-26 07:40:00,1727336400000,0.4171,0.4173,0.4167,0.417,211844.0
2024-09-26 07:45:00,1727336700000,0.4169,0.4179,0.4169,0.4176,113912.5
2024-09-26 07:50:00,1727337000000,0.4175,0.4181,0.4173,0.4179,247502.1
2024-09-26 07:55:00,1727337300000,0.4179,0.418,0.4175,0.4178,67599.1
2024-09-26 08:00:00,1727337600000,0.4178,0.4183,0.4178,0.4181,77996.9
2024-09-26 08:05:00,1727337900000,0.4181,0.4184,0.4179,0.4183,100712.0
2024-09-26 08:10:00,1727338200000,0.4184,0.4189,0.4178,0.4179,209143.8
2024-09-26 08:15:00,1727338500000,0.4178,0.4187,0.4177,0.4182,213488.3
2024-09-26 08:20:00,1727338800000,0.4183,0.4183,0.4178,0.418,156847.5
2024-09-26 08:25:00,1727339100000,0.4179,0.418,0.4175,0.418,147185.0
2024-09-26 08:30:00,1727339400000,0.4179,0.418,0.4172,0.4177,55397.2
2024-09-26 08:35:00,1727339700000,0.4176,0.4182,0.4174,0.4174,81311.9
2024-09-26 08:40:00,1727340000000,0.4175,0.4175,0.4165,0.4165,114590.5
2024-09-26 08:45:00,1727340300000,0.4165,0.4167,0.4158,0.4165,431966.0
2024-09-26 08:50:00,1727340600000,0.4165,0.4173,0.4165,0.4167,153916.4
2024-09-26 08:55:00,1727340900000,0.4168,0.4171,0.4165,0.4165,138141.5
2024-09-26 09:00:00,1727341200000,0.4166,0.4172,0.4165,0.4169,145112.4
2024-09-26 09:05:00,1727341500000,0.4167,0.4168,0.416,0.4161,190400.8
2024-09-26 09:10:00,1727341800000,0.4161,0.4165,0.4159,0.4165,84428.2
2024-09-26 09:15:00,1727342100000,0.4166,0.4168,0.4164,0.4165,118470.2
2024-09-26 09:20:00,1727342400000,0.4165,0.4171,0.4165,0.4166,99961.1
2024-09-26 09:25:00,1727342700000,0.4167,0.4184,0.4166,0.4181,252089.2
2024-09-26 09:30:00,1727343000000,0.4182,0.4184,0.4178,0.4183,193127.1
2024-09-26 09:35:00,1727343300000,0.4184,0.4197,0.4184,0.4195,409138.5
2024-09-26 09:40:00,1727343600000,0.4194,0.4198,0.4192,0.4197,230788.2
2024-09-26 09:45:00,1727343900000,0.4197,0.4202,0.4197,0.4199,349545.4
2024-09-26 09:50:00,1727344200000,0.4199,0.4209,0.4198,0.4206,277636.4
2024-09-26 09:55:00,1727344500000,0.4206,0.421,0.4202,0.4208,231520.3
2024-09-26 10:00:00,1727344800000,0.4208,0.4229,0.4208,0.4228,831575.6
2024-09-26 10:05:00,1727345100000,0.4228,0.4251,0.4227,0.4247,947593.1
2024-09-26 10:10:00,1727345400000,0.4247,0.4251,0.4233,0.425,552404.6
2024-09-26 10:15:00,1727345700000,0.425,0.426,0.4249,0.425,558826.4
2024-09-26 10:20:00,1727346000000,0.425,0.4257,0.4235,0.4237,298887.5
2024-09-26 10:25:00,1727346300000,0.4237,0.4241,0.4226,0.4233,372245.6
2024-09-26 10:30:00,1727346600000,0.4233,0.4249,0.4233,0.4246,331457.8
2024-09-26 10:35:00,1727346900000,0.4246,0.4247,0.4238,0.424,156001.7
2024-09-26 10:40:00,1727347200000,0.424,0.4248,0.4238,0.424,91291.1
2024-09-26 10:45:00,1727347500000,0.4239,0.4241,0.423,0.4235,230288.8
2024-09-26 10:50:00,1727347800000,0.4235,0.4237,0.4229,0.4232,306962.7
2024-09-26 10:55:00,1727348100000,0.4232,0.4232,0.4227,0.4231,242772.1
2024-09-26 11:00:00,1727348400000,0.4231,0.4235,0.4222,0.4223,265487.7
2024-09-26 11:05:00,1727348700000,0.4223,0.4227,0.4217,0.4218,162622.8
2024-09-26 11:10:00,1727349000000,0.4216,0.4226,0.4216,0.4225,211139.9
2024-09-26 11:15:00,1727349300000,0.4226,0.423,0.4222,0.4222,172739.0
2024-09-26 11:20:00,1727349600000,0.4223,0.4226,0.4213,0.4214,121120.3
2024-09-26 11:25:00,1727349900000,0.4213,0.4214,0.4205,0.4207,320703.6
2024-09-26 11:30:00,1727350200000,0.4208,0.4213,0.4205,0.4205,286070.3
2024-09-26 11:35:00,1727350500000,0.4206,0.4219,0.4205,0.4218,259983.1
2024-09-26 11:40:00,1727350800000,0.4219,0.4221,0.4216,0.4218,95094.7
2024-09-26 11:45:00,1727351100000,0.4218,0.4219,0.4213,0.4218,88637.9
2024-09-26 11:50:00,1727351400000,0.4219,0.4222,0.4211,0.4211,274279.8
2024-09-26 11:55:00,1727351700000,0.421,0.4211,0.4203,0.4208,324742.8
2024-09-26 12:00:00,1727352000000,0.421,0.4216,0.4208,0.421,78958.2
2024-09-26 12:05:00,1727352300000,0.421,0.421,0.4199,0.4199,180456.6
2024-09-26 12:10:00,1727352600000,0.4199,0.4206,0.4197,0.4206,194615.8
2024-09-26 12:15:00,1727352900000,0.4205,0.4206,0.42,0.4204,243343.4
2024-09-26 12:20:00,1727353200000,0.4204,0.4204,0.4196,0.4201,165653.5
2024-09-26 12:25:00,1727353500000,0.4202,0.4203,0.4198,0.4203,184621.1
2024-09-26 12:30:00,1727353800000,0.4203,0.425,0.4202,0.4216,2263445.7
2024-09-26 12:35:00,1727354100000,0.4217,0.4224,0.4215,0.4216,491861.6
2024-09-26 12:40:00,1727354400000,0.4216,0.4239,0.4216,0.4235,411309.5
2024-09-26 12:45:00,1727354700000,0.4234,0.4237,0.4232,0.4233,132741.7
2024-09-26 12:50:00,1727355000000,0.4233,0.4241,0.423,0.4239,226725.8
2024-09-26 12:55:00,1727355300000,0.424,0.4242,0.4235,0.424,204033.0
2024-09-26 13:00:00,1727355600000,0.424,0.4249,0.4239,0.4249,500081.4
2024-09-26 13:05:00,1727355900000,0.4248,0.425,0.4246,0.4249,220618.7
2024-09-26 13:10:00,1727356200000,0.4248,0.425,0.4245,0.425,188066.6
2024-09-26 13:15:00,1727356500000,0.425,0.425,0.4248,0.4249,272764.1
2024-09-26 13:20:00,1727356800000,0.4248,0.4249,0.4224,0.4225,416641.1
2024-09-26 13:25:00,1727357100000,0.4225,0.4237,0.4223,0.4235,356396.3
2024-09-26 13:30:00,1727357400000,0.4236,0.4238,0.4224,0.4232,303863.4
2024-09-26 13:35:00,1727357700000,0.4232,0.4238,0.4224,0.4224,348345.8
2024-09-26 13:40:00,1727358000000,0.4224,0.4234,0.422,0.4229,262042.8
2024-09-26 13:45:00,1727358300000,0.423,0.4232,0.4216,0.4218,136229.1
2024-09-26 13:50:00,1727358600000,0.4217,0.4219,0.4206,0.4217,260463.8
2024-09-26 13:55:00,1727358900000,0.4217,0.4224,0.4214,0.4224,147151.3
2024-09-26 14:00:00,1727359200000,0.4224,0.4232,0.4223,0.4231,130689.2
2024-09-26 14:05:00,1727359500000,0.4231,0.4238,0.4223,0.4238,314573.4
2024-09-26 14:10:00,1727359800000,0.4237,0.4246,0.4228,0.4231,417164.9
2024-09-26 14:15:00,1727360100000,0.4232,0.425,0.4231,0.4248,329787.2
2024-09-26 14:20:00,1727360400000,0.4247,0.4259,0.4246,0.4249,678687.7
2024-09-26 14:25:00,1727360700000,0.4249,0.425,0.4227,0.4231,626549.5
2024-09-26 14:30:00,1727361000000,0.4232,0.4234,0.422,0.4222,202459.0
2024-09-26 14:35:00,1727361300000,0.4222,0.4236,0.4221,0.4231,311034.4
2024-09-26 14:40:00,1727361600000,0.4231,0.4237,0.4228,0.4234,308605.1
2024-09-26 14:45:00,1727361900000,0.4235,0.4262,0.4235,0.4259,592923.7
2024-09-26 14:50:00,1727362200000,0.426,0.4261,0.425,0.4259,344163.1
2024-09-26 14:55:00,1727362500000,0.4259,0.4259,0.4235,0.4236,597292.6
2024-09-26 15:00:00,1727362800000,0.4236,0.4243,0.4221,0.4241,726199.2
2024-09-26 15:05:00,1727363100000,0.4242,0.4251,0.4235,0.4247,290335.9
2024-09-26 15:10:00,1727363400000,0.4247,0.4261,0.4245,0.4261,227480.5
2024-09-26 15:15:00,1727363700000,0.426,0.4276,0.4258,0.427,547416.8
2024-09-26 15:20:00,1727364000000,0.4269,0.4274,0.4267,0.427,343703.3
2024-09-26 15:25:00,1727364300000,0.4271,0.4273,0.4262,0.427,395383.0
2024-09-26 15:30:00,1727364600000,0.4271,0.4284,0.4268,0.4281,383458.5
2024-09-26 15:35:00,1727364900000,0.4282,0.4286,0.4279,0.4281,467096.0
2024-09-26 15:40:00,1727365200000,0.4281,0.4289,0.4276,0.4279,637101.1
2024-09-26 15:45:00,1727365500000,0.4279,0.429,0.4278,0.4281,456957.0
2024-09-26 15:50:00,1727365800000,0.4281,0.4281,0.4265,0.4266,166365.0
2024-09-26 15:55:00,1727366100000,0.4266,0.4282,0.4263,0.4277,147490.2
2024-09-26 16:00:00,1727366400000,0.4278,0.4286,0.4276,0.4284,464635.0
2024-09-26 16:05:00,1727366700000,0.4284,0.4298,0.4282,0.4293,424133.4
2024-09-26 16:10:00,1727367000000,0.4293,0.4303,0.4293,0.4302,361796.6
2024-09-26 16:15:00,1727367300000,0.4302,0.4305,0.4298,0.43,156566.0
2024-09-26 16:20:00,1727367600000,0.4301,0.4305,0.4299,0.4305,162781.7
2024-09-26 16:25:00,1727367900000,0.4305,0.431,0.4301,0.4302,169759.7
2024-09-26 16:30:00,1727368200000,0.4303,0.4308,0.43,0.4305,171540.8
2024-09-26 16:35:00,1727368500000,0.4305,0.4307,0.4302,0.4307,131321.1
2024-09-26 16:40:00,1727368800000,0.4307,0.4307,0.4303,0.4305,63114.2
2024-09-26 16:45:00,1727369100000,0.4304,0.4311,0.4304,0.4306,111701.7
2024-09-26 16:50:00,1727369400000,0.4307,0.4307,0.4294,0.4299,272359.8
2024-09-26 16:55:00,1727369700000,0.4299,0.4299,0.4283,0.4284,522991.8
2024-09-26 17:00:00,1727370000000,0.4284,0.4303,0.4278,0.4301,340340.8
2024-09-26 17:05:00,1727370300000,0.4301,0.4318,0.4298,0.4315,204412.1
2024-09-26 17:10:00,1727370600000,0.4315,0.4323,0.4314,0.4317,197638.6
2024-09-26 17:15:00,1727370900000,0.432,0.4321,0.4308,0.4309,155891.6
2024-09-26 17:20:00,1727371200000,0.4309,0.4312,0.4297,0.4301,401661.1
2024-09-26 17:25:00,1727371500000,0.43,0.4302,0.4287,0.429,163953.4
2024-09-26 17:30:00,1727371800000,0.4291,0.4294,0.4282,0.4283,154857.0
2024-09-26 17:35:00,1727372100000,0.4282,0.4282,0.4261,0.4263,525218.5
2024-09-26 17:40:00,1727372400000,0.4263,0.4272,0.4256,0.427,258878.1
2024-09-26 17:45:00,1727372700000,0.427,0.428,0.4269,0.4271,128406.9
2024-09-26 17:50:00,1727373000000,0.4271,0.4275,0.4262,0.4263,59228.8
2024-09-26 17:55:00,1727373300000,0.4264,0.4267,0.4257,0.4258,57169.5
2024-09-26 18:00:00,1727373600000,0.4258,0.4265,0.4252,0.4263,188743.5
2024-09-26 18:05:00,1727373900000,0.4263,0.4271,0.4263,0.4265,66776.9
2024-09-26 18:10:00,1727374200000,0.4265,0.4275,0.426,0.4275,122929.3
2024-09-26 18:15:00,1727374500000,0.4276,0.4283,0.4271,0.4271,104764.2
2024-09-26 18:20:00,1727374800000,0.4272,0.4276,0.4264,0.4266,90507.5
2024-09-26 18:25:00,1727375100000,0.4268,0.4268,0.4263,0.4263,22201.9
2024-09-26 18:30:00,1727375400000,0.4263,0.4271,0.4262,0.4265,168513.6
2024-09-26 18:35:00,1727375700000,0.4265,0.4275,0.4262,0.4274,373998.6
2024-09-26 18:40:00,1727376000000,0.4274,0.4277,0.4268,0.4268,58362.2
2024-09-26 18:45:00,1727376300000,0.4267,0.4274,0.4266,0.4267,95657.6
2024-09-26 18:50:00,1727376600000,0.4266,0.4277,0.426,0.4277,277733.7
2024-09-26 18:55:00,1727376900000,0.4277,0.4287,0.4276,0.4286,139929.1
2024-09-26 19:00:00,1727377200000,0.4286,0.4289,0.4279,0.4288,157737.1
2024-09-26 19:05:00,1727377500000,0.4289,0.4289,0.4281,0.4285,24176.1
2024-09-26 19:10:00,1727377800000,0.4285,0.4288,0.428,0.4285,59443.1
2024-09-26 19:15:00,1727378100000,0.4284,0.4288,0.4283,0.4283,29145.0
2024-09-26 19:20:00,1727378400000,0.4282,0.4289,0.4282,0.4289,114251.2
2024-09-26 19:25:00,1727378700000,0.4288,0.4289,0.4285,0.4286,68610.2
2024-09-26 19:30:00,1727379000000,0.4285,0.4286,0.4267,0.4277,480480.4
2024-09-26 19:35:00,1727379300000,0.4277,0.4279,0.4269,0.4279,163484.6
2024-09-26 19:40:00,1727379600000,0.428,0.4282,0.4275,0.428,66743.3
2024-09-26 19:45:00,1727379900000,0.428,0.428,0.4268,0.4271,76846.1
2024-09-26 19:50:00,1727380200000,0.4271,0.4274,0.4262,0.4263,128130.6
2024-09-26 19:55:00,1727380500000,0.4263,0.4264,0.4255,0.4257,209943.1
2024-09-26 20:00:00,1727380800000,0.4256,0.4265,0.4256,0.426,68522.7
2024-09-26 20:05:00,1727381100000,0.4259,0.4259,0.4251,0.4259,101696.7
2024-09-26 20:10:00,1727381400000,0.4259,0.4259,0.4246,0.4247,201935.9
2024-09-26 20:15:00,1727381700000,0.4247,0.4254,0.4247,0.4253,155459.4
2024-09-26 20:20:00,1727382000000,0.4253,0.4253,0.4235,0.4237,206331.9
2024-09-26 20:25:00,1727382300000,0.4238,0.4238,0.4225,0.4226,171395.1
2024-09-26 20:30:00,1727382600000,0.4226,0.4232,0.4223,0.4227,170449.2
2024-09-26 20:35:00,1727382900000,0.4226,0.4233,0.4223,0.4233,129901.1
2024-09-26 20:40:00,1727383200000,0.4233,0.4233,0.4224,0.4226,51953.5
2024-09-26 20:45:00,1727383500000,0.4227,0.4233,0.4213,0.4219,186357.5
2024-09-26 20:50:00,1727383800000,0.4218,0.4221,0.4213,0.422,83902.3
2024-09-26 20:55:00,1727384100000,0.4219,0.4219,0.4213,0.4215,34276.7
2024-09-26 21:00:00,1727384400000,0.4214,0.4219,0.4212,0.4216,120741.1
2024-09-26 21:05:00,1727384700000,0.4217,0.4225,0.4217,0.4224,115496.9
2024-09-26 21:10:00,1727385000000,0.4224,0.4232,0.4224,0.4231,38102.9
2024-09-26 21:15:00,1727385300000,0.4232,0.4245,0.4232,0.4243,217415.2
2024-09-26 21:20:00,1727385600000,0.4245,0.426,0.4245,0.4248,248835.1
2024-09-26 21:25:00,1727385900000,0.4248,0.4248,0.424,0.4241,54197.9
2024-09-26 21:30:00,1727386200000,0.4241,0.4244,0.4239,0.4242,57941.4
2024-09-26 21:35:00,1727386500000,0.4242,0.4249,0.4242,0.4248,53247.0
2024-09-26 21:40:00,1727386800000,0.4249,0.4249,0.4236,0.4237,179139.2
2024-09-26 21:45:00,1727387100000,0.4236,0.4236,0.4232,0.4233,107066.7
2024-09-26 21:50:00,1727387400000,0.4234,0.4238,0.4233,0.4238,44268.1
2024-09-26 21:55:00,1727387700000,0.4238,0.4246,0.4236,0.4246,89366.7
2024-09-26 22:00:00,1727388000000,0.4245,0.4251,0.4243,0.425,111639.7
2024-09-26 22:05:00,1727388300000,0.425,0.4255,0.4246,0.4251,192876.4
2024-09-26 22:10:00,1727388600000,0.425,0.4258,0.425,0.4251,167935.4
2024-09-26 22:15:00,1727388900000,0.4253,0.4256,0.4248,0.4253,193345.8
2024-09-26 22:20:00,1727389200000,0.4253,0.4258,0.4249,0.425,127171.4
2024-09-26 22:25:00,1727389500000,0.4249,0.4251,0.4245,0.4246,129797.7
2024-09-26 22:30:00,1727389800000,0.4247,0.4255,0.4247,0.4254,86614.0
2024-09-26 22:35:00,1727390100000,0.4254,0.4258,0.4252,0.4257,74352.7
2024-09-26 22:40:00,1727390400000,0.4256,0.4257,0.4253,0.4257,71519.2
2024-09-26 22:45:00,1727390700000,0.4257,0.426,0.4249,0.4252,191582.1
2024-09-26 22:50:00,1727391000000,0.4252,0.4255,0.4251,0.4254,58956.7
2024-09-26 22:55:00,1727391300000,0.4252,0.4261,0.425,0.4259,224699.6
2024-09-26 23:00:00,1727391600000,0.4259,0.426,0.4256,0.4258,160365.7
2024-09-26 23:05:00,1727391900000,0.4258,0.4258,0.4248,0.4248,83111.7
2024-09-26 23:10:00,1727392200000,0.4249,0.425,0.424,0.424,121637.8
2024-09-26 23:15:00,1727392500000,0.4241,0.4241,0.4226,0.4228,149878.1
2024-09-26 23:20:00,1727392800000,0.4227,0.4247,0.422,0.4247,713799.0
2024-09-26 23:25:00,1727393100000,0.4247,0.4247,0.4237,0.4242,99126.7
2024-09-26 23:30:00,1727393400000,0.4242,0.4244,0.4236,0.4243,187368.3
2024-09-26 23:35:00,1727393700000,0.4243,0.4249,0.4239,0.4248,168856.3
2024-09-26 23:40:00,1727394000000,0.4247,0.4254,0.4247,0.4251,133649.7
2024-09-26 23:45:00,1727394300000,0.4251,0.4258,0.425,0.4258,128404.2
2024-09-26 23:50:00,1727394600000,0.4259,0.426,0.4252,0.4253,51550.5
2024-09-26 23:55:00,1727394900000,0.4255,0.4258,0.4255,0.4257,107463.7
2024-09-27 00:00:00,1727395200000,0.4256,0.4258,0.4249,0.4258,391765.0
2024-09-27 00:05:00,1727395500000,0.4258,0.4263,0.4254,0.426,289470.6
2024-09-27 00:10:00,1727395800000,0.4258,0.4264,0.425,0.4261,112562.6
2024-09-27 00:15:00,1727396100000,0.4261,0.4271,0.4259,0.4269,251687.5
2024-09-27 00:20:00,1727396400000,0.4269,0.4269,0.4259,0.4266,208192.2
2024-09-27 00:25:00,1727396700000,0.4266,0.4271,0.4261,0.4271,204348.1
2024-09-27 00:30:00,1727397000000,0.4271,0.4278,0.427,0.4276,232254.7
2024-09-27 00:35:00,1727397300000,0.4276,0.4278,0.4266,0.4268,243206.6
2024-09-27 00:40:00,1727397600000,0.4269,0.4275,0.4264,0.4271,276065.1
2024-09-27 00:45:00,1727397900000,0.4272,0.4275,0.4266,0.4269,72637.0
2024-09-27 00:50:00,1727398200000,0.4269,0.428,0.4267,0.4275,206413.9
2024-09-27 00:55:00,1727398500000,0.4274,0.4276,0.4271,0.4273,162368.9
2024-09-27 01:00:00,1727398800000,0.4272,0.4275,0.4265,0.4265,103466.6
2024-09-27 01:05:00,1727399100000,0.4265,0.4279,0.4265,0.4276,112268.1
2024-09-27 01:10:00,1727399400000,0.4277,0.4277,0.4267,0.4269,207599.3
2024-09-27 01:15:00,1727399700000,0.4267,0.4267,0.4248,0.4249,82702.3
2024-09-27 01:20:00,1727400000000,0.4248,0.426,0.4248,0.4256,144118.4
2024-09-27 01:25:00,1727400300000,0.4256,0.4265,0.4253,0.4262,224310.3
2024-09-27 01:30:00,1727400600000,0.426,0.4267,0.4259,0.426,165808.2
2024-09-27 01:35:00,1727400900000,0.4258,0.4258,0.4252,0.4252,56616.0
2024-09-27 01:40:00,1727401200000,0.4251,0.4254,0.425,0.4252,153797.3
2024-09-27 01:45:00,1727401500000,0.4251,0.4252,0.4245,0.4247,56854.3
2024-09-27 01:50:00,1727401800000,0.4247,0.4247,0.424,0.4243,172200.2
2024-09-27 01:55:00,1727402100000,0.4243,0.4255,0.4242,0.4255,151513.0
2024-09-27 02:00:00,1727402400000,0.4254,0.4267,0.4254,0.4258,201406.4
2024-09-27 02:05:00,1727402700000,0.4258,0.4263,0.4258,0.426,161692.2
2024-09-27 02:10:00,1727403000000,0.4259,0.4259,0.4255,0.4255,46068.0
2024-09-27 02:15:00,1727403300000,0.4255,0.4259,0.4254,0.4254,68374.2
2024-09-27 02:20:00,1727403600000,0.4254,0.4255,0.425,0.4251,68549.9
2024-09-27 02:25:00,1727403900000,0.4251,0.4252,0.4241,0.4241,213948.0
2024-09-27 02:30:00,1727404200000,0.4242,0.4249,0.4239,0.4247,163532.4
2024-09-27 02:35:00,1727404500000,0.4247,0.425,0.4244,0.4246,134623.9
2024-09-27 02:40:00,1727404800000,0.4245,0.4251,0.4245,0.425,72884.8
2024-09-27 02:45:00,1727405100000,0.4251,0.4251,0.4247,0.4248,16555.5
2024-09-27 02:50:00,1727405400000,0.4248,0.425,0.4242,0.4243,174314.2
2024-09-27 02:55:00,1727405700000,0.4242,0.4243,0.4239,0.4243,87080.2
2024-09-27 03:00:00,1727406000000,0.4243,0.4244,0.4235,0.4238,85919.9
2024-09-27 03:05:00,1727406300000,0.4238,0.4243,0.4235,0.4239,108058.8
2024-09-27 03:10:00,1727406600000,0.4239,0.4246,0.4239,0.4246,38358.6
2024-09-27 03:15:00,1727406900000,0.4247,0.4247,0.424,0.4242,99401.9
2024-09-27 03:20:00,1727407200000,0.4242,0.4253,0.4241,0.4253,42295.4
2024-09-27 03:25:00,1727407500000,0.4253,0.4256,0.425,0.4256,43436.6
2024-09-27 03:30:00,1727407800000,0.4256,0.4268,0.4255,0.4265,132982.3
2024-09-27 03:35:00,1727408100000,0.4265,0.4274,0.4262,0.4269,277969.6
2024-09-27 03:40:00,1727408400000,0.4269,0.4277,0.4268,0.4276,52856.8
2024-09-27 03:45:00,1727408700000,0.4275,0.428,0.4273,0.4279,91446.9
2024-09-27 03:50:00,1727409000000,0.428,0.4287,0.4279,0.4285,342026.5
2024-09-27 03:55:00,1727409300000,0.4286,0.4288,0.428,0.4286,285904.3
2024-09-27 04:00:00,1727409600000,0.4286,0.429,0.4285,0.429,219471.2
2024-09-27 04:05:00,1727409900000,0.429,0.4293,0.4284,0.4286,404200.2
2024-09-27 04:10:00,1727410200000,0.4287,0.4296,0.4286,0.4288,109052.3
2024-09-27 04:15:00,1727410500000,0.4289,0.4299,0.4289,0.4292,251023.7
2024-09-27 04:20:00,1727410800000,0.4291,0.4296,0.4291,0.4296,225090.1
2024-09-27 04:25:00,1727411100000,0.4295,0.4295,0.4286,0.4287,110175.8
2024-09-27 04:30:00,1727411400000,0.4286,0.4293,0.4283,0.4292,243839.7
2024-09-27 04:35:00,1727411700000,0.4292,0.4298,0.4288,0.4298,219928.7
2024-09-27 04:40:00,1727412000000,0.4297,0.4301,0.4297,0.4298,160613.6
2024-09-27 04:45:00,1727412300000,0.4299,0.4304,0.4296,0.4299,268462.4
2024-09-27 04:50:00,1727412600000,0.4298,0.4302,0.4296,0.4299,116630.5
2024-09-27 04:55:00,1727412900000,0.4298,0.4298,0.4293,0.4296,133258.0
2024-09-27 05:00:00,1727413200000,0.4295,0.4299,0.4292,0.4298,90305.5
2024-09-27 05:05:00,1727413500000,0.4297,0.4302,0.4297,0.4301,49000.4
2024-09-27 05:10:00,1727413800000,0.4302,0.4307,0.4301,0.4303,460331.5
2024-09-27 05:15:00,1727414100000,0.4304,0.4304,0.4298,0.43,169069.9
2024-09-27 05:20:00,1727414400000,0.43,0.4322,0.43,0.4308,724743.7
2024-09-27 05:25:00,1727414700000,0.4309,0.4336,0.4309,0.4317,862506.1
2024-09-27 05:30:00,1727415000000,0.4317,0.4317,0.4305,0.4305,285267.2
2024-09-27 05:35:00,1727415300000,0.4305,0.4321,0.4299,0.4319,1260921.8
2024-09-27 05:40:00,1727415600000,0.4318,0.4328,0.4318,0.4323,284705.0
2024-09-27 05:45:00,1727415900000,0.4324,0.4339,0.4324,0.4337,367681.8
2024-09-27 05:50:00,1727416200000,0.4338,0.434,0.4335,0.4338,284393.0
2024-09-27 05:55:00,1727416500000,0.4338,0.4352,0.4337,0.4347,1269118.0
2024-09-27 06:00:00,1727416800000,0.4347,0.435,0.4346,0.4349,702272.3
2024-09-27 06:05:00,1727417100000,0.4349,0.435,0.4342,0.4349,526748.4
2024-09-27 06:10:00,1727417400000,0.435,0.435,0.4346,0.4348,319281.3
2024-09-27 06:15:00,1727417700000,0.4348,0.435,0.4347,0.435,156052.2
2024-09-27 06:20:00,1727418000000,0.4349,0.435,0.4334,0.4336,433840.5
2024-09-27 06:25:00,1727418300000,0.4336,0.4347,0.4336,0.434,313443.8
2024-09-27 06:30:00,1727418600000,0.4339,0.4343,0.4332,0.4343,156378.2
2024-09-27 06:35:00,1727418900000,0.4343,0.4348,0.4338,0.4343,178736.7
2024-09-27 06:40:00,1727419200000,0.4343,0.4349,0.434,0.4343,328159.9
2024-09-27 06:45:00,1727419500000,0.4343,0.4344,0.4331,0.4334,310511.2
2024-09-27 06:50:00,1727419800000,0.4334,0.4341,0.4332,0.434,227836.1
2024-09-27 06:55:00,1727420100000,0.4342,0.4342,0.4335,0.4338,257455.5
2024-09-27 07:00:00,1727420400000,0.4339,0.4347,0.4338,0.434,118242.5
2024-09-27 07:05:00,1727420700000,0.4341,0.4341,0.4324,0.4325,250742.1
2024-09-27 07:10:00,1727421000000,0.4326,0.4335,0.4326,0.4332,269611.3
2024-09-27 07:15:00,1727421300000,0.4332,0.4333,0.433,0.4333,137758.9
2024-09-27 07:20:00,1727421600000,0.4333,0.4337,0.4329,0.4331,321590.8
2024-09-27 07:25:00,1727421900000,0.433,0.4338,0.4329,0.4334,88387.7
2024-09-27 07:30:00,1727422200000,0.4335,0.4343,0.4335,0.4338,289623.6
2024-09-27 07:35:00,1727422500000,0.4339,0.4341,0.4333,0.4333,98949.8
2024-09-27 07:40:00,1727422800000,0.4334,0.4339,0.4331,0.4335,155708.0
2024-09-27 07:45:00,1727423100000,0.4334,0.4344,0.4333,0.4343,107105.1
2024-09-27 07:50:00,1727423400000,0.4343,0.4343,0.4341,0.4341,39333.7
2024-09-27 07:55:00,1727423700000,0.4342,0.4343,0.4334,0.4338,195631.3
2024-09-27 08:00:00,1727424000000,0.4338,0.4348,0.4337,0.4344,107066.2
2024-09-27 08:05:00,1727424300000,0.4345,0.4349,0.4342,0.4345,143913.0
2024-09-27 08:10:00,1727424600000,0.4344,0.435,0.4343,0.4346,202337.1
2024-09-27 08:15:00,1727424900000,0.4346,0.4349,0.4343,0.4344,166593.0
2024-09-27 08:20:00,1727425200000,0.4344,0.4349,0.4341,0.4349,152526.6
2024-09-27 08:25:00,1727425500000,0.4349,0.4355,0.4346,0.4354,728406.4
2024-09-27 08:30:00,1727425800000,0.4354,0.4355,0.4351,0.4355,568884.1
2024-09-27 08:35:00,1727426100000,0.4355,0.4359,0.4344,0.4349,374713.1
2024-09-27 08:40:00,1727426400000,0.4348,0.4351,0.4339,0.4342,291659.3
2024-09-27 08:45:00,1727426700000,0.4341,0.435,0.4341,0.4347,175442.5
2024-09-27 08:50:00,1727427000000,0.4347,0.4348,0.4343,0.4344,233276.5
2024-09-27 08:55:00,1727427300000,0.4344,0.4346,0.4343,0.4344,102003.9
2024-09-27 09:00:00,1727427600000,0.4345,0.435,0.4343,0.4344,86918.8
2024-09-27 09:05:00,1727427900000,0.4344,0.435,0.4343,0.4344,157293.4
2024-09-27 09:10:00,1727428200000,0.4345,0.4348,0.4336,0.4348,356895.3
2024-09-27 09:15:00,1727428500000,0.4348,0.4366,0.4347,0.4359,2094751.9
2024-09-27 09:20:00,1727428800000,0.436,0.436,0.4351,0.4352,522899.4
2024-09-27 09:25:00,1727429100000,0.4351,0.4354,0.4343,0.4346,434475.7
2024-09-27 09:30:00,1727429400000,0.4347,0.4348,0.4345,0.4346,122115.9
2024-09-27 09:35:00,1727429700000,0.4346,0.4346,0.4336,0.4337,518611.7
2024-09-27 09:40:00,1727430000000,0.4337,0.4344,0.4335,0.4342,328528.8
2024-09-27 09:45:00,1727430300000,0.4341,0.4344,0.4341,0.4343,106620.6
2024-09-27 09:50:00,1727430600000,0.4344,0.4344,0.4342,0.4343,201919.1
2024-09-27 09:55:00,1727430900000,0.4343,0.4348,0.4341,0.4343,277236.2
2024-09-27 10:00:00,1727431200000,0.4342,0.4345,0.4338,0.4339,497306.1
2024-09-27 10:05:00,1727431500000,0.4338,0.4339,0.4325,0.4328,502070.3
2024-09-27 10:10:00,1727431800000,0.4328,0.4329,0.4325,0.4325,289896.5
2024-09-27 10:15:00,1727432100000,0.4326,0.4326,0.43,0.4301,484759.5
2024-09-27 10:20:00,1727432400000,0.43,0.4303,0.4293,0.4297,491342.9
2024-09-27 10:25:00,1727432700000,0.4297,0.4312,0.4296,0.4312,601351.9
2024-09-27 10:30:00,1727433000000,0.4312,0.4314,0.4303,0.4303,289572.9
2024-09-27 10:35:00,1727433300000,0.4303,0.431,0.4302,0.4303,170490.4
2024-09-27 10:40:00,1727433600000,0.4304,0.4312,0.43,0.4312,198062.3
2024-09-27 10:45:00,1727433900000,0.4311,0.4314,0.4308,0.4312,88251.5
2024-09-27 10:50:00,1727434200000,0.4314,0.4317,0.431,0.4311,54104.5
2024-09-27 10:55:00,1727434500000,0.4309,0.431,0.4297,0.4297,95704.1
2024-09-27 11:00:00,1727434800000,0.4297,0.4309,0.4296,0.4308,255177.7
2024-09-27 11:05:00,1727435100000,0.4308,0.431,0.4305,0.4306,62755.0
2024-09-27 11:10:00,1727435400000,0.4307,0.431,0.4307,0.4308,82522.1
2024-09-27 11:15:00,1727435700000,0.4308,0.432,0.4307,0.4313,217988.7
2024-09-27 11:20:00,1727436000000,0.4314,0.4314,0.4306,0.4308,118023.6
2024-09-27 11:25:00,1727436300000,0.4307,0.4307,0.43,0.4301,373367.0
2024-09-27 11:30:00,1727436600000,0.4302,0.431,0.4302,0.4308,157600.0
2024-09-27 11:35:00,1727436900000,0.4308,0.4314,0.4308,0.4312,47894.3
2024-09-27 11:40:00,1727437200000,0.4313,0.4315,0.431,0.4311,62765.9
2024-09-27 11:45:00,1727437500000,0.4311,0.4316,0.4311,0.4316,128507.1
2024-09-27 11:50:00,1727437800000,0.4316,0.4316,0.4313,0.4313,94584.1
2024-09-27 11:55:00,1727438100000,0.4314,0.4319,0.4312,0.4317,138874.1
2024-09-27 12:00:00,1727438400000,0.4317,0.4329,0.4316,0.4329,371444.6
2024-09-27 12:05:00,1727438700000,0.4328,0.4329,0.4319,0.4321,200802.3
2024-09-27 12:10:00,1727439000000,0.432,0.4322,0.4315,0.4317,79344.9
2024-09-27 12:15:00,1727439300000,0.4317,0.4319,0.4311,0.4311,112344.1
2024-09-27 12:20:00,1727439600000,0.4312,0.4319,0.431,0.4317,162956.2
2024-09-27 12:25:00,1727439900000,0.4317,0.4324,0.4315,0.4321,56590.7
2024-09-27 12:30:00,1727440200000,0.4322,0.4334,0.432,0.433,411124.7
2024-09-27 12:35:00,1727440500000,0.4329,0.4335,0.4326,0.4331,143486.9
2024-09-27 12:40:00,1727440800000,0.433,0.4336,0.433,0.4333,139748.6
2024-09-27 12:45:00,1727441100000,0.4333,0.4335,0.433,0.4333,523099.4
2024-09-27 12:50:00,1727441400000,0.4334,0.4341,0.4331,0.4337,457703.7
2024-09-27 12:55:00,1727441700000,0.4336,0.4347,0.4331,0.4344,219999.7
2024-09-27 13:00:00,1727442000000,0.4344,0.4348,0.4342,0.4343,289328.5
2024-09-27 13:05:00,1727442300000,0.4341,0.4341,0.4332,0.4338,180622.7
2024-09-27 13:10:00,1727442600000,0.4338,0.4341,0.4326,0.4327,329148.6
2024-09-27 13:15:00,1727442900000,0.4327,0.4329,0.4323,0.4326,189291.0
2024-09-27 13:20:00,1727443200000,0.4326,0.4341,0.4325,0.4333,627389.3
2024-09-27 13:25:00,1727443500000,0.4332,0.4336,0.4331,0.4335,73478.6
2024-09-27 13:30:00,1727443800000,0.4336,0.4337,0.4328,0.4335,244518.7
2024-09-27 13:35:00,1727444100000,0.4335,0.4336,0.4313,0.4315,443772.0
2024-09-27 13:40:00,1727444400000,0.4315,0.4321,0.431,0.4315,280207.0
2024-09-27 13:45:00,1727444700000,0.4314,0.432,0.431,0.4315,353440.5
2024-09-27 13:50:00,1727445000000,0.4315,0.432,0.4312,0.4318,210678.5
2024-09-27 13:55:00,1727445300000,0.4318,0.4334,0.4318,0.4331,636767.2
2024-09-27 14:00:00,1727445600000,0.4331,0.434,0.4325,0.4334,314918.6
2024-09-27 14:05:00,1727445900000,0.4333,0.4339,0.433,0.4338,161190.8
2024-09-27 14:10:00,1727446200000,0.4338,0.4348,0.4336,0.4343,478592.3
2024-09-27 14:15:00,1727446500000,0.4344,0.4346,0.4335,0.4339,401027.9
2024-09-27 14:20:00,1727446800000,0.4339,0.4371,0.4338,0.4369,1513295.0
2024-09-27 14:25:00,1727447100000,0.4368,0.4377,0.4364,0.4372,556339.5
2024-09-27 14:30:00,1727447400000,0.4373,0.4378,0.4363,0.4375,849494.3
2024-09-27 14:35:00,1727447700000,0.4375,0.4379,0.4361,0.4366,672926.7
2024-09-27 14:40:00,1727448000000,0.4365,0.4368,0.4357,0.436,454833.4
2024-09-27 14:45:00,1727448300000,0.4359,0.4368,0.4352,0.4353,320847.4
2024-09-27 14:50:00,1727448600000,0.4354,0.4367,0.4353,0.4366,245125.9
2024-09-27 14:55:00,1727448900000,0.4365,0.437,0.4362,0.4367,262767.4
2024-09-27 15:00:00,1727449200000,0.4366,0.4377,0.4363,0.4376,655322.1
2024-09-27 15:05:00,1727449500000,0.4377,0.4383,0.4366,0.4369,477806.8
2024-09-27 15:10:00,1727449800000,0.437,0.4378,0.4368,0.4377,92189.0
2024-09-27 15:15:00,1727450100000,0.4377,0.438,0.4376,0.4377,194420.8
2024-09-27 15:20:00,1727450400000,0.4377,0.4379,0.4363,0.4365,596161.1
2024-09-27 15:25:00,1727450700000,0.4366,0.4369,0.4349,0.435,531969.6
2024-09-27 15:30:00,1727451000000,0.4351,0.4356,0.4345,0.4351,341558.7
2024-09-27 15:35:00,1727451300000,0.4351,0.4359,0.4348,0.4353,168755.3
2024-09-27 15:40:00,1727451600000,0.4355,0.4363,0.4352,0.4355,220564.8
2024-09-27 15:45:00,1727451900000,0.4354,0.4355,0.4339,0.4341,353459.4
2024-09-27 15:50:00,1727452200000,0.434,0.4343,0.4336,0.4338,123769.8
2024-09-27 15:55:00,1727452500000,0.4338,0.434,0.4333,0.4338,308926.5
2024-09-27 16:00:00,1727452800000,0.4338,0.4351,0.4338,0.4345,273513.6
2024-09-27 16:05:00,1727453100000,0.4346,0.435,0.4343,0.4345,170379.2
2024-09-27 16:10:00,1727453400000,0.4345,0.4348,0.4343,0.4348,60234.1
2024-09-27 16:15:00,1727453700000,0.4348,0.4352,0.4344,0.4344,52422.5
2024-09-27 16:20:00,1727454000000,0.4344,0.4346,0.4335,0.434,470885.9
2024-09-27 16:25:00,1727454300000,0.434,0.4353,0.4338,0.4352,213456.6
2024-09-27 16:30:00,1727454600000,0.4352,0.4364,0.4346,0.4363,428815.3
2024-09-27 16:35:00,1727454900000,0.4363,0.4375,0.4362,0.4372,602649.8
2024-09-27 16:40:00,1727455200000,0.4372,0.4375,0.4366,0.4372,319453.9
2024-09-27 16:45:00,1727455500000,0.437,0.438,0.4364,0.4375,369789.0
2024-09-27 16:50:00,1727455800000,0.4374,0.438,0.4373,0.438,94629.9
2024-09-27 16:55:00,1727456100000,0.4379,0.4382,0.4372,0.4375,145609.1
2024-09-27 17:00:00,1727456400000,0.4375,0.4376,0.437,0.4375,136985.4
2024-09-27 17:05:00,1727456700000,0.4376,0.4377,0.4361,0.4361,135007.3
2024-09-27 17:10:00,1727457000000,0.4362,0.4367,0.4353,0.4354,158663.1
2024-09-27 17:15:00,1727457300000,0.4353,0.436,0.4348,0.4348,495337.2
2024-09-27 17:20:00,1727457600000,0.4349,0.4349,0.4301,0.432,1229813.4
2024-09-27 17:25:00,1727457900000,0.432,0.4322,0.4313,0.4319,282094.1
2024-09-27 17:30:00,1727458200000,0.4319,0.4329,0.4311,0.4325,334781.3
2024-09-27 17:35:00,1727458500000,0.4325,0.4332,0.4312,0.4312,311916.4
2024-09-27 17:40:00,1727458800000,0.4313,0.4323,0.4311,0.4313,137207.3
2024-09-27 17:45:00,1727459100000,0.4312,0.4323,0.4308,0.432,195707.9
2024-09-27 17:50:00,1727459400000,0.432,0.4331,0.432,0.4325,289252.6
2024-09-27 17:55:00,1727459700000,0.4326,0.433,0.4322,0.4329,243596.8
2024-09-27 18:00:00,1727460000000,0.433,0.4332,0.4324,0.4327,88148.5
2024-09-27 18:05:00,1727460300000,0.4326,0.4327,0.432,0.4324,155036.1
2024-09-27 18:10:00,1727460600000,0.4324,0.4327,0.432,0.432,41103.5
2024-09-27 18:15:00,1727460900000,0.432,0.4327,0.4317,0.4323,108375.7
2024-09-27 18:20:00,1727461200000,0.4322,0.433,0.4317,0.4319,223877.2
2024-09-27 18:25:00,1727461500000,0.4318,0.4324,0.4312,0.4314,609530.6
2024-09-27 18:30:00,1727461800000,0.4315,0.4319,0.431,0.4316,88663.7
2024-09-27 18:35:00,1727462100000,0.4316,0.4316,0.431,0.4315,27740.9
2024-09-27 18:40:00,1727462400000,0.4314,0.4315,0.4312,0.4314,43921.3
2024-09-27 18:45:00,1727462700000,0.4315,0.4319,0.4313,0.4317,89350.4
2024-09-27 18:50:00,1727463000000,0.4317,0.4323,0.4317,0.432,60869.6
2024-09-27 18:55:00,1727463300000,0.4319,0.4325,0.4319,0.4324,66186.0
2024-09-27 19:00:00,1727463600000,0.4325,0.4328,0.4324,0.4324,115974.5
2024-09-27 19:05:00,1727463900000,0.4324,0.4328,0.432,0.4323,144887.5
2024-09-27 19:10:00,1727464200000,0.4322,0.4323,0.4317,0.4318,153205.2
2024-09-27 19:15:00,1727464500000,0.4319,0.4326,0.4318,0.4318,121656.0
2024-09-27 19:20:00,1727464800000,0.4318,0.4325,0.4318,0.4321,196074.9
2024-09-27 19:25:00,1727465100000,0.4321,0.4323,0.4317,0.4321,85041.5
2024-09-27 19:30:00,1727465400000,0.4322,0.4324,0.4321,0.4323,37664.8
2024-09-27 19:35:00,1727465700000,0.4323,0.4324,0.4319,0.4321,120890.5
2024-09-27 19:40:00,1727466000000,0.4319,0.4323,0.4315,0.4321,44655.0
2024-09-27 19:45:00,1727466300000,0.432,0.4321,0.4314,0.4314,28846.9
2024-09-27 19:50:00,1727466600000,0.4315,0.4317,0.4312,0.4314,36350.9
2024-09-27 19:55:00,1727466900000,0.4314,0.4315,0.431,0.4313,38356.7
2024-09-27 20:00:00,1727467200000,0.4313,0.4316,0.4308,0.4309,161620.3
2024-09-27 20:05:00,1727467500000,0.4308,0.4312,0.4305,0.4306,91033.0
2024-09-27 20:10:00,1727467800000,0.4305,0.4312,0.4303,0.4311,94620.8
2024-09-27 20:15:00,1727468100000,0.4311,0.4316,0.4309,0.4316,151040.0
2024-09-27 20:20:00,1727468400000,0.4315,0.4325,0.4315,0.4321,469055.8
2024-09-27 20:25:00,1727468700000,0.4322,0.4327,0.4322,0.4324,221341.5
2024-09-27 20:30:00,1727469000000,0.4325,0.4328,0.4322,0.4326,103743.7
2024-09-27 20:35:00,1727469300000,0.4326,0.4328,0.4318,0.4323,372704.8
2024-09-27 20:40:00,1727469600000,0.4323,0.4324,0.432,0.4321,38371.5
2024-09-27 20:45:00,1727469900000,0.4321,0.4328,0.4321,0.4327,55802.9
2024-09-27 20:50:00,1727470200000,0.4327,0.4328,0.4323,0.4327,130284.0
2024-09-27 20:55:00,1727470500000,0.4328,0.4328,0.4325,0.4325,296126.4
2024-09-27 21:00:00,1727470800000,0.4325,0.4328,0.4322,0.4323,57148.1
2024-09-27 21:05:00,1727471100000,0.4323,0.4323,0.4318,0.4319,51786.8
2024-09-27 21:10:00,1727471400000,0.4319,0.4322,0.4319,0.432,72536.9
2024-09-27 21:15:00,1727471700000,0.432,0.4324,0.4319,0.4321,55167.9
2024-09-27 21:20:00,1727472000000,0.4321,0.4322,0.4321,0.4321,10826.7
2024-09-27 21:25:00,1727472300000,0.4321,0.4325,0.4321,0.4323,16951.7
2024-09-27 21:30:00,1727472600000,0.4323,0.4323,0.4322,0.4323,12892.0
2024-09-27 21:35:00,1727472900000,0.4322,0.4328,0.4321,0.4327,442514.9
2024-09-27 21:40:00,1727473200000,0.4326,0.4328,0.4325,0.4327,154376.0
2024-09-27 21:45:00,1727473500000,0.4327,0.4328,0.4326,0.4327,28933.2
2024-09-27 21:50:00,1727473800000,0.4326,0.4328,0.4326,0.4327,39959.6
2024-09-27 21:55:00,1727474100000,0.4327,0.4334,0.4326,0.4329,464400.6
2024-09-27 22:00:00,1727474400000,0.433,0.4331,0.4327,0.433,35814.6
2024-09-27 22:05:00,1727474700000,0.433,0.4331,0.4326,0.4331,83592.2
2024-09-27 22:10:00,1727475000000,0.4331,0.4334,0.4328,0.4333,56373.8
2024-09-27 22:15:00,1727475300000,0.4334,0.4338,0.4332,0.4338,142479.7
2024-09-27 22:20:00,1727475600000,0.4337,0.4343,0.4337,0.4343,54482.2
2024-09-27 22:25:00,1727475900000,0.4343,0.4345,0.4339,0.4342,95540.5
2024-09-27 22:30:00,1727476200000,0.4341,0.4346,0.4339,0.4345,40781.2
2024-09-27 22:35:00,1727476500000,0.4347,0.4349,0.4345,0.4347,25523.7
2024-09-27 22:40:00,1727476800000,0.4347,0.4349,0.4347,0.4348,18738.6
2024-09-27 22:45:00,1727477100000,0.4348,0.435,0.4346,0.4347,74490.7
2024-09-27 22:50:00,1727477400000,0.4347,0.4349,0.4345,0.4348,30920.1
2024-09-27 22:55:00,1727477700000,0.4348,0.4349,0.4347,0.4347,23105.8
2024-09-27 23:00:00,1727478000000,0.4348,0.435,0.4347,0.4349,70084.3
2024-09-27 23:05:00,1727478300000,0.4349,0.435,0.4348,0.4349,66618.4
2024-09-27 23:10:00,1727478600000,0.4349,0.435,0.4344,0.4346,184518.2
2024-09-27 23:15:00,1727478900000,0.4345,0.4345,0.4335,0.434,171188.4
2024-09-27 23:20:00,1727479200000,0.434,0.4341,0.4338,0.4339,125838.9
2024-09-27 23:25:00,1727479500000,0.4338,0.4339,0.4336,0.4338,27488.2
2024-09-27 23:30:00,1727479800000,0.4339,0.4342,0.4338,0.4342,15376.3
2024-09-27 23:35:00,1727480100000,0.4342,0.4342,0.4335,0.4338,81842.0
2024-09-27 23:40:00,1727480400000,0.4339,0.4339,0.4333,0.4335,82308.3
2024-09-27 23:45:00,1727480700000,0.4335,0.434,0.4335,0.434,23685.4
2024-09-27 23:50:00,1727481000000,0.4339,0.4339,0.433,0.4336,337582.6
2024-09-27 23:55:00,1727481300000,0.4336,0.4338,0.4335,0.4336,98579.3
2024-09-28 00:00:00,1727481600000,0.4335,0.4338,0.4332,0.4338,70453.5
2024-09-28 00:05:00,1727481900000,0.4338,0.434,0.4333,0.4336,56414.2
2024-09-28 00:10:00,1727482200000,0.4337,0.4343,0.4336,0.434,173743.4
2024-09-28 00:15:00,1727482500000,0.4341,0.4345,0.434,0.4345,45047.3
2024-09-28 00:20:00,1727482800000,0.4344,0.4345,0.4336,0.4337,351585.2
2024-09-28 00:25:00,1727483100000,0.4338,0.4342,0.4337,0.4341,127261.2
2024-09-28 00:30:00,1727483400000,0.4341,0.4347,0.4339,0.4347,137978.1
2024-09-28 00:35:00,1727483700000,0.4348,0.435,0.4346,0.4349,108663.8
2024-09-28 00:40:00,1727484000000,0.4349,0.4355,0.4349,0.435,436839.4
2024-09-28 00:45:00,1727484300000,0.435,0.4354,0.4347,0.4347,181088.9
2024-09-28 00:50:00,1727484600000,0.4347,0.4348,0.4347,0.4348,20268.4
2024-09-28 00:55:00,1727484900000,0.4347,0.4355,0.4347,0.4354,156053.2
2024-09-28 01:00:00,1727485200000,0.4354,0.4355,0.4353,0.4354,25269.0
2024-09-28 01:05:00,1727485500000,0.4354,0.4354,0.4347,0.435,48844.7
2024-09-28 01:10:00,1727485800000,0.435,0.4354,0.4349,0.4351,95170.8
2024-09-28 01:15:00,1727486100000,0.4352,0.4352,0.4346,0.4348,82854.2
2024-09-28 01:20:00,1727486400000,0.4349,0.4349,0.4339,0.4346,121506.7
2024-09-28 01:25:00,1727486700000,0.4346,0.4346,0.4341,0.4343,94915.6
2024-09-28 01:30:00,1727487000000,0.4344,0.4345,0.434,0.4345,159229.7
2024-09-28 01:35:00,1727487300000,0.4346,0.4348,0.4341,0.4347,76321.6
2024-09-28 01:40:00,1727487600000,0.4347,0.4349,0.4347,0.4348,29403.2
2024-09-28 01:45:00,1727487900000,0.4347,0.4348,0.4343,0.4343,71723.7
2024-09-28 01:50:00,1727488200000,0.4343,0.4349,0.4342,0.4348,71736.8
2024-09-28 01:55:00,1727488500000,0.4348,0.4352,0.4346,0.435,71536.0
2024-09-28 02:00:00,1727488800000,0.435,0.436,0.4348,0.436,233016.2
2024-09-28 02:05:00,1727489100000,0.4359,0.4359,0.4348,0.4353,189919.0
2024-09-28 02:10:00,1727489400000,0.4354,0.436,0.4353,0.436,97688.5
2024-09-28 02:15:00,1727489700000,0.436,0.4369,0.4359,0.4364,200643.0
2024-09-28 02:20:00,1727490000000,0.4364,0.437,0.4362,0.437,206316.7
2024-09-28 02:25:00,1727490300000,0.4371,0.4371,0.4367,0.437,152286.2
2024-09-28 02:30:00,1727490600000,0.437,0.4375,0.4369,0.4374,254304.2
2024-09-28 02:35:00,1727490900000,0.4374,0.4375,0.437,0.4372,80485.1
2024-09-28 02:40:00,1727491200000,0.4373,0.4374,0.4371,0.4374,39832.4
2024-09-28 02:45:00,1727491500000,0.4373,0.4374,0.4368,0.4373,44926.7
2024-09-28 02:50:00,1727491800000,0.4374,0.4375,0.4372,0.4375,27754.6
2024-09-28 02:55:00,1727492100000,0.4374,0.4374,0.4372,0.4372,62821.0
2024-09-28 03:00:00,1727492400000,0.4372,0.4375,0.4369,0.4375,98770.5
2024-09-28 03:05:00,1727492700000,0.4375,0.4375,0.4368,0.4369,178198.6
2024-09-28 03:10:00,1727493000000,0.4368,0.4372,0.4368,0.4371,39693.4
2024-09-28 03:15:00,1727493300000,0.4371,0.4371,0.4362,0.4364,177052.3
2024-09-28 03:20:00,1727493600000,0.4365,0.4365,0.4357,0.4358,225978.0
2024-09-28 03:25:00,1727493900000,0.4358,0.4359,0.4357,0.4357,65344.1
2024-09-28 03:30:00,1727494200000,0.4358,0.4363,0.4357,0.4363,78599.5
2024-09-28 03:35:00,1727494500000,0.4363,0.4367,0.4362,0.4365,119200.2
2024-09-28 03:40:00,1727494800000,0.4365,0.4365,0.4358,0.4358,135731.4
2024-09-28 03:45:00,1727495100000,0.4358,0.4362,0.4358,0.4361,70612.9
2024-09-28 03:50:00,1727495400000,0.4361,0.4362,0.4355,0.4356,49798.0
2024-09-28 03:55:00,1727495700000,0.4356,0.4358,0.4355,0.4358,23440.2
2024-09-28 04:00:00,1727496000000,0.4358,0.4359,0.4355,0.4356,57284.0
2024-09-28 04:05:00,1727496300000,0.4354,0.4356,0.4349,0.4351,242920.7
2024-09-28 04:10:00,1727496600000,0.4351,0.4354,0.4349,0.4354,33496.9
2024-09-28 04:15:00,1727496900000,0.4353,0.4361,0.4353,0.4359,53686.0
2024-09-28 04:20:00,1727497200000,0.436,0.4365,0.4351,0.4355,280118.1
2024-09-28 04:25:00,1727497500000,0.4356,0.4357,0.4354,0.4354,18611.4
2024-09-28 04:30:00,1727497800000,0.4355,0.4355,0.4347,0.4348,172130.2
2024-09-28 04:35:00,1727498100000,0.4348,0.4351,0.4345,0.435,108210.5
2024-09-28 04:40:00,1727498400000,0.4349,0.4351,0.4348,0.435,85201.9
2024-09-28 04:45:00,1727498700000,0.4351,0.4351,0.4341,0.4342,88618.7
2024-09-28 04:50:00,1727499000000,0.4342,0.4343,0.4339,0.4339,59548.3
2024-09-28 04:55:00,1727499300000,0.4338,0.4341,0.4332,0.4341,247295.2
2024-09-28 05:00:00,1727499600000,0.434,0.4341,0.4336,0.4337,68756.2
2024-09-28 05:05:00,1727499900000,0.4338,0.4341,0.4335,0.4336,131708.3
2024-09-28 05:10:00,1727500200000,0.4335,0.4336,0.4331,0.4335,56699.3
2024-09-28 05:15:00,1727500500000,0.4333,0.4335,0.4328,0.4332,165030.0
2024-09-28 05:20:00,1727500800000,0.4332,0.4338,0.4332,0.4334,114781.0
2024-09-28 05:25:00,1727501100000,0.4335,0.4337,0.4322,0.4324,337790.0
2024-09-28 05:30:00,1727501400000,0.4324,0.4324,0.4315,0.4323,557417.0
2024-09-28 05:35:00,1727501700000,0.4324,0.4327,0.4323,0.4325,94809.9
2024-09-28 05:40:00,1727502000000,0.4325,0.4325,0.4317,0.4319,190013.2
2024-09-28 05:45:00,1727502300000,0.4319,0.4324,0.4317,0.4321,334376.8
2024-09-28 05:50:00,1727502600000,0.4321,0.4322,0.4318,0.432,389843.0
2024-09-28 05:55:00,1727502900000,0.432,0.4322,0.432,0.432,67400.7
2024-09-28 06:00:00,1727503200000,0.432,0.4323,0.4314,0.4315,95695.6
2024-09-28 06:05:00,1727503500000,0.4314,0.4316,0.4302,0.4303,178268.8
2024-09-28 06:10:00,1727503800000,0.4303,0.4304,0.4289,0.4289,583664.4
2024-09-28 06:15:00,1727504100000,0.4289,0.4298,0.4289,0.4292,376890.5
2024-09-28 06:20:00,1727504400000,0.4291,0.4296,0.4291,0.4296,166312.4
2024-09-28 06:25:00,1727504700000,0.4297,0.4299,0.4291,0.4295,72040.6
2024-09-28 06:30:00,1727505000000,0.4295,0.4297,0.4287,0.4288,280529.4
2024-09-28 06:35:00,1727505300000,0.4288,0.4289,0.4265,0.4266,444870.6
2024-09-28 06:40:00,1727505600000,0.4265,0.4271,0.4255,0.4262,617363.5
2024-09-28 06:45:00,1727505900000,0.4261,0.4271,0.4255,0.4264,153092.7
2024-09-28 06:50:00,1727506200000,0.4264,0.4268,0.426,0.4265,197115.3
2024-09-28 06:55:00,1727506500000,0.4266,0.4268,0.4264,0.4264,75768.5
2024-09-28 07:00:00,1727506800000,0.4265,0.4277,0.4263,0.4273,180448.4
2024-09-28 07:05:00,1727507100000,0.4273,0.4279,0.4273,0.4275,62475.1
2024-09-28 07:10:00,1727507400000,0.4276,0.4279,0.4269,0.427,58438.5
2024-09-28 07:15:00,1727507700000,0.4269,0.4276,0.4269,0.427,31640.2
2024-09-28 07:20:00,1727508000000,0.4271,0.4273,0.4269,0.4269,19149.3
2024-09-28 07:25:00,1727508300000,0.4269,0.427,0.4265,0.4265,39489.3
2024-09-28 07:30:00,1727508600000,0.4266,0.4266,0.4259,0.4263,176082.9
2024-09-28 07:35:00,1727508900000,0.4264,0.4272,0.4264,0.4267,101022.8
2024-09-28 07:40:00,1727509200000,0.4267,0.427,0.4265,0.4265,63378.9
2024-09-28 07:45:00,1727509500000,0.4264,0.4265,0.4247,0.4249,382902.8
2024-09-28 07:50:00,1727509800000,0.4248,0.4253,0.4245,0.4249,58953.7
2024-09-28 07:55:00,1727510100000,0.4249,0.4252,0.4241,0.4245,294201.5
2024-09-28 08:00:00,1727510400000,0.4245,0.4246,0.4234,0.4235,580890.4
2024-09-28 08:05:00,1727510700000,0.4235,0.4235,0.4216,0.4218,764396.9
2024-09-28 08:10:00,1727511000000,0.4219,0.4221,0.4209,0.4213,414578.5
2024-09-28 08:15:00,1727511300000,0.4213,0.4228,0.4213,0.4227,377124.2
2024-09-28 08:20:00,1727511600000,0.4227,0.4235,0.4226,0.4229,198615.3
2024-09-28 08:25:00,1727511900000,0.4229,0.423,0.4219,0.4222,222596.7
2024-09-28 08:30:00,1727512200000,0.4222,0.4228,0.4214,0.4228,90331.2
2024-09-28 08:35:00,1727512500000,0.4227,0.4228,0.4224,0.4226,77003.9
2024-09-28 08:40:00,1727512800000,0.4226,0.4234,0.4223,0.4233,178916.5
2024-09-28 08:45:00,1727513100000,0.4232,0.4238,0.4228,0.4228,175211.1
2024-09-28 08:50:00,1727513400000,0.4228,0.423,0.4223,0.4229,72144.5
2024-09-28 08:55:00,1727513700000,0.4229,0.4229,0.4223,0.4224,61658.6
2024-09-28 09:00:00,1727514000000,0.4223,0.4225,0.4213,0.4214,238633.2
2024-09-28 09:05:00,1727514300000,0.4215,0.4215,0.4174,0.4193,1310325.4
2024-09-28 09:10:00,1727514600000,0.4193,0.4199,0.4181,0.4186,546716.8
2024-09-28 09:15:00,1727514900000,0.4186,0.4196,0.4186,0.4195,232888.2
2024-09-28 09:20:00,1727515200000,0.4195,0.4202,0.4191,0.4193,145872.9
2024-09-28 09:25:00,1727515500000,0.4196,0.4205,0.4195,0.4205,88661.3
2024-09-28 09:30:00,1727515800000,0.4205,0.4217,0.4204,0.4216,242886.5
2024-09-28 09:35:00,1727516100000,0.4217,0.4217,0.421,0.4215,75529.8
2024-09-28 09:40:00,1727516400000,0.4215,0.4215,0.4208,0.4211,76716.8
2024-09-28 09:45:00,1727516700000,0.4212,0.4213,0.4209,0.4212,79731.1
2024-09-28 09:50:00,1727517000000,0.4213,0.4222,0.4212,0.4222,56705.6
2024-09-28 09:55:00,1727517300000,0.4222,0.4229,0.4222,0.4229,251918.7
2024-09-28 10:00:00,1727517600000,0.4229,0.4229,0.4218,0.4223,213716.3
2024-09-28 10:05:00,1727517900000,0.4222,0.4229,0.422,0.4224,226386.6
2024-09-28 10:10:00,1727518200000,0.4225,0.4234,0.4225,0.4234,199147.5
2024-09-28 10:15:00,1727518500000,0.4234,0.4235,0.4231,0.4232,105211.1
2024-09-28 10:20:00,1727518800000,0.4231,0.4238,0.4231,0.4232,86369.8
2024-09-28 10:25:00,1727519100000,0.4231,0.4233,0.423,0.4231,50090.4
2024-09-28 10:30:00,1727519400000,0.4232,0.4239,0.4231,0.4237,177965.3
2024-09-28 10:35:00,1727519700000,0.4237,0.4244,0.4235,0.4241,129788.2
2024-09-28 10:40:00,1727520000000,0.4241,0.4242,0.4235,0.4239,167582.8
2024-09-28 10:45:00,1727520300000,0.4239,0.4244,0.4238,0.4241,143388.7
2024-09-28 10:50:00,1727520600000,0.424,0.424,0.4234,0.4237,106026.1
2024-09-28 10:55:00,1727520900000,0.4236,0.4242,0.4235,0.4242,52887.2
2024-09-28 11:00:00,1727521200000,0.4242,0.4243,0.4239,0.4243,58517.9
2024-09-28 11:05:00,1727521500000,0.4243,0.4243,0.4241,0.4241,98190.0
2024-09-28 11:10:00,1727521800000,0.4241,0.4241,0.4235,0.4235,88961.9
2024-09-28 11:15:00,1727522100000,0.4235,0.4243,0.4235,0.4243,131577.2
2024-09-28 11:20:00,1727522400000,0.4243,0.4245,0.4238,0.4238,128012.7
2024-09-28 11:25:00,1727522700000,0.4238,0.4239,0.4235,0.4238,28455.1
2024-09-28 11:30:00,1727523000000,0.4237,0.4237,0.4228,0.4229,132253.4
2024-09-28 11:35:00,1727523300000,0.4229,0.4231,0.4224,0.423,115365.3
2024-09-28 11:40:00,1727523600000,0.423,0.4231,0.4227,0.423,79918.2
2024-09-28 11:45:00,1727523900000,0.423,0.4231,0.4226,0.4228,50726.7
2024-09-28 11:50:00,1727524200000,0.4229,0.4231,0.4227,0.4231,16667.4
2024-09-28 11:55:00,1727524500000,0.4231,0.4238,0.4231,0.4236,44244.4
2024-09-28 12:00:00,1727524800000,0.4236,0.4238,0.4224,0.4228,290088.0
2024-09-28 12:05:00,1727525100000,0.4228,0.423,0.4227,0.4229,62985.9
2024-09-28 12:10:00,1727525400000,0.4229,0.423,0.4221,0.4227,177802.0
2024-09-28 12:15:00,1727525700000,0.4226,0.4226,0.4211,0.4223,228471.3
2024-09-28 12:20:00,1727526000000,0.4223,0.4223,0.4218,0.4223,65624.5
2024-09-28 12:25:00,1727526300000,0.4223,0.4223,0.4215,0.4216,166941.7
2024-09-28 12:30:00,1727526600000,0.4216,0.422,0.421,0.4212,176563.3
2024-09-28 12:35:00,1727526900000,0.4212,0.4212,0.4207,0.4209,43261.5
2024-09-28 12:40:00,1727527200000,0.4209,0.4211,0.4203,0.4205,161731.5
2024-09-28 12:45:00,1727527500000,0.4205,0.421,0.4204,0.4208,68361.1
2024-09-28 12:50:00,1727527800000,0.4208,0.4211,0.4208,0.4211,69832.1
2024-09-28 12:55:00,1727528100000,0.4211,0.4215,0.4211,0.4214,84967.8
2024-09-28 13:00:00,1727528400000,0.4213,0.4215,0.4209,0.4209,159262.6
2024-09-28 13:05:00,1727528700000,0.4209,0.4214,0.4207,0.4207,63132.3
2024-09-28 13:10:00,1727529000000,0.4208,0.4208,0.4201,0.4202,67589.3
2024-09-28 13:15:00,1727529300000,0.42,0.4209,0.42,0.4208,83488.1
2024-09-28 13:20:00,1727529600000,0.4209,0.4213,0.4208,0.4212,58065.1
2024-09-28 13:25:00,1727529900000,0.4211,0.4216,0.4208,0.4216,79589.5
2024-09-28 13:30:00,1727530200000,0.4217,0.4221,0.4214,0.4216,106541.1
2024-09-28 13:35:00,1727530500000,0.4216,0.422,0.4213,0.4218,96111.9
2024-09-28 13:40:00,1727530800000,0.4219,0.4233,0.4218,0.4233,250381.4
2024-09-28 13:45:00,1727531100000,0.4232,0.4232,0.4223,0.4224,204258.7
2024-09-28 13:50:00,1727531400000,0.4223,0.4223,0.4219,0.4222,59834.7
2024-09-28 13:55:00,1727531700000,0.4221,0.4222,0.4217,0.4218,22140.7
2024-09-28 14:00:00,1727532000000,0.4217,0.4223,0.4217,0.4223,207114.0
2024-09-28 14:05:00,1727532300000,0.4223,0.4231,0.4222,0.4231,321835.1
2024-09-28 14:10:00,1727532600000,0.4231,0.4236,0.4225,0.4225,155194.5
2024-09-28 14:15:00,1727532900000,0.4226,0.4241,0.4226,0.4241,93757.3
2024-09-28 14:20:00,1727533200000,0.424,0.4252,0.424,0.4249,175254.1
2024-09-28 14:25:00,1727533500000,0.4249,0.4257,0.4247,0.4251,278517.4
2024-09-28 14:30:00,1727533800000,0.4251,0.4258,0.425,0.4257,268939.2
2024-09-28 14:35:00,1727534100000,0.4258,0.427,0.4253,0.4263,556205.1
2024-09-28 14:40:00,1727534400000,0.4263,0.4267,0.4259,0.4266,190510.9
2024-09-28 14:45:00,1727534700000,0.4267,0.4267,0.4259,0.4261,114869.3
2024-09-28 14:50:00,1727535000000,0.4261,0.4266,0.4261,0.4266,208311.9
2024-09-28 14:55:00,1727535300000,0.4265,0.4266,0.4261,0.4265,76125.2
2024-09-28 15:00:00,1727535600000,0.4265,0.4266,0.4255,0.4261,110086.8
2024-09-28 15:05:00,1727535900000,0.4261,0.4262,0.4254,0.4254,81872.6
2024-09-28 15:10:00,1727536200000,0.4254,0.4254,0.4252,0.4253,90876.9
2024-09-28 15:15:00,1727536500000,0.4253,0.4256,0.4252,0.4252,168693.8
2024-09-28 15:20:00,1727536800000,0.4251,0.4254,0.4251,0.4251,134487.3
2024-09-28 15:25:00,1727537100000,0.425,0.4254,0.425,0.4253,98459.3
2024-09-28 15:30:00,1727537400000,0.4253,0.4255,0.4251,0.4253,31953.1
2024-09-28 15:35:00,1727537700000,0.4253,0.4254,0.4249,0.425,30872.4
2024-09-28 15:40:00,1727538000000,0.4249,0.425,0.4243,0.4243,129186.4
2024-09-28 15:45:00,1727538300000,0.4243,0.4248,0.4242,0.4245,107580.6
2024-09-28 15:50:00,1727538600000,0.4245,0.4245,0.4241,0.4242,39430.8
2024-09-28 15:55:00,1727538900000,0.4242,0.4243,0.4238,0.4239,80252.0
2024-09-28 16:00:00,1727539200000,0.424,0.4246,0.4238,0.4245,52511.5
2024-09-28 16:05:00,1727539500000,0.4245,0.4246,0.4236,0.4236,50799.6
2024-09-28 16:10:00,1727539800000,0.4236,0.4244,0.4236,0.4243,49869.4
2024-09-28 16:15:00,1727540100000,0.4242,0.4243,0.4233,0.4234,51258.1
2024-09-28 16:20:00,1727540400000,0.4234,0.4239,0.4228,0.4235,138797.4
2024-09-28 16:25:00,1727540700000,0.4236,0.4241,0.4233,0.4236,142603.5
2024-09-28 16:30:00,1727541000000,0.4235,0.4236,0.4231,0.4233,114514.9
2024-09-28 16:35:00,1727541300000,0.4233,0.4233,0.4219,0.4222,197490.2
2024-09-28 16:40:00,1727541600000,0.4221,0.4222,0.4218,0.422,141312.5
2024-09-28 16:45:00,1727541900000,0.422,0.4224,0.4219,0.4221,98436.6
2024-09-28 16:50:00,1727542200000,0.4222,0.4225,0.4213,0.4216,177249.1
2024-09-28 16:55:00,1727542500000,0.4215,0.4221,0.4214,0.422,55301.6
2024-09-28 17:00:00,1727542800000,0.422,0.4225,0.4219,0.4225,73035.5
2024-09-28 17:05:00,1727543100000,0.4225,0.4227,0.4224,0.4227,21242.6
2024-09-28 17:10:00,1727543400000,0.4227,0.4232,0.4226,0.4231,43936.9
2024-09-28 17:15:00,1727543700000,0.4231,0.4233,0.4228,0.4229,123686.6
2024-09-28 17:20:00,1727544000000,0.423,0.4237,0.4228,0.4235,45844.3
2024-09-28 17:25:00,1727544300000,0.4235,0.4253,0.4235,0.4249,210948.9
2024-09-28 17:30:00,1727544600000,0.4249,0.425,0.4244,0.4244,75312.8
2024-09-28 17:35:00,1727544900000,0.4244,0.4249,0.4243,0.4244,51740.5
2024-09-28 17:40:00,1727545200000,0.4244,0.425,0.4243,0.4248,86457.6
2024-09-28 17:45:00,1727545500000,0.4249,0.425,0.4245,0.4245,19650.0
2024-09-28 17:50:00,1727545800000,0.4245,0.4246,0.4243,0.4243,18313.8
2024-09-28 17:55:00,1727546100000,0.4243,0.4246,0.4243,0.4246,23694.3
2024-09-28 18:00:00,1727546400000,0.4246,0.4254,0.4245,0.4253,50863.1
2024-09-28 18:05:00,1727546700000,0.4254,0.4256,0.4253,0.4255,56853.4
2024-09-28 18:10:00,1727547000000,0.4255,0.4261,0.4253,0.4261,82591.4
2024-09-28 18:15:00,1727547300000,0.426,0.4266,0.426,0.4265,177924.2
2024-09-28 18:20:00,1727547600000,0.4266,0.4266,0.426,0.4261,157260.4
2024-09-28 18:25:00,1727547900000,0.4262,0.4262,0.4259,0.4259,25552.7
2024-09-28 18:30:00,1727548200000,0.426,0.4264,0.4258,0.4264,116886.3
2024-09-28 18:35:00,1727548500000,0.4263,0.4263,0.4259,0.4261,138463.4
2024-09-28 18:40:00,1727548800000,0.426,0.426,0.4254,0.4257,98564.1
2024-09-28 18:45:00,1727549100000,0.4257,0.426,0.4257,0.4257,16793.6
2024-09-28 18:50:00,1727549400000,0.4258,0.4258,0.4252,0.4252,33522.4
2024-09-28 18:55:00,1727549700000,0.4252,0.4253,0.4238,0.4239,406329.1
2024-09-28 19:00:00,1727550000000,0.424,0.4243,0.4238,0.4239,50995.7
2024-09-28 19:05:00,1727550300000,0.4238,0.4239,0.4235,0.4236,92304.2
2024-09-28 19:10:00,1727550600000,0.4236,0.4238,0.4235,0.4237,30614.1
2024-09-28 19:15:00,1727550900000,0.4237,0.4245,0.4235,0.4245,35319.6
2024-09-28 19:20:00,1727551200000,0.4246,0.4247,0.4242,0.4242,14223.8
2024-09-28 19:25:00,1727551500000,0.4241,0.4242,0.4238,0.4239,17013.5
2024-09-28 19:30:00,1727551800000,0.4238,0.4245,0.4237,0.4245,102827.5
2024-09-28 19:35:00,1727552100000,0.4246,0.4246,0.424,0.424,34086.6
2024-09-28 19:40:00,1727552400000,0.4239,0.4247,0.4239,0.4244,30123.1
2024-09-28 19:45:00,1727552700000,0.4245,0.4245,0.424,0.4241,24885.8
2024-09-28 19:50:00,1727553000000,0.424,0.4242,0.424,0.4242,25381.4
2024-09-28 19:55:00,1727553300000,0.4242,0.4245,0.4242,0.4243,20292.7
2024-09-28 20:00:00,1727553600000,0.4242,0.4245,0.424,0.4245,22524.5
2024-09-28 20:05:00,1727553900000,0.4245,0.4246,0.4242,0.4244,18879.5
2024-09-28 20:10:00,1727554200000,0.4244,0.4245,0.4239,0.424,12652.9
2024-09-28 20:15:00,1727554500000,0.4241,0.4242,0.4238,0.4242,46520.3
2024-09-28 20:20:00,1727554800000,0.4241,0.4244,0.4241,0.4242,17270.5
2024-09-28 20:25:00,1727555100000,0.4242,0.4242,0.424,0.4242,8857.6
2024-09-28 20:30:00,1727555400000,0.4241,0.4242,0.424,0.4241,14130.4
2024-09-28 20:35:00,1727555700000,0.4241,0.4242,0.4241,0.4241,10041.2
2024-09-28 20:40:00,1727556000000,0.4241,0.4242,0.4239,0.424,17521.3
2024-09-28 20:45:00,1727556300000,0.4241,0.4242,0.4241,0.4241,3889.5
2024-09-28 20:50:00,1727556600000,0.4241,0.4241,0.4234,0.4234,33461.3
2024-09-28 20:55:00,1727556900000,0.4233,0.4235,0.4231,0.4232,21885.9
2024-09-28 21:00:00,1727557200000,0.4231,0.4234,0.423,0.4232,24292.4
2024-09-28 21:05:00,1727557500000,0.4232,0.4232,0.4229,0.4229,25519.8
2024-09-28 21:10:00,1727557800000,0.4229,0.4229,0.4209,0.4209,331084.8
2024-09-28 21:15:00,1727558100000,0.421,0.4211,0.42,0.4203,233989.7
2024-09-28 21:20:00,1727558400000,0.4203,0.4208,0.4189,0.4207,259530.5
2024-09-28 21:25:00,1727558700000,0.4208,0.4213,0.4205,0.4212,220541.4
2024-09-28 21:30:00,1727559000000,0.4211,0.4217,0.421,0.4217,76432.1
2024-09-28 21:35:00,1727559300000,0.4216,0.4224,0.4216,0.422,78428.9
2024-09-28 21:40:00,1727559600000,0.4219,0.4221,0.4218,0.4219,23545.8
2024-09-28 21:45:00,1727559900000,0.4219,0.4219,0.4218,0.4219,22154.5
2024-09-28 21:50:00,1727560200000,0.4218,0.4219,0.4215,0.4219,74833.3
2024-09-28 21:55:00,1727560500000,0.4218,0.4227,0.4218,0.4226,80041.2
2024-09-28 22:00:00,1727560800000,0.4227,0.423,0.4221,0.4221,90948.5
2024-09-28 22:05:00,1727561100000,0.4221,0.4225,0.4214,0.4217,257213.8
2024-09-28 22:10:00,1727561400000,0.4217,0.4221,0.4214,0.422,112086.5
2024-09-28 22:15:00,1727561700000,0.422,0.4228,0.4219,0.4228,124128.4
2024-09-28 22:20:00,1727562000000,0.4227,0.4232,0.4227,0.4229,61638.8
2024-09-28 22:25:00,1727562300000,0.4229,0.4235,0.4228,0.4232,35763.4
2024-09-28 22:30:00,1727562600000,0.4233,0.4233,0.4227,0.4232,41734.4
2024-09-28 22:35:00,1727562900000,0.4233,0.4237,0.4231,0.4235,118222.6
2024-09-28 22:40:00,1727563200000,0.4235,0.4236,0.4231,0.4233,37841.6
2024-09-28 22:45:00,1727563500000,0.4234,0.4236,0.4232,0.4233,56577.0
2024-09-28 22:50:00,1727563800000,0.4233,0.4235,0.4232,0.4234,61928.6
2024-09-28 22:55:00,1727564100000,0.4233,0.4234,0.4231,0.4231,11136.3
2024-09-28 23:00:00,1727564400000,0.4232,0.4232,0.4228,0.4229,67288.5
2024-09-28 23:05:00,1727564700000,0.4229,0.423,0.4227,0.4229,18241.4
2024-09-28 23:10:00,1727565000000,0.4229,0.423,0.4227,0.4229,131873.4
2024-09-28 23:15:00,1727565300000,0.4229,0.423,0.4228,0.4229,58454.3
2024-09-28 23:20:00,1727565600000,0.4229,0.4232,0.4226,0.4227,58733.9
2024-09-28 23:25:00,1727565900000,0.4227,0.4227,0.4224,0.4224,71244.2
2024-09-28 23:30:00,1727566200000,0.4224,0.423,0.4224,0.423,118332.4
2024-09-28 23:35:00,1727566500000,0.4229,0.4229,0.4224,0.4225,43748.7
2024-09-28 23:40:00,1727566800000,0.4225,0.4229,0.4223,0.4228,14277.7
2024-09-28 23:45:00,1727567100000,0.4229,0.4238,0.4228,0.4234,41121.0
2024-09-28 23:50:00,1727567400000,0.4234,0.4243,0.4234,0.4243,82587.8
2024-09-28 23:55:00,1727567700000,0.4243,0.4244,0.4239,0.424,161019.6
2024-09-29 00:00:00,1727568000000,0.424,0.4241,0.4236,0.4236,43704.9
2024-09-29 00:05:00,1727568300000,0.4235,0.4235,0.4229,0.4235,60390.8
2024-09-29 00:10:00,1727568600000,0.4235,0.4241,0.4235,0.424,76274.5
2024-09-29 00:15:00,1727568900000,0.424,0.4243,0.4234,0.4243,69246.0
2024-09-29 00:20:00,1727569200000,0.4243,0.425,0.4243,0.425,111755.8
2024-09-29 00:25:00,1727569500000,0.425,0.4251,0.4241,0.4243,48109.7
2024-09-29 00:30:00,1727569800000,0.4243,0.4244,0.4227,0.4228,109045.4
2024-09-29 00:35:00,1727570100000,0.423,0.4234,0.4226,0.4226,25702.4
2024-09-29 00:40:00,1727570400000,0.4225,0.4226,0.4221,0.4222,49972.9
2024-09-29 00:45:00,1727570700000,0.4221,0.4224,0.4213,0.4221,138052.9
2024-09-29 00:50:00,1727571000000,0.4222,0.4222,0.4215,0.4217,39982.9
2024-09-29 00:55:00,1727571300000,0.4216,0.4222,0.4211,0.4213,34898.5
2024-09-29 01:00:00,1727571600000,0.4213,0.4221,0.4212,0.4219,91720.2
2024-09-29 01:05:00,1727571900000,0.4219,0.422,0.4215,0.4216,40141.0
2024-09-29 01:10:00,1727572200000,0.4217,0.4219,0.4212,0.4213,13553.4
2024-09-29 01:15:00,1727572500000,0.4214,0.4215,0.4208,0.4212,54086.2
2024-09-29 01:20:00,1727572800000,0.4213,0.4218,0.4212,0.4218,63912.3
2024-09-29 01:25:00,1727573100000,0.4219,0.4219,0.4213,0.4215,39410.5
2024-09-29 01:30:00,1727573400000,0.4216,0.422,0.4216,0.4217,26915.6
2024-09-29 01:35:00,1727573700000,0.4218,0.4218,0.4212,0.4215,69712.5
2024-09-29 01:40:00,1727574000000,0.4216,0.4216,0.421,0.4214,59507.6
2024-09-29 01:45:00,1727574300000,0.4214,0.422,0.4214,0.4218,151296.1
2024-09-29 01:50:00,1727574600000,0.4218,0.4225,0.4218,0.4223,54597.7
2024-09-29 01:55:00,1727574900000,0.4224,0.4232,0.4224,0.4231,44382.4
2024-09-29 02:00:00,1727575200000,0.4232,0.4232,0.4229,0.4231,63687.3
2024-09-29 02:05:00,1727575500000,0.4231,0.4231,0.4228,0.4231,59705.1
2024-09-29 02:10:00,1727575800000,0.423,0.4237,0.423,0.4234,83570.7
2024-09-29 02:15:00,1727576100000,0.4233,0.4239,0.4229,0.4239,98319.7
2024-09-29 02:20:00,1727576400000,0.424,0.4243,0.4239,0.4242,35090.7
2024-09-29 02:25:00,1727576700000,0.4242,0.4242,0.4236,0.4239,37219.8
2024-09-29 02:30:00,1727577000000,0.424,0.4242,0.4233,0.4234,44731.2
2024-09-29 02:35:00,1727577300000,0.4233,0.4234,0.4229,0.4233,40784.9
2024-09-29 02:40:00,1727577600000,0.4234,0.424,0.4234,0.4238,79719.5
2024-09-29 02:45:00,1727577900000,0.4238,0.4241,0.4237,0.4241,90736.9
2024-09-29 02:50:00,1727578200000,0.4241,0.4242,0.4237,0.4237,16980.5
2024-09-29 02:55:00,1727578500000,0.4237,0.4239,0.4235,0.4236,146591.5
2024-09-29 03:00:00,1727578800000,0.4236,0.4236,0.4231,0.4231,48627.6
2024-09-29 03:05:00,1727579100000,0.4231,0.4232,0.4225,0.4225,47991.5
2024-09-29 03:10:00,1727579400000,0.4225,0.4227,0.4224,0.4224,17089.9
2024-09-29 03:15:00,1727579700000,0.4223,0.4223,0.4218,0.4223,62302.5
2024-09-29 03:20:00,1727580000000,0.4223,0.4227,0.4223,0.4225,16671.0
2024-09-29 03:25:00,1727580300000,0.4226,0.4229,0.4226,0.4227,42216.0
2024-09-29 03:30:00,1727580600000,0.4227,0.4228,0.4223,0.4227,58519.5
2024-09-29 03:35:00,1727580900000,0.4227,0.423,0.4227,0.423,49851.1
2024-09-29 03:40:00,1727581200000,0.4229,0.4232,0.4229,0.4231,10817.7
2024-09-29 03:45:00,1727581500000,0.4231,0.4232,0.423,0.4231,21609.7
2024-09-29 03:50:00,1727581800000,0.4232,0.4234,0.4232,0.4233,83233.0
2024-09-29 03:55:00,1727582100000,0.4234,0.4237,0.4234,0.4237,46692.3
2024-09-29 04:00:00,1727582400000,0.4236,0.4239,0.4236,0.4237,29554.1
2024-09-29 04:05:00,1727582700000,0.4236,0.4236,0.423,0.4235,54563.6
2024-09-29 04:10:00,1727583000000,0.4234,0.4234,0.4226,0.4226,176551.1
2024-09-29 04:15:00,1727583300000,0.4227,0.4227,0.4225,0.4226,19957.8
2024-09-29 04:20:00,1727583600000,0.4225,0.4225,0.4215,0.4222,120428.1
2024-09-29 04:25:00,1727583900000,0.4222,0.4226,0.4222,0.4226,25477.8
2024-09-29 04:30:00,1727584200000,0.4226,0.4226,0.4221,0.4221,19791.7
2024-09-29 04:35:00,1727584500000,0.4222,0.4224,0.4221,0.4222,32392.0
2024-09-29 04:40:00,1727584800000,0.4222,0.4226,0.4221,0.4225,41494.9
2024-09-29 04:45:00,1727585100000,0.4225,0.4226,0.4219,0.4219,23036.6
2024-09-29 04:50:00,1727585400000,0.4219,0.422,0.4219,0.422,8557.1
2024-09-29 04:55:00,1727585700000,0.4221,0.4227,0.4221,0.4225,46793.9
2024-09-29 05:00:00,1727586000000,0.4225,0.4225,0.422,0.4223,25141.9
2024-09-29 05:05:00,1727586300000,0.4224,0.4232,0.4224,0.4232,82842.8
2024-09-29 05:10:00,1727586600000,0.4232,0.4236,0.4232,0.4232,67772.7
2024-09-29 05:15:00,1727586900000,0.4232,0.4234,0.4228,0.4229,287434.6
2024-09-29 05:20:00,1727587200000,0.423,0.4238,0.423,0.4236,36004.2
2024-09-29 05:25:00,1727587500000,0.4235,0.4239,0.4235,0.4237,77843.9
2024-09-29 05:30:00,1727587800000,0.4238,0.4238,0.4226,0.4226,158574.7
2024-09-29 05:35:00,1727588100000,0.4227,0.423,0.4218,0.4219,214494.5
2024-09-29 05:40:00,1727588400000,0.4219,0.4223,0.4215,0.4221,356974.4
2024-09-29 05:45:00,1727588700000,0.422,0.4222,0.4199,0.4207,1050620.7
2024-09-29 05:50:00,1727589000000,0.4207,0.421,0.4204,0.421,138791.7
2024-09-29 05:55:00,1727589300000,0.4209,0.4212,0.4208,0.4208,26440.4
2024-09-29 06:00:00,1727589600000,0.4208,0.4214,0.4204,0.4211,132862.3
2024-09-29 06:05:00,1727589900000,0.4211,0.4212,0.4204,0.4211,62047.3
2024-09-29 06:10:00,1727590200000,0.4212,0.4213,0.4205,0.4205,51245.3
2024-09-29 06:15:00,1727590500000,0.4203,0.4205,0.42,0.4201,86021.1
2024-09-29 06:20:00,1727590800000,0.4201,0.4201,0.4196,0.4199,98059.1
2024-09-29 06:25:00,1727591100000,0.4199,0.4207,0.4199,0.4204,43755.4
2024-09-29 06:30:00,1727591400000,0.4205,0.4206,0.42,0.42,91363.4
2024-09-29 06:35:00,1727591700000,0.4199,0.4205,0.4197,0.4197,87509.2
2024-09-29 06:40:00,1727592000000,0.4197,0.42,0.4196,0.42,16353.1
2024-09-29 06:45:00,1727592300000,0.4199,0.4199,0.419,0.4193,153468.3
2024-09-29 06:50:00,1727592600000,0.4193,0.4198,0.4192,0.4196,113499.4
2024-09-29 06:55:00,1727592900000,0.4196,0.4205,0.4194,0.4202,303940.7
2024-09-29 07:00:00,1727593200000,0.4201,0.4206,0.4199,0.4206,104459.1
2024-09-29 07:05:00,1727593500000,0.4206,0.4213,0.4204,0.4212,89957.9
2024-09-29 07:10:00,1727593800000,0.4212,0.4212,0.4205,0.4207,54669.1
2024-09-29 07:15:00,1727594100000,0.4207,0.4209,0.4206,0.4208,51516.8
2024-09-29 07:20:00,1727594400000,0.4208,0.4208,0.4191,0.4192,183759.7
2024-09-29 07:25:00,1727594700000,0.4192,0.4195,0.4191,0.4192,52968.0
2024-09-29 07:30:00,1727595000000,0.4192,0.4194,0.4191,0.4192,80661.4
2024-09-29 07:35:00,1727595300000,0.4192,0.4198,0.419,0.4195,67674.2
2024-09-29 07:40:00,1727595600000,0.4194,0.4194,0.4189,0.4191,27304.8
2024-09-29 07:45:00,1727595900000,0.4191,0.4191,0.4184,0.4184,72657.3
2024-09-29 07:50:00,1727596200000,0.4184,0.4185,0.4178,0.4182,222274.8
2024-09-29 07:55:00,1727596500000,0.4182,0.4187,0.4179,0.4187,101991.2
2024-09-29 08:00:00,1727596800000,0.4186,0.4192,0.4182,0.4185,99984.2
2024-09-29 08:05:00,1727597100000,0.4186,0.4198,0.4186,0.4198,148624.1
2024-09-29 08:10:00,1727597400000,0.4198,0.42,0.4197,0.4198,62005.2
2024-09-29 08:15:00,1727597700000,0.4199,0.42,0.4195,0.4196,70609.3
2024-09-29 08:20:00,1727598000000,0.4195,0.4197,0.4185,0.4185,79490.5
2024-09-29 08:25:00,1727598300000,0.4185,0.4187,0.4183,0.4183,88872.8
2024-09-29 08:30:00,1727598600000,0.4184,0.4191,0.4183,0.4191,60544.0
2024-09-29 08:35:00,1727598900000,0.4191,0.4192,0.4188,0.4188,54240.8
2024-09-29 08:40:00,1727599200000,0.4189,0.4192,0.4187,0.4192,67299.0
2024-09-29 08:45:00,1727599500000,0.4191,0.4193,0.4189,0.4192,59881.3
2024-09-29 08:50:00,1727599800000,0.4192,0.4192,0.4189,0.419,86519.2
2024-09-29 08:55:00,1727600100000,0.419,0.419,0.4188,0.4189,27611.4
2024-09-29 09:00:00,1727600400000,0.4188,0.4197,0.4188,0.4196,160017.9
2024-09-29 09:05:00,1727600700000,0.4198,0.4206,0.4197,0.4203,49240.1
2024-09-29 09:10:00,1727601000000,0.4203,0.4205,0.4201,0.4204,29107.9
2024-09-29 09:15:00,1727601300000,0.4205,0.4208,0.4204,0.4205,145096.5
2024-09-29 09:20:00,1727601600000,0.4204,0.4204,0.4195,0.4195,196025.8
2024-09-29 09:25:00,1727601900000,0.4194,0.4194,0.419,0.4194,68039.8
2024-09-29 09:30:00,1727602200000,0.4194,0.4199,0.4193,0.4198,37942.1
2024-09-29 09:35:00,1727602500000,0.4198,0.4199,0.4192,0.4196,140036.0
2024-09-29 09:40:00,1727602800000,0.4196,0.4199,0.4195,0.4197,80650.3
2024-09-29 09:45:00,1727603100000,0.4199,0.4205,0.4198,0.4201,112081.5
2024-09-29 09:50:00,1727603400000,0.42,0.4201,0.4196,0.4199,41629.7
2024-09-29 09:55:00,1727603700000,0.4199,0.4199,0.4196,0.4198,85401.7
2024-09-29 10:00:00,1727604000000,0.4198,0.4199,0.4196,0.4198,58738.3
2024-09-29 10:05:00,1727604300000,0.4198,0.4204,0.4198,0.4203,96547.5
2024-09-29 10:10:00,1727604600000,0.4203,0.4204,0.4199,0.4199,41892.6
2024-09-29 10:15:00,1727604900000,0.4199,0.42,0.4188,0.4188,77669.9
2024-09-29 10:20:00,1727605200000,0.4188,0.4188,0.418,0.4182,81593.0
2024-09-29 10:25:00,1727605500000,0.4181,0.4182,0.4176,0.4177,185692.0
2024-09-29 10:30:00,1727605800000,0.4177,0.4183,0.4176,0.4182,59016.0
2024-09-29 10:35:00,1727606100000,0.4181,0.4187,0.418,0.4182,77279.0
2024-09-29 10:40:00,1727606400000,0.4182,0.4188,0.4182,0.4188,37484.5
2024-09-29 10:45:00,1727606700000,0.4188,0.4191,0.4188,0.4189,108938.9
2024-09-29 10:50:00,1727607000000,0.4189,0.4189,0.4181,0.4185,101954.6
2024-09-29 10:55:00,1727607300000,0.4186,0.4187,0.416,0.4175,1585721.3
2024-09-29 11:00:00,1727607600000,0.4175,0.4189,0.4174,0.4189,119697.0
2024-09-29 11:05:00,1727607900000,0.419,0.4192,0.4179,0.4182,399757.3
2024-09-29 11:10:00,1727608200000,0.4182,0.4184,0.4179,0.4183,59129.4
2024-09-29 11:15:00,1727608500000,0.4183,0.4184,0.4174,0.4175,126925.6
2024-09-29 11:20:00,1727608800000,0.4176,0.418,0.4174,0.4178,113893.1
2024-09-29 11:25:00,1727609100000,0.4178,0.4185,0.4177,0.4184,53261.1
2024-09-29 11:30:00,1727609400000,0.4184,0.4184,0.4179,0.4183,57326.8
2024-09-29 11:35:00,1727609700000,0.4183,0.4186,0.418,0.4184,79391.6
2024-09-29 11:40:00,1727610000000,0.4184,0.4188,0.418,0.4181,40946.7
2024-09-29 11:45:00,1727610300000,0.418,0.4188,0.418,0.4187,118833.7
2024-09-29 11:50:00,1727610600000,0.4189,0.4191,0.4185,0.4186,42301.2
2024-09-29 11:55:00,1727610900000,0.4187,0.419,0.4185,0.4186,48208.7
2024-09-29 12:00:00,1727611200000,0.4186,0.42,0.4185,0.4199,180832.8
2024-09-29 12:05:00,1727611500000,0.4199,0.4201,0.4193,0.4194,47147.9
2024-09-29 12:10:00,1727611800000,0.4193,0.4196,0.4192,0.4193,33376.1
2024-09-29 12:15:00,1727612100000,0.4194,0.4197,0.4193,0.4195,16171.0
2024-09-29 12:20:00,1727612400000,0.4195,0.4195,0.4187,0.4188,106657.3
2024-09-29 12:25:00,1727612700000,0.4187,0.4188,0.4185,0.4188,30119.8
2024-09-29 12:30:00,1727613000000,0.4188,0.419,0.4183,0.4185,72966.3
2024-09-29 12:35:00,1727613300000,0.4186,0.419,0.4185,0.4187,30394.7
2024-09-29 12:40:00,1727613600000,0.4186,0.4187,0.4183,0.4184,28808.3
2024-09-29 12:45:00,1727613900000,0.4184,0.4188,0.4179,0.418,112228.5
2024-09-29 12:50:00,1727614200000,0.418,0.4181,0.4172,0.4173,308201.1
2024-09-29 12:55:00,1727614500000,0.4172,0.4172,0.4153,0.4155,457616.5
2024-09-29 13:00:00,1727614800000,0.4155,0.4157,0.4135,0.414,537807.9
2024-09-29 13:05:00,1727615100000,0.414,0.4163,0.414,0.4163,214469.6
2024-09-29 13:10:00,1727615400000,0.4162,0.4178,0.4162,0.4177,251779.2
2024-09-29 13:15:00,1727615700000,0.4176,0.4183,0.4175,0.4179,86284.8
2024-09-29 13:20:00,1727616000000,0.4177,0.4181,0.4174,0.4181,38443.1
2024-09-29 13:25:00,1727616300000,0.4181,0.4182,0.4175,0.4175,77681.0
2024-09-29 13:30:00,1727616600000,0.4176,0.418,0.4175,0.4176,39968.2
2024-09-29 13:35:00,1727616900000,0.4176,0.4178,0.4174,0.4174,80464.3
2024-09-29 13:40:00,1727617200000,0.4174,0.4186,0.4174,0.4183,88449.7
2024-09-29 13:45:00,1727617500000,0.4183,0.4187,0.418,0.4187,89870.0
2024-09-29 13:50:00,1727617800000,0.4186,0.4187,0.4184,0.4186,77235.3
2024-09-29 13:55:00,1727618100000,0.4186,0.4189,0.4184,0.4189,94348.2
2024-09-29 14:00:00,1727618400000,0.419,0.4191,0.4183,0.4185,228930.8
2024-09-29 14:05:00,1727618700000,0.4185,0.4192,0.4184,0.4187,363793.5
2024-09-29 14:10:00,1727619000000,0.4189,0.4193,0.4185,0.4189,83008.9
2024-09-29 14:15:00,1727619300000,0.4189,0.4197,0.4189,0.4197,84377.1
2024-09-29 14:20:00,1727619600000,0.4197,0.4197,0.4189,0.4189,125694.5
2024-09-29 14:25:00,1727619900000,0.419,0.4194,0.4181,0.4189,305629.9
2024-09-29 14:30:00,1727620200000,0.4189,0.4194,0.4189,0.419,51933.0
2024-09-29 14:35:00,1727620500000,0.419,0.4191,0.4185,0.4185,56175.5
2024-09-29 14:40:00,1727620800000,0.4186,0.4187,0.4182,0.4186,55103.6
2024-09-29 14:45:00,1727621100000,0.4185,0.419,0.4183,0.4185,75414.8
2024-09-29 14:50:00,1727621400000,0.4185,0.4191,0.4184,0.4189,129092.6
2024-09-29 14:55:00,1727621700000,0.419,0.4196,0.4188,0.4194,97358.5
2024-09-29 15:00:00,1727622000000,0.4194,0.4196,0.4187,0.4192,153484.9
2024-09-29 15:05:00,1727622300000,0.4192,0.4196,0.419,0.4195,107268.6
2024-09-29 15:10:00,1727622600000,0.4195,0.4202,0.4193,0.4202,143645.0
2024-09-29 15:15:00,1727622900000,0.4202,0.4213,0.4202,0.4208,316841.4
2024-09-29 15:20:00,1727623200000,0.4209,0.4211,0.4206,0.4206,91906.1
2024-09-29 15:25:00,1727623500000,0.4206,0.421,0.4195,0.4197,147792.3
2024-09-29 15:30:00,1727623800000,0.4196,0.4205,0.4194,0.4204,118165.3
2024-09-29 15:35:00,1727624100000,0.4204,0.4208,0.4202,0.4207,35829.5
2024-09-29 15:40:00,1727624400000,0.4206,0.4212,0.4205,0.4211,143939.2
2024-09-29 15:45:00,1727624700000,0.4211,0.4219,0.4206,0.4216,300961.4
2024-09-29 15:50:00,1727625000000,0.4217,0.422,0.4217,0.4217,108051.4
2024-09-29 15:55:00,1727625300000,0.4218,0.4219,0.4214,0.4215,31185.6
2024-09-29 16:00:00,1727625600000,0.4216,0.4223,0.4213,0.4221,147741.6
2024-09-29 16:05:00,1727625900000,0.4221,0.4222,0.4208,0.421,236036.9
2024-09-29 16:10:00,1727626200000,0.421,0.4217,0.4208,0.4215,88282.2
2024-09-29 16:15:00,1727626500000,0.4214,0.4214,0.4207,0.4209,88356.9
2024-09-29 16:20:00,1727626800000,0.4209,0.4211,0.4203,0.4207,215514.5
2024-09-29 16:25:00,1727627100000,0.4207,0.4207,0.4203,0.4204,57013.0
2024-09-29 16:30:00,1727627400000,0.4205,0.4209,0.4202,0.4203,55934.4
2024-09-29 16:35:00,1727627700000,0.4202,0.4204,0.4195,0.4198,140717.8
2024-09-29 16:40:00,1727628000000,0.4198,0.4206,0.4196,0.4206,102708.0
2024-09-29 16:45:00,1727628300000,0.4206,0.4215,0.4205,0.4212,96732.8
2024-09-29 16:50:00,1727628600000,0.4213,0.422,0.4213,0.422,99866.7
2024-09-29 16:55:00,1727628900000,0.4219,0.422,0.4216,0.4219,51061.2
2024-09-29 17:00:00,1727629200000,0.4219,0.4228,0.4219,0.4227,198978.1
2024-09-29 17:05:00,1727629500000,0.4226,0.423,0.4225,0.4226,101815.0
2024-09-29 17:10:00,1727629800000,0.4226,0.4233,0.4226,0.4231,178884.9
2024-09-29 17:15:00,1727630100000,0.4233,0.4238,0.4232,0.4235,134485.4
2024-09-29 17:20:00,1727630400000,0.4235,0.4237,0.423,0.4234,138561.5
2024-09-29 17:25:00,1727630700000,0.4233,0.4233,0.4225,0.4226,88544.2
2024-09-29 17:30:00,1727631000000,0.4226,0.4233,0.4226,0.4229,51309.7
2024-09-29 17:35:00,1727631300000,0.4231,0.4234,0.423,0.423,42377.3
2024-09-29 17:40:00,1727631600000,0.423,0.4234,0.4229,0.4233,72783.2
2024-09-29 17:45:00,1727631900000,0.4232,0.4235,0.4228,0.4229,49635.0
2024-09-29 17:50:00,1727632200000,0.4229,0.423,0.4228,0.4229,29008.6
2024-09-29 17:55:00,1727632500000,0.4228,0.4232,0.4224,0.4225,122356.9
2024-09-29 18:00:00,1727632800000,0.4225,0.4231,0.4223,0.423,78258.1
2024-09-29 18:05:00,1727633100000,0.4231,0.4237,0.4231,0.4237,81248.4
2024-09-29 18:10:00,1727633400000,0.4236,0.4239,0.4235,0.4236,89360.0
2024-09-29 18:15:00,1727633700000,0.4237,0.4237,0.4229,0.423,74117.7
2024-09-29 18:20:00,1727634000000,0.423,0.4233,0.4227,0.4232,55186.9
2024-09-29 18:25:00,1727634300000,0.4232,0.4234,0.423,0.423,34505.2
2024-09-29 18:30:00,1727634600000,0.4231,0.4232,0.4227,0.4231,117189.4
2024-09-29 18:35:00,1727634900000,0.423,0.4233,0.423,0.4233,67967.0
2024-09-29 18:40:00,1727635200000,0.4233,0.4234,0.4227,0.4228,69540.8
2024-09-29 18:45:00,1727635500000,0.4227,0.4228,0.4224,0.4225,89521.6
2024-09-29 18:50:00,1727635800000,0.4225,0.4229,0.4224,0.4229,8608.2
2024-09-29 18:55:00,1727636100000,0.4229,0.4232,0.4228,0.4232,19498.3
2024-09-29 19:00:00,1727636400000,0.4231,0.4233,0.4229,0.4233,94599.2
2024-09-29 19:05:00,1727636700000,0.4233,0.4233,0.423,0.423,17682.0
2024-09-29 19:10:00,1727637000000,0.423,0.4231,0.423,0.4231,9195.5
2024-09-29 19:15:00,1727637300000,0.423,0.4232,0.423,0.4232,24184.2
2024-09-29 19:20:00,1727637600000,0.4232,0.4237,0.4231,0.4236,39044.9
2024-09-29 19:25:00,1727637900000,0.4237,0.4237,0.4231,0.4231,19435.7
2024-09-29 19:30:00,1727638200000,0.4234,0.4237,0.4232,0.4237,38312.2
2024-09-29 19:35:00,1727638500000,0.4238,0.4241,0.4234,0.4234,109113.4
2024-09-29 19:40:00,1727638800000,0.4234,0.4239,0.4232,0.4238,53111.5
2024-09-29 19:45:00,1727639100000,0.4239,0.4244,0.4238,0.4242,89004.1
2024-09-29 19:50:00,1727639400000,0.4242,0.4246,0.4242,0.4245,128642.6
2024-09-29 19:55:00,1727639700000,0.4245,0.4251,0.4245,0.4249,166528.5
2024-09-29 20:00:00,1727640000000,0.425,0.426,0.4248,0.4258,339704.7
2024-09-29 20:05:00,1727640300000,0.4258,0.426,0.4245,0.4251,166373.9
2024-09-29 20:10:00,1727640600000,0.425,0.4251,0.4237,0.4241,72870.2
2024-09-29 20:15:00,1727640900000,0.4243,0.4252,0.4242,0.4244,83616.3
2024-09-29 20:20:00,1727641200000,0.4245,0.4246,0.4232,0.4233,52480.4
2024-09-29 20:25:00,1727641500000,0.4232,0.4234,0.4228,0.4231,165227.3
2024-09-29 20:30:00,1727641800000,0.4231,0.4241,0.423,0.4237,109401.9
2024-09-29 20:35:00,1727642100000,0.4237,0.4239,0.4233,0.4238,35114.2
2024-09-29 20:40:00,1727642400000,0.4237,0.4237,0.4226,0.4228,135591.8
2024-09-29 20:45:00,1727642700000,0.4228,0.423,0.4223,0.4224,35776.9
2024-09-29 20:50:00,1727643000000,0.4223,0.4227,0.4221,0.4225,64250.6
2024-09-29 20:55:00,1727643300000,0.4226,0.4229,0.4223,0.4225,41117.1
2024-09-29 21:00:00,1727643600000,0.4225,0.4231,0.4222,0.423,59331.0
2024-09-29 21:05:00,1727643900000,0.423,0.4234,0.423,0.4233,57257.5
2024-09-29 21:10:00,1727644200000,0.4232,0.4236,0.4231,0.4235,60141.4
2024-09-29 21:15:00,1727644500000,0.4234,0.424,0.4233,0.424,77870.6
2024-09-29 21:20:00,1727644800000,0.424,0.4244,0.4239,0.4241,98455.8
2024-09-29 21:25:00,1727645100000,0.4242,0.4245,0.4242,0.4244,37984.2
2024-09-29 21:30:00,1727645400000,0.4244,0.4245,0.4241,0.4241,61254.5
2024-09-29 21:35:00,1727645700000,0.4242,0.4242,0.4234,0.4238,86100.2
2024-09-29 21:40:00,1727646000000,0.4238,0.4238,0.4229,0.4229,135189.7
2024-09-29 21:45:00,1727646300000,0.4231,0.4236,0.4229,0.4234,19196.1
2024-09-29 21:50:00,1727646600000,0.4235,0.4236,0.4233,0.4235,37775.7
2024-09-29 21:55:00,1727646900000,0.4235,0.4238,0.4235,0.4238,56536.4
2024-09-29 22:00:00,1727647200000,0.4237,0.4244,0.4235,0.4244,58478.8
2024-09-29 22:05:00,1727647500000,0.4245,0.4252,0.4243,0.4247,252929.2
2024-09-29 22:10:00,1727647800000,0.4246,0.4246,0.4224,0.4233,400900.3
2024-09-29 22:15:00,1727648100000,0.4232,0.4234,0.422,0.4222,415258.0
2024-09-29 22:20:00,1727648400000,0.4222,0.4225,0.4213,0.4224,137085.5
2024-09-29 22:25:00,1727648700000,0.4224,0.4227,0.422,0.4223,61387.9
2024-09-29 22:30:00,1727649000000,0.4223,0.4232,0.4223,0.4232,39710.1
2024-09-29 22:35:00,1727649300000,0.4231,0.4235,0.4228,0.4228,30315.3
2024-09-29 22:40:00,1727649600000,0.4228,0.4228,0.4221,0.4221,51833.3
2024-09-29 22:45:00,1727649900000,0.4221,0.4229,0.4221,0.4229,108674.7
2024-09-29 22:50:00,1727650200000,0.4228,0.4232,0.4223,0.4223,254520.4
2024-09-29 22:55:00,1727650500000,0.4223,0.4223,0.4217,0.4218,36435.2
2024-09-29 23:00:00,1727650800000,0.4217,0.4224,0.4217,0.4221,98157.0
2024-09-29 23:05:00,1727651100000,0.4221,0.4221,0.4209,0.4209,123426.0
2024-09-29 23:10:00,1727651400000,0.4208,0.4214,0.4206,0.4213,140814.1
2024-09-29 23:15:00,1727651700000,0.4213,0.4215,0.421,0.4213,66217.7
2024-09-29 23:20:00,1727652000000,0.4211,0.4216,0.421,0.4211,68943.7
2024-09-29 23:25:00,1727652300000,0.421,0.421,0.4201,0.4201,86043.3
2024-09-29 23:30:00,1727652600000,0.4202,0.4205,0.4197,0.4201,151402.2
2024-09-29 23:35:00,1727652900000,0.4202,0.4206,0.4198,0.4202,196345.7
2024-09-29 23:40:00,1727653200000,0.4204,0.4208,0.4202,0.4207,94296.1
2024-09-29 23:45:00,1727653500000,0.4208,0.4217,0.4208,0.4216,74076.3
2024-09-29 23:50:00,1727653800000,0.4217,0.4218,0.4213,0.4216,69619.1
2024-09-29 23:55:00,1727654100000,0.4216,0.4216,0.4211,0.4212,82527.1
2024-09-30 00:00:00,1727654400000,0.4213,0.4222,0.421,0.4217,306926.5
2024-09-30 00:05:00,1727654700000,0.4217,0.4218,0.4212,0.4217,43139.5
2024-09-30 00:10:00,1727655000000,0.4217,0.422,0.4211,0.4211,107656.8
2024-09-30 00:15:00,1727655300000,0.4211,0.4214,0.4205,0.4207,49984.8
2024-09-30 00:20:00,1727655600000,0.4208,0.4209,0.42,0.4201,193844.1
2024-09-30 00:25:00,1727655900000,0.4201,0.4205,0.4174,0.4176,755409.5
2024-09-30 00:30:00,1727656200000,0.4176,0.4176,0.4131,0.4138,1183939.2
2024-09-30 00:35:00,1727656500000,0.4139,0.4153,0.4137,0.4153,424373.6
2024-09-30 00:40:00,1727656800000,0.4154,0.4174,0.4154,0.4173,255027.2
2024-09-30 00:45:00,1727657100000,0.4174,0.4175,0.4165,0.4173,110583.0
2024-09-30 00:50:00,1727657400000,0.4173,0.418,0.417,0.418,131501.6
2024-09-30 00:55:00,1727657700000,0.418,0.4188,0.4178,0.4188,43144.2
2024-09-30 01:00:00,1727658000000,0.4188,0.4189,0.4181,0.4189,84597.8
2024-09-30 01:05:00,1727658300000,0.4189,0.4196,0.4187,0.419,161721.7
2024-09-30 01:10:00,1727658600000,0.419,0.4193,0.4165,0.4171,272350.8
2024-09-30 01:15:00,1727658900000,0.4169,0.4169,0.4154,0.4162,264764.1
2024-09-30 01:20:00,1727659200000,0.4162,0.4162,0.4157,0.4159,82390.1
2024-09-30 01:25:00,1727659500000,0.416,0.4166,0.4159,0.4163,116828.3
2024-09-30 01:30:00,1727659800000,0.4164,0.4175,0.4164,0.4174,104366.5
2024-09-30 01:35:00,1727660100000,0.4172,0.4172,0.4159,0.4162,91735.3
2024-09-30 01:40:00,1727660400000,0.4162,0.4163,0.4158,0.4158,65466.7
2024-09-30 01:45:00,1727660700000,0.4159,0.4159,0.4125,0.4129,544694.0
2024-09-30 01:50:00,1727661000000,0.4128,0.4133,0.412,0.4129,505361.0
2024-09-30 01:55:00,1727661300000,0.413,0.4136,0.4125,0.4126,149045.0
2024-09-30 02:00:00,1727661600000,0.4127,0.4132,0.4119,0.4121,235386.2
2024-09-30 02:05:00,1727661900000,0.4122,0.4133,0.4122,0.4132,126241.7
2024-09-30 02:10:00,1727662200000,0.4132,0.4132,0.4111,0.4123,442621.8
2024-09-30 02:15:00,1727662500000,0.4121,0.4136,0.4121,0.4134,244186.3
2024-09-30 02:20:00,1727662800000,0.4135,0.4136,0.4129,0.4136,161612.3
2024-09-30 02:25:00,1727663100000,0.4135,0.4135,0.4127,0.413,202671.8
2024-09-30 02:30:00,1727663400000,0.4131,0.4133,0.4121,0.4126,85010.3
2024-09-30 02:35:00,1727663700000,0.4124,0.4128,0.4116,0.4118,312478.5
2024-09-30 02:40:00,1727664000000,0.4118,0.4128,0.4118,0.4122,141800.3
2024-09-30 02:45:00,1727664300000,0.4123,0.4129,0.4121,0.4126,49762.9
2024-09-30 02:50:00,1727664600000,0.4126,0.4126,0.4102,0.4106,695589.3
2024-09-30 02:55:00,1727664900000,0.4105,0.4109,0.4101,0.4104,177131.5
2024-09-30 03:00:00,1727665200000,0.4104,0.4109,0.4101,0.4104,82718.4
2024-09-30 03:05:00,1727665500000,0.4105,0.4106,0.406,0.4073,1443752.3
2024-09-30 03:10:00,1727665800000,0.4075,0.4094,0.4066,0.4094,332201.7
2024-09-30 03:15:00,1727666100000,0.4093,0.4099,0.4084,0.4099,137098.1
2024-09-30 03:20:00,1727666400000,0.4099,0.411,0.4096,0.4106,177703.9
2024-09-30 03:25:00,1727666700000,0.4107,0.4107,0.4102,0.4107,102518.6
2024-09-30 03:30:00,1727667000000,0.4108,0.4112,0.4103,0.4108,108312.1
2024-09-30 03:35:00,1727667300000,0.4109,0.4122,0.4109,0.4119,218689.8
2024-09-30 03:40:00,1727667600000,0.4119,0.412,0.4116,0.4118,106404.0
2024-09-30 03:45:00,1727667900000,0.4119,0.4119,0.4115,0.4116,63552.0
2024-09-30 03:50:00,1727668200000,0.4116,0.4134,0.4115,0.4124,299970.3
2024-09-30 03:55:00,1727668500000,0.4124,0.4128,0.4124,0.4126,101596.9
2024-09-30 04:00:00,1727668800000,0.4126,0.4126,0.4115,0.4116,43509.8
2024-09-30 04:05:00,1727669100000,0.4117,0.4126,0.4117,0.4123,41207.6
2024-09-30 04:10:00,1727669400000,0.4121,0.4123,0.4114,0.4119,43949.1
2024-09-30 04:15:00,1727669700000,0.4119,0.4122,0.4114,0.4119,98708.6
2024-09-30 04:20:00,1727670000000,0.412,0.4123,0.4114,0.4117,96943.0
2024-09-30 04:25:00,1727670300000,0.4116,0.4116,0.4103,0.4104,282502.4
2024-09-30 04:30:00,1727670600000,0.4104,0.4121,0.4101,0.412,221985.6
2024-09-30 04:35:00,1727670900000,0.4118,0.4118,0.4105,0.4107,150191.7
2024-09-30 04:40:00,1727671200000,0.4108,0.4108,0.4094,0.4102,239427.2
2024-09-30 04:45:00,1727671500000,0.4102,0.4104,0.4101,0.4102,26521.8
2024-09-30 04:50:00,1727671800000,0.4103,0.4114,0.4103,0.4113,494242.1
2024-09-30 04:55:00,1727672100000,0.4112,0.4114,0.4109,0.4112,103675.6
2024-09-30 05:00:00,1727672400000,0.4112,0.4112,0.4107,0.4109,85440.2
2024-09-30 05:05:00,1727672700000,0.4108,0.4122,0.4108,0.4121,95740.3
2024-09-30 05:10:00,1727673000000,0.4121,0.4122,0.4118,0.4119,107899.4
2024-09-30 05:15:00,1727673300000,0.4119,0.4122,0.4119,0.4121,41674.7
2024-09-30 05:20:00,1727673600000,0.4122,0.4129,0.4122,0.4129,48400.6
2024-09-30 05:25:00,1727673900000,0.413,0.4134,0.4127,0.4134,84632.1
2024-09-30 05:30:00,1727674200000,0.4134,0.414,0.413,0.4137,101333.1
2024-09-30 05:35:00,1727674500000,0.4136,0.4138,0.4134,0.4134,79386.1
2024-09-30 05:40:00,1727674800000,0.4134,0.4134,0.4129,0.4129,43210.5
2024-09-30 05:45:00,1727675100000,0.4128,0.4136,0.4124,0.4135,33015.8
2024-09-30 05:50:00,1727675400000,0.4136,0.4136,0.4132,0.4132,49839.9
2024-09-30 05:55:00,1727675700000,0.4132,0.4139,0.4131,0.4135,72562.0
2024-09-30 06:00:00,1727676000000,0.4135,0.4149,0.4134,0.4148,125069.1
2024-09-30 06:05:00,1727676300000,0.4149,0.4155,0.4149,0.415,99586.5
2024-09-30 06:10:00,1727676600000,0.415,0.4158,0.415,0.4158,165974.9
2024-09-30 06:15:00,1727676900000,0.4157,0.4159,0.4153,0.4155,91793.9
2024-09-30 06:20:00,1727677200000,0.4154,0.4157,0.4148,0.4149,127246.3
2024-09-30 06:25:00,1727677500000,0.4149,0.4149,0.4138,0.4141,84369.5
2024-09-30 06:30:00,1727677800000,0.4142,0.4144,0.4137,0.4142,102390.9
2024-09-30 06:35:00,1727678100000,0.4142,0.4144,0.4131,0.4132,68704.7
2024-09-30 06:40:00,1727678400000,0.4131,0.4135,0.413,0.413,69975.1
2024-09-30 06:45:00,1727678700000,0.4129,0.4135,0.4127,0.4127,55209.6
2024-09-30 06:50:00,1727679000000,0.4128,0.4128,0.4123,0.4124,80347.9
2024-09-30 06:55:00,1727679300000,0.4124,0.4125,0.412,0.4121,153342.7
2024-09-30 07:00:00,1727679600000,0.4121,0.413,0.4119,0.4128,213814.7
2024-09-30 07:05:00,1727679900000,0.4128,0.4133,0.4127,0.413,207337.5
2024-09-30 07:10:00,1727680200000,0.413,0.415,0.4129,0.4146,165256.1
2024-09-30 07:15:00,1727680500000,0.4147,0.4152,0.4144,0.4151,97951.1
2024-09-30 07:20:00,1727680800000,0.415,0.4153,0.4146,0.4151,34387.6
2024-09-30 07:25:00,1727681100000,0.415,0.4156,0.4149,0.4149,82104.5
2024-09-30 07:30:00,1727681400000,0.415,0.4157,0.4149,0.4156,160464.8
2024-09-30 07:35:00,1727681700000,0.4157,0.4157,0.4149,0.4149,66862.3
2024-09-30 07:40:00,1727682000000,0.4149,0.4149,0.4144,0.4145,110635.0
2024-09-30 07:45:00,1727682300000,0.4144,0.4151,0.4144,0.4149,22839.9
2024-09-30 07:50:00,1727682600000,0.4148,0.4152,0.4146,0.4151,68697.6
2024-09-30 07:55:00,1727682900000,0.4152,0.4154,0.4149,0.415,77770.8
2024-09-30 08:00:00,1727683200000,0.4151,0.4151,0.4144,0.4144,80326.3
2024-09-30 08:05:00,1727683500000,0.4144,0.4149,0.4141,0.4141,35318.5
2024-09-30 08:10:00,1727683800000,0.4141,0.4141,0.4131,0.4131,78506.4
2024-09-30 08:15:00,1727684100000,0.413,0.4132,0.4128,0.4128,52941.0
2024-09-30 08:20:00,1727684400000,0.4128,0.4129,0.4116,0.4116,106532.3
2024-09-30 08:25:00,1727684700000,0.4116,0.4125,0.4114,0.4124,100431.3
2024-09-30 08:30:00,1727685000000,0.4123,0.4142,0.4121,0.4141,151490.7
2024-09-30 08:35:00,1727685300000,0.4142,0.4142,0.4127,0.4129,155073.7
2024-09-30 08:40:00,1727685600000,0.4129,0.4134,0.4128,0.413,101538.7
2024-09-30 08:45:00,1727685900000,0.413,0.4135,0.4124,0.4134,56179.0
2024-09-30 08:50:00,1727686200000,0.4136,0.4147,0.4136,0.4141,192079.6
2024-09-30 08:55:00,1727686500000,0.4142,0.4146,0.4138,0.414,60219.4
2024-09-30 09:00:00,1727686800000,0.414,0.4141,0.4125,0.4131,90805.9
2024-09-30 09:05:00,1727687100000,0.4131,0.4134,0.4123,0.4124,83009.5
2024-09-30 09:10:00,1727687400000,0.4124,0.4128,0.4112,0.4113,172816.2
2024-09-30 09:15:00,1727687700000,0.4113,0.4122,0.4102,0.4122,295748.7
2024-09-30 09:20:00,1727688000000,0.4122,0.4124,0.4116,0.4123,80156.2
2024-09-30 09:25:00,1727688300000,0.4122,0.4123,0.4115,0.4116,129771.4
2024-09-30 09:30:00,1727688600000,0.4116,0.412,0.4112,0.4112,62832.4
2024-09-30 09:35:00,1727688900000,0.4112,0.4116,0.4107,0.4107,128578.9
2024-09-30 09:40:00,1727689200000,0.4107,0.4109,0.4093,0.4097,356942.1
2024-09-30 09:45:00,1727689500000,0.4096,0.4097,0.4084,0.4087,196654.7
2024-09-30 09:50:00,1727689800000,0.4086,0.409,0.4078,0.4089,277031.0
2024-09-30 09:55:00,1727690100000,0.4088,0.4088,0.4066,0.4066,308532.3
2024-09-30 10:00:00,1727690400000,0.4067,0.4084,0.4063,0.4082,369079.6
2024-09-30 10:05:00,1727690700000,0.4082,0.4084,0.4063,0.4064,190657.7
2024-09-30 10:10:00,1727691000000,0.4064,0.4069,0.4051,0.4055,398403.4
2024-09-30 10:15:00,1727691300000,0.4056,0.4071,0.4053,0.4069,336368.2
2024-09-30 10:20:00,1727691600000,0.4069,0.4074,0.406,0.4073,188397.8
2024-09-30 10:25:00,1727691900000,0.4073,0.4082,0.4071,0.4079,116267.9
2024-09-30 10:30:00,1727692200000,0.408,0.4082,0.4066,0.4067,129894.5
2024-09-30 10:35:00,1727692500000,0.4067,0.4071,0.4061,0.4065,162192.9
2024-09-30 10:40:00,1727692800000,0.4065,0.4074,0.4065,0.4069,76333.8
2024-09-30 10:45:00,1727693100000,0.4068,0.4073,0.4064,0.4071,299486.3
2024-09-30 10:50:00,1727693400000,0.4072,0.4072,0.406,0.4062,179895.8
2024-09-30 10:55:00,1727693700000,0.4063,0.4077,0.4063,0.4077,270433.8
2024-09-30 11:00:00,1727694000000,0.4076,0.4077,0.4069,0.407,84240.7
2024-09-30 11:05:00,1727694300000,0.407,0.4076,0.4062,0.4074,153581.7
2024-09-30 11:10:00,1727694600000,0.4075,0.4082,0.4074,0.4081,88292.7
2024-09-30 11:15:00,1727694900000,0.4082,0.4086,0.4078,0.4085,101335.9
2024-09-30 11:20:00,1727695200000,0.4084,0.4088,0.4079,0.4088,119466.6
2024-09-30 11:25:00,1727695500000,0.4087,0.4098,0.4087,0.4097,70670.4
2024-09-30 11:30:00,1727695800000,0.4098,0.41,0.4095,0.41,98923.5
2024-09-30 11:35:00,1727696100000,0.41,0.41,0.4081,0.4085,401558.9
2024-09-30 11:40:00,1727696400000,0.4086,0.4087,0.4083,0.4085,42001.1
2024-09-30 11:45:00,1727696700000,0.4086,0.409,0.4079,0.408,217987.6
2024-09-30 11:50:00,1727697000000,0.4079,0.4084,0.4075,0.4082,181017.1
2024-09-30 11:55:00,1727697300000,0.4082,0.41,0.4082,0.4096,432332.0
2024-09-30 12:00:00,1727697600000,0.4097,0.4098,0.4092,0.4093,70608.4
2024-09-30 12:05:00,1727697900000,0.4092,0.4094,0.4084,0.4094,205920.3
2024-09-30 12:10:00,1727698200000,0.4094,0.4095,0.4087,0.4091,52336.7
2024-09-30 12:15:00,1727698500000,0.4091,0.4093,0.4088,0.4088,77257.0
2024-09-30 12:20:00,1727698800000,0.4089,0.409,0.4087,0.4089,34349.3
2024-09-30 12:25:00,1727699100000,0.4089,0.409,0.4079,0.408,142452.2
2024-09-30 12:30:00,1727699400000,0.4081,0.4089,0.4081,0.4087,69885.0
2024-09-30 12:35:00,1727699700000,0.4086,0.4088,0.4082,0.4088,90130.7
2024-09-30 12:40:00,1727700000000,0.4087,0.4088,0.407,0.4077,226351.0
2024-09-30 12:45:00,1727700300000,0.4076,0.4095,0.4076,0.4095,46932.1
2024-09-30 12:50:00,1727700600000,0.4094,0.41,0.4094,0.4098,118075.0
2024-09-30 12:55:00,1727700900000,0.4098,0.41,0.4096,0.4098,45556.9
2024-09-30 13:00:00,1727701200000,0.4099,0.41,0.4096,0.4097,171132.4
2024-09-30 13:05:00,1727701500000,0.4096,0.4097,0.4087,0.4091,322922.3
2024-09-30 13:10:00,1727701800000,0.4091,0.4098,0.4091,0.4098,25804.4
2024-09-30 13:15:00,1727702100000,0.4097,0.41,0.4097,0.41,60737.6
2024-09-30 13:20:00,1727702400000,0.41,0.4101,0.4098,0.4099,64906.1
2024-09-30 13:25:00,1727702700000,0.4099,0.4102,0.4087,0.4089,298394.0
2024-09-30 13:30:00,1727703000000,0.409,0.4098,0.4087,0.4097,69815.5
2024-09-30 13:35:00,1727703300000,0.4097,0.4098,0.4091,0.4091,86491.2
2024-09-30 13:40:00,1727703600000,0.4091,0.4092,0.4085,0.4089,130824.4
2024-09-30 13:45:00,1727703900000,0.409,0.4101,0.409,0.4097,152422.5
2024-09-30 13:50:00,1727704200000,0.4097,0.4103,0.4096,0.4096,192102.0
2024-09-30 13:55:00,1727704500000,0.4097,0.4104,0.4095,0.4102,336746.0
2024-09-30 14:00:00,1727704800000,0.4102,0.4108,0.4098,0.4099,589208.3
2024-09-30 14:05:00,1727705100000,0.4098,0.4104,0.4083,0.4085,380478.4
2024-09-30 14:10:00,1727705400000,0.4086,0.4092,0.4084,0.4085,224961.7
2024-09-30 14:15:00,1727705700000,0.4083,0.4085,0.4068,0.4071,378271.0
2024-09-30 14:20:00,1727706000000,0.4071,0.408,0.407,0.4072,102100.6
2024-09-30 14:25:00,1727706300000,0.4071,0.4079,0.4068,0.4078,39523.1
2024-09-30 14:30:00,1727706600000,0.4079,0.4079,0.4071,0.4077,60900.6
2024-09-30 14:35:00,1727706900000,0.4077,0.4083,0.4076,0.4083,194516.4
2024-09-30 14:40:00,1727707200000,0.4083,0.4083,0.4077,0.4077,114774.3
2024-09-30 14:45:00,1727707500000,0.4078,0.4081,0.4071,0.4076,105429.3
2024-09-30 14:50:00,1727707800000,0.4076,0.4077,0.4074,0.4077,51117.5
2024-09-30 14:55:00,1727708100000,0.4077,0.4079,0.4075,0.4076,45369.2
2024-09-30 15:00:00,1727708400000,0.4075,0.408,0.4075,0.408,70287.2
2024-09-30 15:05:00,1727708700000,0.408,0.4081,0.4069,0.407,102786.2
2024-09-30 15:10:00,1727709000000,0.4069,0.4081,0.4063,0.408,218415.7
2024-09-30 15:15:00,1727709300000,0.408,0.4087,0.408,0.4085,137386.7
2024-09-30 15:20:00,1727709600000,0.4083,0.4085,0.408,0.4082,78338.6
2024-09-30 15:25:00,1727709900000,0.4081,0.4081,0.4074,0.4074,24968.5
2024-09-30 15:30:00,1727710200000,0.4074,0.4078,0.4069,0.4071,110213.3
2024-09-30 15:35:00,1727710500000,0.4072,0.4072,0.4062,0.4062,92060.1
2024-09-30 15:40:00,1727710800000,0.4062,0.4062,0.405,0.406,442059.1
2024-09-30 15:45:00,1727711100000,0.4059,0.4068,0.4056,0.4059,99902.5
2024-09-30 15:50:00,1727711400000,0.4058,0.4058,0.4044,0.4044,309255.5
2024-09-30 15:55:00,1727711700000,0.4045,0.4045,0.4023,0.4025,588320.8
2024-09-30 16:00:00,1727712000000,0.4024,0.4038,0.4023,0.4038,147561.8
2024-09-30 16:05:00,1727712300000,0.4037,0.4046,0.4035,0.4035,81258.5
2024-09-30 16:10:00,1727712600000,0.4035,0.4047,0.4035,0.4047,164743.9
2024-09-30 16:15:00,1727712900000,0.4047,0.4049,0.4034,0.4034,143233.3
2024-09-30 16:20:00,1727713200000,0.4035,0.4035,0.4029,0.4034,159095.3
2024-09-30 16:25:00,1727713500000,0.4035,0.404,0.4034,0.4035,25700.0
2024-09-30 16:30:00,1727713800000,0.4035,0.4036,0.4023,0.403,195069.8
2024-09-30 16:35:00,1727714100000,0.403,0.4034,0.4028,0.4028,82518.8
2024-09-30 16:40:00,1727714400000,0.4027,0.403,0.4022,0.4028,131737.0
2024-09-30 16:45:00,1727714700000,0.4027,0.4039,0.4027,0.4037,131630.3
2024-09-30 16:50:00,1727715000000,0.4037,0.4039,0.4029,0.4029,64106.3
2024-09-30 16:55:00,1727715300000,0.4028,0.4034,0.4026,0.4026,73031.3
2024-09-30 17:00:00,1727715600000,0.4027,0.403,0.4022,0.4025,63215.1
2024-09-30 17:05:00,1727715900000,0.4024,0.4029,0.4022,0.4022,53401.6
2024-09-30 17:10:00,1727716200000,0.4023,0.4028,0.4022,0.4027,37174.6
2024-09-30 17:15:00,1727716500000,0.4027,0.4034,0.4024,0.4033,48783.8
2024-09-30 17:20:00,1727716800000,0.4033,0.404,0.4032,0.4039,148082.6
2024-09-30 17:25:00,1727717100000,0.4039,0.404,0.4031,0.4033,34711.3
2024-09-30 17:30:00,1727717400000,0.4034,0.4037,0.4027,0.4033,133990.6
2024-09-30 17:35:00,1727717700000,0.4033,0.404,0.4032,0.404,126159.6
2024-09-30 17:40:00,1727718000000,0.4039,0.4048,0.4039,0.4045,207624.9
2024-09-30 17:45:00,1727718300000,0.4045,0.4047,0.4043,0.4045,68825.2
2024-09-30 17:50:00,1727718600000,0.4045,0.4046,0.404,0.4041,62218.1
2024-09-30 17:55:00,1727718900000,0.4041,0.4045,0.4038,0.4044,48303.7
2024-09-30 18:00:00,1727719200000,0.4045,0.4045,0.4038,0.4043,78348.6
2024-09-30 18:05:00,1727719500000,0.4044,0.4044,0.4027,0.403,134944.5
2024-09-30 18:10:00,1727719800000,0.4029,0.403,0.4016,0.402,225896.2
2024-09-30 18:15:00,1727720100000,0.4019,0.4019,0.4005,0.4012,335086.2
2024-09-30 18:20:00,1727720400000,0.4012,0.4015,0.4009,0.4013,109567.1
2024-09-30 18:25:00,1727720700000,0.4013,0.4018,0.4003,0.4003,294936.0
2024-09-30 18:30:00,1727721000000,0.4004,0.4007,0.3991,0.3998,641947.6
2024-09-30 18:35:00,1727721300000,0.3997,0.4013,0.3996,0.4008,142499.7
2024-09-30 18:40:00,1727721600000,0.4009,0.4017,0.4008,0.4012,138147.9
2024-09-30 18:45:00,1727721900000,0.4014,0.4025,0.4013,0.4018,116541.8
2024-09-30 18:50:00,1727722200000,0.4018,0.4028,0.4018,0.4027,75891.7
2024-09-30 18:55:00,1727722500000,0.4028,0.4028,0.4019,0.4021,39058.4
2024-09-30 19:00:00,1727722800000,0.4019,0.4021,0.4015,0.4018,82677.4
2024-09-30 19:05:00,1727723100000,0.4018,0.4019,0.4015,0.4015,66988.9
2024-09-30 19:10:00,1727723400000,0.4015,0.4017,0.4007,0.401,97521.2
2024-09-30 19:15:00,1727723700000,0.4009,0.4021,0.4007,0.4019,101924.9
2024-09-30 19:20:00,1727724000000,0.402,0.4022,0.4018,0.4019,77293.7
2024-09-30 19:25:00,1727724300000,0.4018,0.4019,0.4013,0.4017,104887.8
2024-09-30 19:30:00,1727724600000,0.4017,0.4017,0.4008,0.4009,216165.0
2024-09-30 19:35:00,1727724900000,0.4008,0.4022,0.4006,0.4014,147295.5
2024-09-30 19:40:00,1727725200000,0.4013,0.4013,0.4005,0.4006,150599.0
2024-09-30 19:45:00,1727725500000,0.4006,0.4018,0.4005,0.4014,129552.3
2024-09-30 19:50:00,1727725800000,0.4015,0.402,0.4015,0.4015,88115.3
2024-09-30 19:55:00,1727726100000,0.4016,0.402,0.4011,0.4011,62351.0
2024-09-30 20:00:00,1727726400000,0.4013,0.4021,0.4011,0.4014,78996.4
2024-09-30 20:05:00,1727726700000,0.4015,0.4024,0.4015,0.4022,48170.9
2024-09-30 20:10:00,1727727000000,0.4022,0.4023,0.4016,0.4019,49273.4
2024-09-30 20:15:00,1727727300000,0.4018,0.4028,0.4018,0.4027,73247.5
2024-09-30 20:20:00,1727727600000,0.4028,0.4041,0.4027,0.4036,482581.3
2024-09-30 20:25:00,1727727900000,0.4035,0.4037,0.4031,0.4032,73430.4
2024-09-30 20:30:00,1727728200000,0.4033,0.4033,0.4023,0.4031,78772.8
2024-09-30 20:35:00,1727728500000,0.4031,0.4033,0.4029,0.403,33665.2
2024-09-30 20:40:00,1727728800000,0.4029,0.403,0.4021,0.4023,56554.8
2024-09-30 20:45:00,1727729100000,0.4022,0.4026,0.402,0.4025,44159.9
2024-09-30 20:50:00,1727729400000,0.4025,0.4029,0.4023,0.4028,50578.4
2024-09-30 20:55:00,1727729700000,0.4029,0.4033,0.4026,0.4026,75559.4
2024-09-30 21:00:00,1727730000000,0.4026,0.4026,0.4023,0.4023,21127.6
2024-09-30 21:05:00,1727730300000,0.4023,0.4031,0.4022,0.4028,49090.9
2024-09-30 21:10:00,1727730600000,0.4028,0.4028,0.4023,0.4024,21305.5
2024-09-30 21:15:00,1727730900000,0.4024,0.4024,0.4021,0.4021,24097.8
2024-09-30 21:20:00,1727731200000,0.4021,0.4022,0.4014,0.4019,191454.5
2024-09-30 21:25:00,1727731500000,0.4019,0.4025,0.4018,0.4021,68947.8
2024-09-30 21:30:00,1727731800000,0.4022,0.4024,0.402,0.4021,22885.9
2024-09-30 21:35:00,1727732100000,0.4021,0.4021,0.4015,0.4016,42214.7
2024-09-30 21:40:00,1727732400000,0.4017,0.4017,0.401,0.401,131273.6
2024-09-30 21:45:00,1727732700000,0.401,0.4014,0.401,0.4014,51745.9
2024-09-30 21:50:00,1727733000000,0.4014,0.4015,0.4012,0.4014,73445.8
2024-09-30 21:55:00,1727733300000,0.4013,0.4021,0.4007,0.4009,263010.0
2024-09-30 22:00:00,1727733600000,0.4009,0.4014,0.4002,0.4014,243509.8
2024-09-30 22:05:00,1727733900000,0.4014,0.4018,0.4008,0.4014,226917.1
2024-09-30 22:10:00,1727734200000,0.4013,0.4015,0.4007,0.4008,49734.1
2024-09-30 22:15:00,1727734500000,0.4008,0.4008,0.3996,0.4002,305509.1
2024-09-30 22:20:00,1727734800000,0.4002,0.4016,0.3999,0.4003,243932.8
2024-09-30 22:25:00,1727735100000,0.4003,0.4003,0.3997,0.3999,114386.8
2024-09-30 22:30:00,1727735400000,0.3998,0.4005,0.3992,0.4005,400896.3
2024-09-30 22:35:00,1727735700000,0.4005,0.4007,0.3999,0.4,20671.1
2024-09-30 22:40:00,1727736000000,0.3999,0.4004,0.3999,0.4001,92251.5
2024-09-30 22:45:00,1727736300000,0.4,0.4003,0.3998,0.4002,154472.5
2024-09-30 22:50:00,1727736600000,0.4001,0.4005,0.3998,0.4004,144980.0
2024-09-30 22:55:00,1727736900000,0.4003,0.4004,0.3989,0.3991,254380.7
2024-09-30 23:00:00,1727737200000,0.399,0.399,0.3962,0.3977,877460.9
2024-09-30 23:05:00,1727737500000,0.3977,0.3994,0.3971,0.3992,306989.2
2024-09-30 23:10:00,1727737800000,0.3992,0.3998,0.399,0.3995,32186.4
2024-09-30 23:15:00,1727738100000,0.3996,0.3998,0.3991,0.3997,164017.8
2024-09-30 23:20:00,1727738400000,0.3997,0.3997,0.398,0.3984,139252.6
2024-09-30 23:25:00,1727738700000,0.3983,0.3984,0.3972,0.3979,104627.7
2024-09-30 23:30:00,1727739000000,0.3979,0.3979,0.3956,0.3958,535729.6
2024-09-30 23:35:00,1727739300000,0.3956,0.3964,0.3939,0.3943,610854.6
2024-09-30 23:40:00,1727739600000,0.3941,0.3945,0.3933,0.394,620980.9
2024-09-30 23:45:00,1727739900000,0.3941,0.3956,0.3941,0.3956,257383.4
2024-09-30 23:50:00,1727740200000,0.3956,0.3961,0.3955,0.396,94665.3
2024-09-30 23:55:00,1727740500000,0.3961,0.397,0.3961,0.3961,95422.0
2024-10-01 00:00:00,1727740800000,0.3962,0.3967,0.3948,0.3959,442773.8
2024-10-01 00:05:00,1727741100000,0.3959,0.3971,0.3959,0.3969,178121.7
2024-10-01 00:10:00,1727741400000,0.397,0.3972,0.396,0.3962,58054.9
2024-10-01 00:15:00,1727741700000,0.3962,0.3962,0.394,0.3945,239687.5
2024-10-01 00:20:00,1727742000000,0.3945,0.3946,0.3934,0.394,438309.2
2024-10-01 00:25:00,1727742300000,0.394,0.3958,0.3938,0.3958,147515.9
2024-10-01 00:30:00,1727742600000,0.3958,0.3964,0.3954,0.3954,67532.2
2024-10-01 00:35:00,1727742900000,0.3954,0.3965,0.3954,0.396,80731.7
2024-10-01 00:40:00,1727743200000,0.396,0.3965,0.3955,0.3962,285552.9
2024-10-01 00:45:00,1727743500000,0.3961,0.3975,0.3961,0.3974,102338.8
2024-10-01 00:50:00,1727743800000,0.3975,0.3992,0.3975,0.3984,314572.2
2024-10-01 00:55:00,1727744100000,0.3984,0.3992,0.3975,0.3976,392199.5
2024-10-01 01:00:00,1727744400000,0.3977,0.3989,0.3975,0.3989,101564.7
2024-10-01 01:05:00,1727744700000,0.3989,0.4002,0.3985,0.3996,203183.7
2024-10-01 01:10:00,1727745000000,0.3996,0.4003,0.3988,0.3991,150401.5
2024-10-01 01:15:00,1727745300000,0.3991,0.3998,0.3988,0.3988,60141.1
2024-10-01 01:20:00,1727745600000,0.399,0.3994,0.3989,0.3989,53798.6
2024-10-01 01:25:00,1727745900000,0.399,0.3997,0.3987,0.3996,73195.0
2024-10-01 01:30:00,1727746200000,0.3996,0.3999,0.3993,0.3997,139401.8
2024-10-01 01:35:00,1727746500000,0.3997,0.4,0.3993,0.3994,65903.1
2024-10-01 01:40:00,1727746800000,0.3994,0.3997,0.3991,0.3994,95240.7
2024-10-01 01:45:00,1727747100000,0.3994,0.3994,0.3984,0.3985,172825.1
2024-10-01 01:50:00,1727747400000,0.3985,0.3988,0.3983,0.3984,128312.7
2024-10-01 01:55:00,1727747700000,0.3985,0.3986,0.3979,0.398,124124.6
2024-10-01 02:00:00,1727748000000,0.3981,0.3981,0.3966,0.3968,181785.9
2024-10-01 02:05:00,1727748300000,0.3968,0.3981,0.3965,0.3979,279265.4
2024-10-01 02:10:00,1727748600000,0.398,0.398,0.3969,0.3969,31021.8
2024-10-01 02:15:00,1727748900000,0.3969,0.3977,0.3966,0.3976,85569.4
2024-10-01 02:20:00,1727749200000,0.3977,0.398,0.3975,0.398,29661.3
2024-10-01 02:25:00,1727749500000,0.398,0.3985,0.398,0.3983,25927.6
2024-10-01 02:30:00,1727749800000,0.3983,0.399,0.3981,0.399,52410.4
2024-10-01 02:35:00,1727750100000,0.399,0.3993,0.3989,0.3991,50266.5
2024-10-01 02:40:00,1727750400000,0.3992,0.3997,0.3992,0.3996,47099.7
2024-10-01 02:45:00,1727750700000,0.3996,0.3997,0.3991,0.3993,176171.6
2024-10-01 02:50:00,1727751000000,0.3992,0.3993,0.3988,0.3992,86826.9
2024-10-01 02:55:00,1727751300000,0.3992,0.3998,0.3991,0.3998,97899.2
2024-10-01 03:00:00,1727751600000,0.3998,0.4,0.3997,0.3998,49134.4
2024-10-01 03:05:00,1727751900000,0.3998,0.4006,0.3996,0.4006,72091.6
2024-10-01 03:10:00,1727752200000,0.4007,0.4015,0.4006,0.4014,134157.6
2024-10-01 03:15:00,1727752500000,0.4015,0.4018,0.4012,0.4013,184795.0
2024-10-01 03:20:00,1727752800000,0.4013,0.4018,0.4012,0.4013,66325.7
2024-10-01 03:25:00,1727753100000,0.4013,0.4017,0.4012,0.4014,45532.9
2024-10-01 03:30:00,1727753400000,0.4014,0.4021,0.4012,0.402,47562.6
2024-10-01 03:35:00,1727753700000,0.402,0.4021,0.4015,0.402,34548.8
2024-10-01 03:40:00,1727754000000,0.402,0.4025,0.4018,0.4024,134186.1
2024-10-01 03:45:00,1727754300000,0.4024,0.4025,0.4021,0.4022,113923.1
2024-10-01 03:50:00,1727754600000,0.4022,0.4023,0.4017,0.4021,85249.4
2024-10-01 03:55:00,1727754900000,0.4021,0.403,0.402,0.403,155607.2
2024-10-01 04:00:00,1727755200000,0.4031,0.4033,0.4025,0.403,206862.1
2024-10-01 04:05:00,1727755500000,0.403,0.4036,0.4023,0.4024,164510.6
2024-10-01 04:10:00,1727755800000,0.4023,0.4025,0.4016,0.4018,129094.2
2024-10-01 04:15:00,1727756100000,0.4016,0.4026,0.4016,0.4026,119965.6
2024-10-01 04:20:00,1727756400000,0.4025,0.4028,0.4024,0.4025,34286.4
2024-10-01 04:25:00,1727756700000,0.4025,0.4031,0.4025,0.4031,104272.3
2024-10-01 04:30:00,1727757000000,0.403,0.4034,0.4029,0.4034,87535.6
2024-10-01 04:35:00,1727757300000,0.4034,0.4048,0.4034,0.4046,245884.7
2024-10-01 04:40:00,1727757600000,0.4045,0.4045,0.4032,0.4037,105265.2
2024-10-01 04:45:00,1727757900000,0.4038,0.4042,0.4034,0.4039,43698.0
2024-10-01 04:50:00,1727758200000,0.4039,0.4046,0.4037,0.4044,92262.8
2024-10-01 04:55:00,1727758500000,0.4044,0.4044,0.4041,0.4043,21882.6
2024-10-01 05:00:00,1727758800000,0.4043,0.4045,0.4034,0.4036,109279.7
2024-10-01 05:05:00,1727759100000,0.4035,0.4036,0.4031,0.4033,64277.2
2024-10-01 05:10:00,1727759400000,0.4033,0.4034,0.4024,0.4025,136192.4
2024-10-01 05:15:00,1727759700000,0.4025,0.4032,0.4025,0.4027,91280.4
2024-10-01 05:20:00,1727760000000,0.4027,0.403,0.4026,0.4029,23054.9
2024-10-01 05:25:00,1727760300000,0.4029,0.4031,0.4027,0.4028,59363.1
2024-10-01 05:30:00,1727760600000,0.4028,0.4028,0.4022,0.4028,43015.2
2024-10-01 05:35:00,1727760900000,0.4027,0.4029,0.4025,0.4025,32734.6
2024-10-01 05:40:00,1727761200000,0.4026,0.4026,0.4022,0.4023,64972.5
2024-10-01 05:45:00,1727761500000,0.4023,0.4028,0.4022,0.4026,27672.9
2024-10-01 05:50:00,1727761800000,0.4025,0.4029,0.4025,0.4026,179831.5
2024-10-01 05:55:00,1727762100000,0.4026,0.4029,0.4026,0.4029,41190.5
2024-10-01 06:00:00,1727762400000,0.4029,0.4036,0.4028,0.4036,174815.8
2024-10-01 06:05:00,1727762700000,0.4035,0.4039,0.4035,0.4037,38449.7
2024-10-01 06:10:00,1727763000000,0.4036,0.4036,0.4031,0.4035,53160.1
2024-10-01 06:15:00,1727763300000,0.4035,0.4038,0.4035,0.4038,26160.8
2024-10-01 06:20:00,1727763600000,0.4038,0.4045,0.4037,0.4045,34960.6
2024-10-01 06:25:00,1727763900000,0.4045,0.4048,0.404,0.4041,118813.9
2024-10-01 06:30:00,1727764200000,0.4041,0.4045,0.4038,0.4039,79052.6
2024-10-01 06:35:00,1727764500000,0.4039,0.4044,0.4039,0.4042,38687.6
2024-10-01 06:40:00,1727764800000,0.4042,0.4042,0.4038,0.4041,15516.8
2024-10-01 06:45:00,1727765100000,0.4041,0.4046,0.4039,0.4045,76038.2
2024-10-01 06:50:00,1727765400000,0.4045,0.4047,0.4044,0.4047,32073.3
2024-10-01 06:55:00,1727765700000,0.4046,0.4055,0.4046,0.4055,238923.7
2024-10-01 07:00:00,1727766000000,0.4055,0.4057,0.4048,0.4051,85496.1
2024-10-01 07:05:00,1727766300000,0.4051,0.4053,0.4048,0.405,56287.9
2024-10-01 07:10:00,1727766600000,0.405,0.4051,0.4043,0.4043,119307.5
2024-10-01 07:15:00,1727766900000,0.4043,0.4045,0.4037,0.4037,81634.1
2024-10-01 07:20:00,1727767200000,0.4038,0.4045,0.4038,0.4044,38424.9
2024-10-01 07:25:00,1727767500000,0.4043,0.4049,0.4043,0.4048,14648.4
2024-10-01 07:30:00,1727767800000,0.4047,0.4048,0.404,0.4044,135092.4
2024-10-01 07:35:00,1727768100000,0.4045,0.405,0.4045,0.4047,62009.8
2024-10-01 07:40:00,1727768400000,0.4046,0.4051,0.4046,0.4051,81151.0
2024-10-01 07:45:00,1727768700000,0.405,0.405,0.4044,0.4044,103151.9
2024-10-01 07:50:00,1727769000000,0.4045,0.4046,0.4036,0.4037,46874.2
2024-10-01 07:55:00,1727769300000,0.4037,0.404,0.4036,0.4039,72019.5
2024-10-01 08:00:00,1727769600000,0.4039,0.4039,0.4034,0.4038,174021.0
2024-10-01 08:05:00,1727769900000,0.4038,0.404,0.4034,0.4036,125402.7
2024-10-01 08:10:00,1727770200000,0.4035,0.4037,0.4033,0.4033,25708.7
2024-10-01 08:15:00,1727770500000,0.4033,0.4036,0.4031,0.4035,78779.9
2024-10-01 08:20:00,1727770800000,0.4034,0.4036,0.4032,0.4032,120788.4
2024-10-01 08:25:00,1727771100000,0.4032,0.4034,0.4029,0.4034,120874.3
2024-10-01 08:30:00,1727771400000,0.4034,0.4041,0.4034,0.404,121379.2
2024-10-01 08:35:00,1727771700000,0.404,0.4041,0.4038,0.4038,98129.6
2024-10-01 08:40:00,1727772000000,0.4037,0.4037,0.403,0.403,32697.2
2024-10-01 08:45:00,1727772300000,0.4029,0.4029,0.402,0.4021,208406.6
2024-10-01 08:50:00,1727772600000,0.4021,0.4033,0.4021,0.4032,68322.5
2024-10-01 08:55:00,1727772900000,0.4033,0.4033,0.4028,0.403,54198.1
2024-10-01 09:00:00,1727773200000,0.4029,0.4035,0.4026,0.4035,26745.1
2024-10-01 09:05:00,1727773500000,0.4034,0.4039,0.4032,0.4038,76103.2
2024-10-01 09:10:00,1727773800000,0.4038,0.4039,0.4035,0.4037,89688.2
2024-10-01 09:15:00,1727774100000,0.4037,0.4039,0.4027,0.4028,193785.4
2024-10-01 09:20:00,1727774400000,0.4028,0.4029,0.4022,0.4024,220606.9
2024-10-01 09:25:00,1727774700000,0.4024,0.4031,0.4023,0.4028,86763.6
2024-10-01 09:30:00,1727775000000,0.4029,0.403,0.4022,0.4022,89929.8
2024-10-01 09:35:00,1727775300000,0.4023,0.4027,0.4023,0.4025,33149.8
2024-10-01 09:40:00,1727775600000,0.4024,0.4026,0.4023,0.4024,45659.7
2024-10-01 09:45:00,1727775900000,0.4025,0.4037,0.4024,0.4036,191913.6
2024-10-01 09:50:00,1727776200000,0.4036,0.4045,0.4034,0.404,165164.5
2024-10-01 09:55:00,1727776500000,0.404,0.4041,0.4026,0.4026,167623.3
2024-10-01 10:00:00,1727776800000,0.4027,0.4029,0.4022,0.4025,103913.5
2024-10-01 10:05:00,1727777100000,0.4025,0.403,0.402,0.4021,147232.9
2024-10-01 10:10:00,1727777400000,0.4021,0.4033,0.4021,0.4028,209796.9
2024-10-01 10:15:00,1727777700000,0.4028,0.4039,0.4027,0.4039,40671.9
2024-10-01 10:20:00,1727778000000,0.4036,0.4036,0.4029,0.4029,24605.8
2024-10-01 10:25:00,1727778300000,0.4029,0.4032,0.4028,0.4031,55617.1
2024-10-01 10:30:00,1727778600000,0.4032,0.4033,0.4028,0.4031,20078.7
2024-10-01 10:35:00,1727778900000,0.4032,0.4038,0.4028,0.4038,68500.2
2024-10-01 10:40:00,1727779200000,0.4037,0.4039,0.4035,0.4038,40264.3
2024-10-01 10:45:00,1727779500000,0.404,0.4044,0.4039,0.4042,49606.6
2024-10-01 10:50:00,1727779800000,0.4042,0.4044,0.4041,0.4043,58352.6
2024-10-01 10:55:00,1727780100000,0.4044,0.4045,0.4042,0.4042,92856.3
2024-10-01 11:00:00,1727780400000,0.4043,0.4049,0.4043,0.4044,128561.4
2024-10-01 11:05:00,1727780700000,0.4044,0.4045,0.4043,0.4044,74609.0
2024-10-01 11:10:00,1727781000000,0.4043,0.405,0.4043,0.4045,127045.7
2024-10-01 11:15:00,1727781300000,0.4046,0.4048,0.4044,0.4048,96008.8
2024-10-01 11:20:00,1727781600000,0.4048,0.405,0.4046,0.4046,202615.4
2024-10-01 11:25:00,1727781900000,0.4046,0.4046,0.4039,0.4039,139007.9
2024-10-01 11:30:00,1727782200000,0.404,0.4041,0.4031,0.4033,128225.1
2024-10-01 11:35:00,1727782500000,0.4033,0.4036,0.4031,0.4032,68022.2
2024-10-01 11:40:00,1727782800000,0.4031,0.4036,0.403,0.4036,135315.4
2024-10-01 11:45:00,1727783100000,0.4035,0.4039,0.4034,0.4037,50997.8
2024-10-01 11:50:00,1727783400000,0.4037,0.4039,0.4034,0.4036,85004.6
2024-10-01 11:55:00,1727783700000,0.4036,0.4036,0.4029,0.4032,120839.5
2024-10-01 12:00:00,1727784000000,0.4033,0.4037,0.4031,0.4035,86964.8
2024-10-01 12:05:00,1727784300000,0.4038,0.4038,0.4033,0.4036,62306.8
2024-10-01 12:10:00,1727784600000,0.4036,0.4037,0.4033,0.4035,15985.2
2024-10-01 12:15:00,1727784900000,0.4035,0.404,0.4033,0.4039,45977.5
2024-10-01 12:20:00,1727785200000,0.4038,0.4039,0.4034,0.4035,28656.9
2024-10-01 12:25:00,1727785500000,0.4036,0.4039,0.4035,0.4037,89516.1
2024-10-01 12:30:00,1727785800000,0.4038,0.4038,0.4031,0.4033,77689.1
2024-10-01 12:35:00,1727786100000,0.4033,0.4034,0.4028,0.403,75101.5
2024-10-01 12:40:00,1727786400000,0.4029,0.4031,0.4024,0.4024,63208.7
2024-10-01 12:45:00,1727786700000,0.4024,0.4024,0.4014,0.4021,175814.3
2024-10-01 12:50:00,1727787000000,0.402,0.4027,0.402,0.4027,67845.3
2024-10-01 12:55:00,1727787300000,0.4027,0.4028,0.4024,0.4024,47136.2
2024-10-01 13:00:00,1727787600000,0.4024,0.4025,0.4003,0.4005,233207.4
2024-10-01 13:05:00,1727787900000,0.4005,0.4007,0.4002,0.4002,188807.4
2024-10-01 13:10:00,1727788200000,0.4002,0.4009,0.4002,0.4002,135178.3
2024-10-01 13:15:00,1727788500000,0.4002,0.4004,0.3987,0.399,295665.6
2024-10-01 13:20:00,1727788800000,0.3991,0.3995,0.3984,0.399,229581.5
2024-10-01 13:25:00,1727789100000,0.399,0.3991,0.3983,0.3985,170294.7
2024-10-01 13:30:00,1727789400000,0.3987,0.3995,0.397,0.3973,501896.7
2024-10-01 13:35:00,1727789700000,0.3973,0.3973,0.3947,0.3949,560002.5
2024-10-01 13:40:00,1727790000000,0.3947,0.3962,0.3922,0.3959,993178.0
2024-10-01 13:45:00,1727790300000,0.3959,0.3959,0.394,0.3957,435841.6
2024-10-01 13:50:00,1727790600000,0.3957,0.3957,0.394,0.3944,277021.0
2024-10-01 13:55:00,1727790900000,0.3944,0.3965,0.3941,0.3958,257412.7
2024-10-01 14:00:00,1727791200000,0.3957,0.3976,0.3953,0.3974,376520.7
2024-10-01 14:05:00,1727791500000,0.3973,0.3973,0.3951,0.3952,530895.4
2024-10-01 14:10:00,1727791800000,0.3951,0.3959,0.3942,0.3949,319694.5
2024-10-01 14:15:00,1727792100000,0.3948,0.3957,0.3947,0.3956,327148.5
2024-10-01 14:20:00,1727792400000,0.3956,0.3983,0.3956,0.3966,382916.9
2024-10-01 14:25:00,1727792700000,0.3967,0.3968,0.3951,0.3955,198466.6
2024-10-01 14:30:00,1727793000000,0.3955,0.3955,0.3936,0.3937,271069.6
2024-10-01 14:35:00,1727793300000,0.3936,0.3936,0.3913,0.3929,636119.6
2024-10-01 14:40:00,1727793600000,0.3929,0.3949,0.3927,0.3937,285139.8
2024-10-01 14:45:00,1727793900000,0.3938,0.394,0.3903,0.3911,522916.9
2024-10-01 14:50:00,1727794200000,0.3911,0.3912,0.3873,0.3888,1304738.8
2024-10-01 14:55:00,1727794500000,0.3889,0.3891,0.3877,0.3886,687897.8
2024-10-01 15:00:00,1727794800000,0.3884,0.389,0.3815,0.3817,1676671.2
2024-10-01 15:05:00,1727795100000,0.3817,0.3824,0.376,0.3771,2259180.4
2024-10-01 15:10:00,1727795400000,0.377,0.3825,0.3727,0.3819,2887172.0
2024-10-01 15:15:00,1727795700000,0.382,0.3858,0.3814,0.3855,1893679.5
2024-10-01 15:20:00,1727796000000,0.3855,0.3859,0.3842,0.3844,410770.8
2024-10-01 15:25:00,1727796300000,0.3845,0.3864,0.3836,0.3864,802235.3
2024-10-01 15:30:00,1727796600000,0.3864,0.3888,0.3859,0.3884,578240.5
2024-10-01 15:35:00,1727796900000,0.3884,0.3897,0.3882,0.3894,514593.2
2024-10-01 15:40:00,1727797200000,0.3893,0.3906,0.3888,0.3897,866386.0
2024-10-01 15:45:00,1727797500000,0.3897,0.3899,0.3881,0.3888,663133.1
2024-10-01 15:50:00,1727797800000,0.3887,0.389,0.388,0.388,244434.8
2024-10-01 15:55:00,1727798100000,0.3879,0.3887,0.3876,0.3878,182466.2
2024-10-01 16:00:00,1727798400000,0.3877,0.388,0.3861,0.3878,403324.9
2024-10-01 16:05:00,1727798700000,0.3877,0.3878,0.3861,0.3867,162897.2
2024-10-01 16:10:00,1727799000000,0.3867,0.3872,0.3858,0.3859,156341.4
2024-10-01 16:15:00,1727799300000,0.3859,0.3862,0.3854,0.3856,235676.0
2024-10-01 16:20:00,1727799600000,0.3856,0.3856,0.3839,0.3845,245130.1
2024-10-01 16:25:00,1727799900000,0.3846,0.3846,0.3826,0.3837,343481.1
2024-10-01 16:30:00,1727800200000,0.3838,0.3841,0.3817,0.3833,427585.8
2024-10-01 16:35:00,1727800500000,0.3831,0.3843,0.3821,0.3821,296665.4
2024-10-01 16:40:00,1727800800000,0.3821,0.3825,0.3796,0.3807,625707.2
2024-10-01 16:45:00,1727801100000,0.3807,0.381,0.3779,0.3793,566035.8
2024-10-01 16:50:00,1727801400000,0.3794,0.3807,0.3792,0.3803,315199.0
2024-10-01 16:55:00,1727801700000,0.3803,0.383,0.3797,0.382,451831.9
2024-10-01 17:00:00,1727802000000,0.382,0.382,0.38,0.3801,592285.2
2024-10-01 17:05:00,1727802300000,0.3801,0.3802,0.3782,0.3787,627162.6
2024-10-01 17:10:00,1727802600000,0.3789,0.3791,0.3765,0.3769,521860.2
2024-10-01 17:15:00,1727802900000,0.3769,0.3772,0.3701,0.3723,1599022.8
2024-10-01 17:20:00,1727803200000,0.3722,0.3723,0.366,0.3718,3969947.3
2024-10-01 17:25:00,1727803500000,0.3719,0.3747,0.3693,0.3742,1166509.9
2024-10-01 17:30:00,1727803800000,0.3742,0.3769,0.3736,0.3756,760940.3
2024-10-01 17:35:00,1727804100000,0.3756,0.3756,0.3723,0.3743,756514.7
2024-10-01 17:40:00,1727804400000,0.3743,0.3768,0.3735,0.3765,653951.2
2024-10-01 17:45:00,1727804700000,0.3764,0.3784,0.3759,0.3763,1076864.2
2024-10-01 17:50:00,1727805000000,0.3763,0.3801,0.3762,0.3797,2010512.5
2024-10-01 17:55:00,1727805300000,0.3797,0.3807,0.3795,0.3799,603546.7
2024-10-01 18:00:00,1727805600000,0.3798,0.3821,0.3795,0.3819,570091.3
2024-10-01 18:05:00,1727805900000,0.3818,0.3828,0.3812,0.3827,379689.6
2024-10-01 18:10:00,1727806200000,0.3827,0.3833,0.3819,0.3821,234935.9
2024-10-01 18:15:00,1727806500000,0.3821,0.3824,0.3814,0.3817,340275.9
2024-10-01 18:20:00,1727806800000,0.3816,0.3826,0.3813,0.3823,128527.5
2024-10-01 18:25:00,1727807100000,0.3822,0.3834,0.382,0.3832,201155.6
2024-10-01 18:30:00,1727807400000,0.3832,0.3832,0.3822,0.3822,150578.2
2024-10-01 18:35:00,1727807700000,0.3821,0.3822,0.38,0.3802,547309.1
2024-10-01 18:40:00,1727808000000,0.3802,0.3809,0.38,0.3803,196005.0
2024-10-01 18:45:00,1727808300000,0.3805,0.3806,0.3788,0.379,1070823.1
2024-10-01 18:50:00,1727808600000,0.3791,0.3799,0.3787,0.3794,236071.1
2024-10-01 18:55:00,1727808900000,0.3793,0.3808,0.3793,0.3806,299346.3
2024-10-01 19:00:00,1727809200000,0.3805,0.3805,0.3787,0.379,287051.9
2024-10-01 19:05:00,1727809500000,0.3789,0.3794,0.3782,0.3784,291408.6
2024-10-01 19:10:00,1727809800000,0.3784,0.3784,0.377,0.3771,319389.6
2024-10-01 19:15:00,1727810100000,0.3771,0.3784,0.3761,0.3783,406969.5
2024-10-01 19:20:00,1727810400000,0.3782,0.3788,0.378,0.3786,214698.7
2024-10-01 19:25:00,1727810700000,0.3788,0.3797,0.3786,0.3796,179300.3
2024-10-01 19:30:00,1727811000000,0.3796,0.3796,0.3781,0.3782,170902.7
2024-10-01 19:35:00,1727811300000,0.378,0.3791,0.3775,0.3784,103596.8
2024-10-01 19:40:00,1727811600000,0.3783,0.3787,0.3773,0.3777,179665.8
2024-10-01 19:45:00,1727811900000,0.3777,0.3785,0.3775,0.3776,393014.9
2024-10-01 19:50:00,1727812200000,0.3776,0.3778,0.377,0.3774,265943.1
2024-10-01 19:55:00,1727812500000,0.3774,0.3778,0.3765,0.3768,158612.6
2024-10-01 20:00:00,1727812800000,0.3768,0.3771,0.3761,0.3764,367498.3
2024-10-01 20:05:00,1727813100000,0.3764,0.3765,0.3737,0.3737,533383.5
2024-10-01 20:10:00,1727813400000,0.3738,0.3759,0.3738,0.3752,238163.8
2024-10-01 20:15:00,1727813700000,0.3751,0.3757,0.3739,0.3741,285221.4
2024-10-01 20:20:00,1727814000000,0.3742,0.3747,0.3724,0.3729,406846.2
2024-10-01 20:25:00,1727814300000,0.3729,0.373,0.3703,0.3712,556685.5
2024-10-01 20:30:00,1727814600000,0.3711,0.3735,0.3711,0.372,404618.0
2024-10-01 20:35:00,1727814900000,0.372,0.3725,0.3696,0.37,600539.0
2024-10-01 20:40:00,1727815200000,0.3699,0.3728,0.368,0.3724,824833.5
2024-10-01 20:45:00,1727815500000,0.3723,0.374,0.3708,0.3737,522604.4
2024-10-01 20:50:00,1727815800000,0.3737,0.3749,0.3733,0.3741,321641.9
2024-10-01 20:55:00,1727816100000,0.3741,0.3746,0.3734,0.3744,226777.2
2024-10-01 21:00:00,1727816400000,0.3744,0.3749,0.3736,0.3744,329657.3
2024-10-01 21:05:00,1727816700000,0.3744,0.3747,0.373,0.3731,419041.7
2024-10-01 21:10:00,1727817000000,0.373,0.3751,0.3727,0.3751,124818.0
2024-10-01 21:15:00,1727817300000,0.3751,0.3751,0.374,0.3745,96452.3
2024-10-01 21:20:00,1727817600000,0.3744,0.3747,0.3737,0.3745,137487.7
2024-10-01 21:25:00,1727817900000,0.3745,0.3746,0.3737,0.3741,200234.7
2024-10-01 21:30:00,1727818200000,0.3742,0.3742,0.3735,0.3737,149977.0
2024-10-01 21:35:00,1727818500000,0.3737,0.374,0.3731,0.374,207460.2
2024-10-01 21:40:00,1727818800000,0.3739,0.375,0.3739,0.3749,155382.6
2024-10-01 21:45:00,1727819100000,0.3748,0.3749,0.3746,0.3749,52166.8
2024-10-01 21:50:00,1727819400000,0.3748,0.3766,0.3748,0.3765,160066.1
2024-10-01 21:55:00,1727819700000,0.3766,0.3769,0.3764,0.3767,246472.6
2024-10-01 22:00:00,1727820000000,0.3766,0.3766,0.3745,0.3745,99987.9
2024-10-01 22:05:00,1727820300000,0.3745,0.3753,0.3743,0.3744,206425.7
2024-10-01 22:10:00,1727820600000,0.3743,0.3755,0.3743,0.3752,277643.2
2024-10-01 22:15:00,1727820900000,0.3752,0.376,0.375,0.3754,143044.7
2024-10-01 22:20:00,1727821200000,0.3754,0.3756,0.3748,0.3749,182026.8
2024-10-01 22:25:00,1727821500000,0.375,0.3751,0.3746,0.375,64230.6
2024-10-01 22:30:00,1727821800000,0.375,0.3752,0.3745,0.3751,107225.4
2024-10-01 22:35:00,1727822100000,0.3751,0.3754,0.3744,0.3745,156101.2
2024-10-01 22:40:00,1727822400000,0.3745,0.3749,0.3739,0.3744,344870.1
2024-10-01 22:45:00,1727822700000,0.3744,0.375,0.3741,0.3745,190035.5
2024-10-01 22:50:00,1727823000000,0.3746,0.3756,0.3746,0.3753,174078.0
2024-10-01 22:55:00,1727823300000,0.3752,0.3753,0.375,0.375,61077.0
2024-10-01 23:00:00,1727823600000,0.375,0.3754,0.3748,0.3754,160636.2
2024-10-01 23:05:00,1727823900000,0.3755,0.3761,0.3753,0.3759,100248.2
2024-10-01 23:10:00,1727824200000,0.3759,0.376,0.3751,0.3752,182167.9
2024-10-01 23:15:00,1727824500000,0.3752,0.3762,0.3752,0.3758,73157.2
2024-10-01 23:20:00,1727824800000,0.3758,0.3762,0.3757,0.3762,58891.6
2024-10-01 23:25:00,1727825100000,0.3761,0.3761,0.3744,0.3745,153621.0
2024-10-01 23:30:00,1727825400000,0.3744,0.3755,0.3741,0.3752,135064.5
2024-10-01 23:35:00,1727825700000,0.3753,0.3765,0.3753,0.3764,119160.0
2024-10-01 23:40:00,1727826000000,0.3764,0.3769,0.3761,0.3769,143607.4
2024-10-01 23:45:00,1727826300000,0.377,0.3771,0.3752,0.3755,1019733.8
2024-10-01 23:50:00,1727826600000,0.3755,0.3759,0.3753,0.3759,60871.1
2024-10-01 23:55:00,1727826900000,0.3759,0.3761,0.3757,0.3759,56312.1
2024-10-02 00:00:00,1727827200000,0.3759,0.3761,0.3744,0.3759,697817.2
2024-10-02 00:05:00,1727827500000,0.3758,0.3768,0.3754,0.3768,165068.8
2024-10-02 00:10:00,1727827800000,0.3768,0.3769,0.3755,0.3756,293320.5
2024-10-02 00:15:00,1727828100000,0.3757,0.3762,0.3743,0.3761,283092.2
2024-10-02 00:20:00,1727828400000,0.3759,0.3759,0.3741,0.375,182931.9
2024-10-02 00:25:00,1727828700000,0.375,0.3769,0.3749,0.3766,238095.3
2024-10-02 00:30:00,1727829000000,0.3766,0.3776,0.3764,0.3773,149325.5
2024-10-02 00:35:00,1727829300000,0.3774,0.3786,0.3772,0.3785,174125.5
2024-10-02 00:40:00,1727829600000,0.3785,0.3795,0.3783,0.3791,177435.7
2024-10-02 00:45:00,1727829900000,0.3792,0.3794,0.3777,0.3782,122782.6
2024-10-02 00:50:00,1727830200000,0.3783,0.3787,0.3779,0.3784,60918.0
2024-10-02 00:55:00,1727830500000,0.3785,0.3795,0.3782,0.3792,109411.7
2024-10-02 01:00:00,1727830800000,0.3792,0.3798,0.3787,0.3796,96288.4
2024-10-02 01:05:00,1727831100000,0.3797,0.3809,0.3797,0.3806,162575.4
2024-10-02 01:10:00,1727831400000,0.3806,0.3817,0.3806,0.3814,210343.4
2024-10-02 01:15:00,1727831700000,0.3814,0.3826,0.3812,0.3821,336216.1
2024-10-02 01:20:00,1727832000000,0.3821,0.3824,0.3817,0.3823,148964.4
2024-10-02 01:25:00,1727832300000,0.3823,0.3835,0.3823,0.3828,179378.9
2024-10-02 01:30:00,1727832600000,0.3828,0.3832,0.382,0.3823,239519.0
2024-10-02 01:35:00,1727832900000,0.3826,0.3835,0.3826,0.3831,114109.0
2024-10-02 01:40:00,1727833200000,0.383,0.383,0.3822,0.3829,130401.6
2024-10-02 01:45:00,1727833500000,0.3828,0.3845,0.3828,0.3844,277825.2
2024-10-02 01:50:00,1727833800000,0.3844,0.3849,0.3844,0.3848,216468.8
2024-10-02 01:55:00,1727834100000,0.3848,0.385,0.3847,0.385,110074.4
2024-10-02 02:00:00,1727834400000,0.385,0.385,0.3843,0.3845,178891.0
2024-10-02 02:05:00,1727834700000,0.3846,0.3846,0.3834,0.3838,119859.0
2024-10-02 02:10:00,1727835000000,0.3837,0.3838,0.3833,0.3836,67931.1
2024-10-02 02:15:00,1727835300000,0.3837,0.3842,0.3836,0.384,62356.7
2024-10-02 02:20:00,1727835600000,0.384,0.3844,0.3839,0.3841,22990.8
2024-10-02 02:25:00,1727835900000,0.3841,0.3854,0.3836,0.3852,366939.2
2024-10-02 02:30:00,1727836200000,0.3854,0.3854,0.3844,0.3844,119528.3
2024-10-02 02:35:00,1727836500000,0.3845,0.3851,0.384,0.3847,97974.1
2024-10-02 02:40:00,1727836800000,0.3848,0.3851,0.3844,0.3851,48616.1
2024-10-02 02:45:00,1727837100000,0.3851,0.3857,0.3849,0.3857,101104.2
2024-10-02 02:50:00,1727837400000,0.3857,0.3866,0.3857,0.3865,109434.7
2024-10-02 02:55:00,1727837700000,0.3866,0.3871,0.3863,0.3868,120625.1
2024-10-02 03:00:00,1727838000000,0.3867,0.3869,0.3862,0.3863,228835.6
2024-10-02 03:05:00,1727838300000,0.3864,0.3867,0.3861,0.3863,70978.0
2024-10-02 03:10:00,1727838600000,0.3862,0.3863,0.386,0.3862,51578.9
2024-10-02 03:15:00,1727838900000,0.3862,0.3873,0.3861,0.3871,80364.9
2024-10-02 03:20:00,1727839200000,0.3871,0.3871,0.3856,0.3856,85399.6
2024-10-02 03:25:00,1727839500000,0.3856,0.3861,0.3851,0.3851,61732.9
2024-10-02 03:30:00,1727839800000,0.3852,0.3856,0.3846,0.3855,110978.1
2024-10-02 03:35:00,1727840100000,0.3855,0.3861,0.3854,0.386,36208.6
2024-10-02 03:40:00,1727840400000,0.3859,0.3861,0.3854,0.386,79702.3
2024-10-02 03:45:00,1727840700000,0.3859,0.3861,0.3857,0.3858,45969.0
2024-10-02 03:50:00,1727841000000,0.3858,0.3858,0.3855,0.3856,42995.1
2024-10-02 03:55:00,1727841300000,0.3856,0.3856,0.3848,0.3849,42796.6
2024-10-02 04:00:00,1727841600000,0.3848,0.3854,0.3848,0.3851,114330.7
2024-10-02 04:05:00,1727841900000,0.385,0.385,0.3831,0.3831,245044.1
2024-10-02 04:10:00,1727842200000,0.3831,0.3832,0.3826,0.3829,111328.0
2024-10-02 04:15:00,1727842500000,0.3829,0.3829,0.3824,0.3826,130142.0
2024-10-02 04:20:00,1727842800000,0.3826,0.3829,0.3817,0.3821,92724.8
2024-10-02 04:25:00,1727843100000,0.382,0.3828,0.3816,0.3826,98294.0
2024-10-02 04:30:00,1727843400000,0.3827,0.3827,0.3821,0.3821,102263.5
2024-10-02 04:35:00,1727843700000,0.3822,0.3825,0.3821,0.3823,62948.0
2024-10-02 04:40:00,1727844000000,0.3822,0.3825,0.3821,0.3821,115063.7
2024-10-02 04:45:00,1727844300000,0.3821,0.3822,0.3815,0.3816,174792.9
2024-10-02 04:50:00,1727844600000,0.3816,0.3822,0.3816,0.382,121508.2
2024-10-02 04:55:00,1727844900000,0.3821,0.3822,0.3813,0.3813,136399.8
2024-10-02 05:00:00,1727845200000,0.3812,0.3817,0.3809,0.3817,204154.2
2024-10-02 05:05:00,1727845500000,0.3816,0.3824,0.3816,0.3824,90515.0
2024-10-02 05:10:00,1727845800000,0.3824,0.3827,0.3823,0.3824,67983.1
2024-10-02 05:15:00,1727846100000,0.3825,0.3829,0.3823,0.3828,80812.4
2024-10-02 05:20:00,1727846400000,0.3829,0.3832,0.3824,0.3824,106754.3
2024-10-02 05:25:00,1727846700000,0.3824,0.3825,0.3813,0.3817,110913.6
2024-10-02 05:30:00,1727847000000,0.3817,0.3823,0.3817,0.3819,62681.4
2024-10-02 05:35:00,1727847300000,0.382,0.383,0.3819,0.3827,436118.1
2024-10-02 05:40:00,1727847600000,0.3827,0.3833,0.3827,0.3832,58030.0
2024-10-02 05:45:00,1727847900000,0.3831,0.3833,0.3828,0.3828,47499.9
2024-10-02 05:50:00,1727848200000,0.3829,0.3829,0.3818,0.3818,70605.2
2024-10-02 05:55:00,1727848500000,0.3818,0.3825,0.3817,0.3824,34957.0
2024-10-02 06:00:00,1727848800000,0.3825,0.3845,0.3824,0.3844,189720.4
2024-10-02 06:05:00,1727849100000,0.3844,0.3844,0.3826,0.383,71857.5
2024-10-02 06:10:00,1727849400000,0.3831,0.384,0.3831,0.3835,73955.4
2024-10-02 06:15:00,1727849700000,0.3834,0.3834,0.3829,0.383,77362.9
2024-10-02 06:20:00,1727850000000,0.3829,0.3832,0.3828,0.3832,58482.2
2024-10-02 06:25:00,1727850300000,0.3833,0.3839,0.3832,0.3834,33013.4
2024-10-02 06:30:00,1727850600000,0.3835,0.3848,0.3833,0.3847,154682.7
2024-10-02 06:35:00,1727850900000,0.3847,0.3859,0.3845,0.3855,196439.8
2024-10-02 06:40:00,1727851200000,0.3855,0.3861,0.3853,0.3859,57419.0
2024-10-02 06:45:00,1727851500000,0.3859,0.3863,0.3855,0.3859,149338.8
2024-10-02 06:50:00,1727851800000,0.3861,0.3862,0.3853,0.3853,41966.6
2024-10-02 06:55:00,1727852100000,0.3852,0.3854,0.385,0.3852,42597.1
2024-10-02 07:00:00,1727852400000,0.3852,0.3853,0.3849,0.3849,91508.3
2024-10-02 07:05:00,1727852700000,0.3849,0.3852,0.3844,0.3845,159164.2
2024-10-02 07:10:00,1727853000000,0.3846,0.3847,0.384,0.3843,54464.2
2024-10-02 07:15:00,1727853300000,0.3844,0.3848,0.3844,0.3846,56969.0
2024-10-02 07:20:00,1727853600000,0.3846,0.3848,0.3842,0.3842,50492.5
2024-10-02 07:25:00,1727853900000,0.3842,0.385,0.3842,0.385,61165.2
2024-10-02 07:30:00,1727854200000,0.385,0.3858,0.3849,0.3858,49922.3
2024-10-02 07:35:00,1727854500000,0.3858,0.3866,0.3858,0.3863,134318.0
2024-10-02 07:40:00,1727854800000,0.3863,0.3865,0.386,0.3863,95296.5
2024-10-02 07:45:00,1727855100000,0.3862,0.387,0.386,0.386,163848.4
2024-10-02 07:50:00,1727855400000,0.386,0.386,0.3849,0.3849,148819.9
2024-10-02 07:55:00,1727855700000,0.385,0.386,0.385,0.3859,56028.3
2024-10-02 08:00:00,1727856000000,0.386,0.386,0.3851,0.3853,117129.1
2024-10-02 08:05:00,1727856300000,0.3854,0.3854,0.3842,0.3842,90983.2
2024-10-02 08:10:00,1727856600000,0.3842,0.3849,0.3842,0.3846,80081.0
2024-10-02 08:15:00,1727856900000,0.3847,0.385,0.3842,0.3844,116606.3
2024-10-02 08:20:00,1727857200000,0.3845,0.3848,0.3844,0.3848,40638.1
2024-10-02 08:25:00,1727857500000,0.3847,0.3848,0.3842,0.3843,40855.3
2024-10-02 08:30:00,1727857800000,0.3843,0.3857,0.3842,0.3856,208377.2
2024-10-02 08:35:00,1727858100000,0.3856,0.3856,0.3851,0.3855,33139.5
2024-10-02 08:40:00,1727858400000,0.3854,0.3857,0.3852,0.3852,51598.6
2024-10-02 08:45:00,1727858700000,0.3853,0.3858,0.3852,0.3854,27375.7
2024-10-02 08:50:00,1727859000000,0.3855,0.3858,0.3851,0.3851,71275.5
2024-10-02 08:55:00,1727859300000,0.3851,0.3852,0.3849,0.3849,18132.4
2024-10-02 09:00:00,1727859600000,0.385,0.3851,0.3843,0.3843,41612.2
2024-10-02 09:05:00,1727859900000,0.3844,0.3846,0.3836,0.3837,121256.4
2024-10-02 09:10:00,1727860200000,0.3836,0.3836,0.3825,0.3828,194460.8
2024-10-02 09:15:00,1727860500000,0.3829,0.3829,0.3819,0.3822,113150.7
2024-10-02 09:20:00,1727860800000,0.3822,0.3825,0.3812,0.3813,153533.0
2024-10-02 09:25:00,1727861100000,0.3813,0.3813,0.3804,0.3805,252348.2
2024-10-02 09:30:00,1727861400000,0.3806,0.381,0.3804,0.3805,61714.9
2024-10-02 09:35:00,1727861700000,0.3804,0.3804,0.38,0.3801,94020.0
2024-10-02 09:40:00,1727862000000,0.3801,0.3801,0.3787,0.3792,233753.5
2024-10-02 09:45:00,1727862300000,0.3793,0.3793,0.3767,0.3769,394208.1
2024-10-02 09:50:00,1727862600000,0.3768,0.3778,0.3768,0.3772,162698.8
2024-10-02 09:55:00,1727862900000,0.3773,0.3785,0.3769,0.3774,247592.4
2024-10-02 10:00:00,1727863200000,0.3774,0.3777,0.3766,0.3768,92241.9
2024-10-02 10:05:00,1727863500000,0.3768,0.3785,0.3768,0.3782,101924.3
2024-10-02 10:10:00,1727863800000,0.3782,0.3785,0.3776,0.3779,129825.8
2024-10-02 10:15:00,1727864100000,0.3778,0.3792,0.3776,0.3792,88433.0
2024-10-02 10:20:00,1727864400000,0.3791,0.3794,0.3784,0.3794,123564.4
2024-10-02 10:25:00,1727864700000,0.3793,0.3798,0.3793,0.3796,124293.4
2024-10-02 10:30:00,1727865000000,0.3797,0.3812,0.3794,0.3801,158870.9
2024-10-02 10:35:00,1727865300000,0.3802,0.3802,0.3788,0.3793,132044.7
2024-10-02 10:40:00,1727865600000,0.3793,0.3795,0.3788,0.3794,65978.1
2024-10-02 10:45:00,1727865900000,0.3794,0.3798,0.3793,0.3793,73701.3
2024-10-02 10:50:00,1727866200000,0.3794,0.3794,0.3781,0.3781,70952.4
2024-10-02 10:55:00,1727866500000,0.3782,0.3784,0.3767,0.3768,150361.8
2024-10-02 11:00:00,1727866800000,0.3767,0.3788,0.3766,0.3777,185810.4
2024-10-02 11:05:00,1727867100000,0.3777,0.3778,0.3746,0.3747,342693.9
2024-10-02 11:10:00,1727867400000,0.3747,0.3777,0.3747,0.3777,298998.4
2024-10-02 11:15:00,1727867700000,0.3776,0.3788,0.3759,0.3761,423108.6
2024-10-02 11:20:00,1727868000000,0.376,0.3773,0.376,0.3767,281032.9
2024-10-02 11:25:00,1727868300000,0.3769,0.3781,0.3769,0.378,93883.5
2024-10-02 11:30:00,1727868600000,0.3781,0.3789,0.3773,0.3782,321816.5
2024-10-02 11:35:00,1727868900000,0.3782,0.3786,0.3778,0.3779,115096.5
2024-10-02 11:40:00,1727869200000,0.3777,0.3779,0.3773,0.3777,103905.5
2024-10-02 11:45:00,1727869500000,0.3775,0.3779,0.3766,0.3777,146797.5
2024-10-02 11:50:00,1727869800000,0.3776,0.3776,0.3764,0.3769,154072.9
2024-10-02 11:55:00,1727870100000,0.3768,0.3775,0.3768,0.377,108417.8
2024-10-02 12:00:00,1727870400000,0.377,0.3771,0.3759,0.3759,173763.0
2024-10-02 12:05:00,1727870700000,0.3759,0.3759,0.3742,0.3745,423037.9
2024-10-02 12:10:00,1727871000000,0.3744,0.3749,0.374,0.3742,198343.6
2024-10-02 12:15:00,1727871300000,0.3744,0.3753,0.3744,0.3749,245986.2
2024-10-02 12:20:00,1727871600000,0.3748,0.3765,0.3748,0.376,191039.7
2024-10-02 12:25:00,1727871900000,0.3759,0.3766,0.3752,0.3757,118403.8
2024-10-02 12:30:00,1727872200000,0.3758,0.3768,0.3756,0.3767,158274.8
2024-10-02 12:35:00,1727872500000,0.3767,0.3767,0.3757,0.3762,191501.6
2024-10-02 12:40:00,1727872800000,0.3763,0.3767,0.3755,0.3756,46245.6
2024-10-02 12:45:00,1727873100000,0.3755,0.3755,0.3743,0.3745,169953.7
2024-10-02 12:50:00,1727873400000,0.3746,0.3746,0.3731,0.3733,340727.3
2024-10-02 12:55:00,1727873700000,0.3733,0.3734,0.3725,0.3731,221643.6
2024-10-02 13:00:00,1727874000000,0.373,0.3736,0.3723,0.3723,369237.6
2024-10-02 13:05:00,1727874300000,0.3724,0.3731,0.3716,0.372,325518.8
2024-10-02 13:10:00,1727874600000,0.372,0.3737,0.3715,0.3731,202306.2
2024-10-02 13:15:00,1727874900000,0.373,0.3735,0.3723,0.3734,166081.7
2024-10-02 13:20:00,1727875200000,0.3734,0.3747,0.3733,0.3746,187200.0
2024-10-02 13:25:00,1727875500000,0.3745,0.3745,0.373,0.3731,132257.2
2024-10-02 13:30:00,1727875800000,0.3732,0.3733,0.3711,0.3719,439567.9
2024-10-02 13:35:00,1727876100000,0.3717,0.3725,0.3712,0.372,301181.5
2024-10-02 13:40:00,1727876400000,0.372,0.3727,0.3716,0.3724,167574.8
2024-10-02 13:45:00,1727876700000,0.3723,0.3761,0.3723,0.376,401309.0
2024-10-02 13:50:00,1727877000000,0.3761,0.3775,0.376,0.3774,460286.3
2024-10-02 13:55:00,1727877300000,0.3773,0.3785,0.3769,0.3777,463491.8
2024-10-02 14:00:00,1727877600000,0.3777,0.3796,0.3773,0.3789,546040.9
2024-10-02 14:05:00,1727877900000,0.3788,0.3793,0.3776,0.3785,264708.0
2024-10-02 14:10:00,1727878200000,0.3784,0.3792,0.3768,0.3769,401141.2
2024-10-02 14:15:00,1727878500000,0.3769,0.3795,0.3763,0.3795,319567.1
2024-10-02 14:20:00,1727878800000,0.3796,0.3799,0.3758,0.3762,502736.8
2024-10-02 14:25:00,1727879100000,0.3762,0.3778,0.3761,0.377,268095.8
2024-10-02 14:30:00,1727879400000,0.377,0.3778,0.3763,0.3772,160281.6
2024-10-02 14:35:00,1727879700000,0.3771,0.3784,0.3766,0.3782,221224.3
2024-10-02 14:40:00,1727880000000,0.3782,0.379,0.3782,0.3785,100612.2
2024-10-02 14:45:00,1727880300000,0.3784,0.3795,0.3783,0.3795,281878.3
2024-10-02 14:50:00,1727880600000,0.3794,0.3794,0.3768,0.3769,230670.5
2024-10-02 14:55:00,1727880900000,0.3768,0.3772,0.376,0.376,109555.2
2024-10-02 15:00:00,1727881200000,0.3759,0.3779,0.3759,0.3778,358228.7
2024-10-02 15:05:00,1727881500000,0.3777,0.3785,0.3774,0.3779,119831.3
2024-10-02 15:10:00,1727881800000,0.378,0.3784,0.3773,0.3783,144118.5
2024-10-02 15:15:00,1727882100000,0.3783,0.38,0.3782,0.38,189304.7
2024-10-02 15:20:00,1727882400000,0.3799,0.3806,0.3791,0.3806,291388.5
2024-10-02 15:25:00,1727882700000,0.3805,0.3805,0.3792,0.3799,182536.9
2024-10-02 15:30:00,1727883000000,0.3796,0.3799,0.3794,0.3798,94943.0
2024-10-02 15:35:00,1727883300000,0.3798,0.3806,0.3794,0.3799,122360.4
2024-10-02 15:40:00,1727883600000,0.38,0.3804,0.3797,0.38,97187.9
2024-10-02 15:45:00,1727883900000,0.38,0.3804,0.3793,0.3804,104405.8
2024-10-02 15:50:00,1727884200000,0.3804,0.3804,0.3794,0.3794,77839.1
2024-10-02 15:55:00,1727884500000,0.3794,0.3798,0.379,0.3798,129493.5
2024-10-02 16:00:00,1727884800000,0.3795,0.3816,0.3793,0.3815,441214.5
2024-10-02 16:05:00,1727885100000,0.3815,0.3822,0.3815,0.3818,539596.9
2024-10-02 16:10:00,1727885400000,0.3818,0.3823,0.3814,0.3822,871221.5
2024-10-02 16:15:00,1727885700000,0.3822,0.3828,0.3819,0.382,128369.4
2024-10-02 16:20:00,1727886000000,0.3819,0.3824,0.3818,0.3821,236331.5
2024-10-02 16:25:00,1727886300000,0.3821,0.3822,0.3818,0.3819,139173.2
2024-10-02 16:30:00,1727886600000,0.3819,0.3825,0.3817,0.382,164030.4
2024-10-02 16:35:00,1727886900000,0.382,0.3823,0.3816,0.3818,432096.4
2024-10-02 16:40:00,1727887200000,0.3819,0.3822,0.3816,0.3819,458702.6
2024-10-02 16:45:00,1727887500000,0.3818,0.3826,0.3815,0.3825,519092.1
2024-10-02 16:50:00,1727887800000,0.3825,0.3826,0.3818,0.3818,183480.4
2024-10-02 16:55:00,1727888100000,0.3819,0.3822,0.3816,0.3818,743186.0
2024-10-02 17:00:00,1727888400000,0.3818,0.3822,0.3798,0.3804,959062.4
2024-10-02 17:05:00,1727888700000,0.3804,0.3813,0.3803,0.3807,331040.1
2024-10-02 17:10:00,1727889000000,0.3808,0.3815,0.3808,0.3814,118887.1
2024-10-02 17:15:00,1727889300000,0.3814,0.3815,0.3807,0.3809,282526.3
2024-10-02 17:20:00,1727889600000,0.3808,0.3817,0.3808,0.3812,387675.9
2024-10-02 17:25:00,1727889900000,0.3812,0.3815,0.3808,0.3815,239863.3
2024-10-02 17:30:00,1727890200000,0.3815,0.3819,0.3804,0.3804,459045.3
2024-10-02 17:35:00,1727890500000,0.3804,0.381,0.3798,0.3806,227036.7
2024-10-02 17:40:00,1727890800000,0.3806,0.3812,0.3805,0.3809,140217.9
2024-10-02 17:45:00,1727891100000,0.3808,0.3812,0.3804,0.3811,85669.8
2024-10-02 17:50:00,1727891400000,0.381,0.3812,0.3803,0.381,103912.9
2024-10-02 17:55:00,1727891700000,0.381,0.3811,0.3803,0.381,121421.5
2024-10-02 18:00:00,1727892000000,0.3811,0.3811,0.3787,0.3787,222165.8
2024-10-02 18:05:00,1727892300000,0.3786,0.3786,0.3774,0.3779,214042.1
2024-10-02 18:10:00,1727892600000,0.3779,0.3781,0.3747,0.3752,441457.6
2024-10-02 18:15:00,1727892900000,0.3752,0.3757,0.3726,0.3739,773798.6
2024-10-02 18:20:00,1727893200000,0.3739,0.3764,0.3731,0.3754,628287.3
2024-10-02 18:25:00,1727893500000,0.3753,0.3761,0.3745,0.3755,349055.3
2024-10-02 18:30:00,1727893800000,0.3755,0.3755,0.3742,0.3751,147505.5
2024-10-02 18:35:00,1727894100000,0.3751,0.3751,0.3738,0.3745,197506.3
2024-10-02 18:40:00,1727894400000,0.3745,0.3759,0.3741,0.3759,171271.6
2024-10-02 18:45:00,1727894700000,0.3759,0.3759,0.3737,0.3741,211229.4
2024-10-02 18:50:00,1727895000000,0.3741,0.3742,0.3727,0.3732,221029.6
2024-10-02 18:55:00,1727895300000,0.3732,0.3732,0.3707,0.3711,673015.8
2024-10-02 19:00:00,1727895600000,0.3711,0.3722,0.3697,0.3698,602267.2
2024-10-02 19:05:00,1727895900000,0.3698,0.3704,0.3677,0.3699,702705.6
2024-10-02 19:10:00,1727896200000,0.37,0.3725,0.3697,0.3718,565823.4
2024-10-02 19:15:00,1727896500000,0.3718,0.3718,0.3683,0.3686,896158.8
2024-10-02 19:20:00,1727896800000,0.3687,0.3706,0.3687,0.3692,369946.4
2024-10-02 19:25:00,1727897100000,0.3693,0.37,0.3692,0.3698,521891.1
2024-10-02 19:30:00,1727897400000,0.3699,0.3713,0.3698,0.3712,479255.3
2024-10-02 19:35:00,1727897700000,0.3713,0.3721,0.3699,0.372,289384.7
2024-10-02 19:40:00,1727898000000,0.3719,0.3723,0.3705,0.3711,302919.1
2024-10-02 19:45:00,1727898300000,0.371,0.3716,0.37,0.3705,490126.7
2024-10-02 19:50:00,1727898600000,0.3704,0.3722,0.3703,0.372,234134.9
2024-10-02 19:55:00,1727898900000,0.3719,0.3729,0.3714,0.3716,301380.6
2024-10-02 20:00:00,1727899200000,0.3716,0.3724,0.3705,0.3717,287914.5
2024-10-02 20:05:00,1727899500000,0.3718,0.3727,0.3709,0.3726,312147.7
2024-10-02 20:10:00,1727899800000,0.3725,0.373,0.371,0.3717,415728.7
2024-10-02 20:15:00,1727900100000,0.3718,0.3729,0.3713,0.3721,168994.4
2024-10-02 20:20:00,1727900400000,0.3721,0.3723,0.3712,0.3716,159938.3
2024-10-02 20:25:00,1727900700000,0.3716,0.3721,0.371,0.372,224909.0
2024-10-02 20:30:00,1727901000000,0.372,0.3736,0.372,0.373,171556.3
2024-10-02 20:35:00,1727901300000,0.373,0.3742,0.3728,0.3742,118545.7
2024-10-02 20:40:00,1727901600000,0.3741,0.3753,0.3738,0.3753,274011.7
2024-10-02 20:45:00,1727901900000,0.3754,0.3758,0.3748,0.3757,254438.9
2024-10-02 20:50:00,1727902200000,0.3756,0.3777,0.3756,0.3768,296723.2
2024-10-02 20:55:00,1727902500000,0.3767,0.3769,0.3756,0.3763,358666.1
2024-10-02 21:00:00,1727902800000,0.3764,0.3774,0.3763,0.3766,128118.4
2024-10-02 21:05:00,1727903100000,0.3765,0.3765,0.3746,0.3746,479688.9
2024-10-02 21:10:00,1727903400000,0.3748,0.3748,0.3738,0.3739,116408.1
2024-10-02 21:15:00,1727903700000,0.3738,0.3738,0.3726,0.373,251831.5
2024-10-02 21:20:00,1727904000000,0.3731,0.3734,0.3729,0.3729,83270.6
2024-10-02 21:25:00,1727904300000,0.3729,0.3743,0.3723,0.3743,303329.6
2024-10-02 21:30:00,1727904600000,0.3743,0.3752,0.3742,0.3744,105339.4
2024-10-02 21:35:00,1727904900000,0.3744,0.3744,0.3733,0.3735,126014.5
2024-10-02 21:40:00,1727905200000,0.3735,0.3735,0.3732,0.3734,33487.6
2024-10-02 21:45:00,1727905500000,0.3734,0.3742,0.3734,0.3738,102363.4
2024-10-02 21:50:00,1727905800000,0.3738,0.3744,0.3735,0.3736,346981.7
2024-10-02 21:55:00,1727906100000,0.3736,0.3743,0.3732,0.3733,169628.3
2024-10-02 22:00:00,1727906400000,0.3733,0.3735,0.3723,0.3727,287415.9
2024-10-02 22:05:00,1727906700000,0.3728,0.3731,0.3714,0.3715,348248.5
2024-10-02 22:10:00,1727907000000,0.3714,0.3716,0.3701,0.3704,483867.5
2024-10-02 22:15:00,1727907300000,0.3704,0.3718,0.37,0.3716,262438.8
2024-10-02 22:20:00,1727907600000,0.3716,0.3719,0.3708,0.3711,220211.1
2024-10-02 22:25:00,1727907900000,0.3711,0.3726,0.3711,0.3721,153765.0
2024-10-02 22:30:00,1727908200000,0.3721,0.3731,0.3719,0.3727,102159.7
2024-10-02 22:35:00,1727908500000,0.3727,0.3742,0.3727,0.3741,127965.2
2024-10-02 22:40:00,1727908800000,0.3742,0.375,0.3741,0.3747,163994.5
2024-10-02 22:45:00,1727909100000,0.3746,0.3752,0.3745,0.3749,95732.1
2024-10-02 22:50:00,1727909400000,0.375,0.3754,0.375,0.3752,108532.2
2024-10-02 22:55:00,1727909700000,0.3752,0.376,0.3752,0.376,67010.0
2024-10-02 23:00:00,1727910000000,0.3758,0.3762,0.3745,0.3751,187282.7
2024-10-02 23:05:00,1727910300000,0.375,0.375,0.3741,0.3744,70656.0
2024-10-02 23:10:00,1727910600000,0.3743,0.3748,0.3739,0.3739,159506.9
2024-10-02 23:15:00,1727910900000,0.3739,0.3741,0.3735,0.3739,135965.9
2024-10-02 23:20:00,1727911200000,0.3739,0.3743,0.3736,0.3739,65378.8
2024-10-02 23:25:00,1727911500000,0.3739,0.3743,0.3739,0.3743,18648.1
2024-10-02 23:30:00,1727911800000,0.3743,0.3744,0.3739,0.3744,51659.6
2024-10-02 23:35:00,1727912100000,0.3744,0.3744,0.3736,0.3736,69887.6
2024-10-02 23:40:00,1727912400000,0.3737,0.3737,0.3734,0.3737,37952.7
2024-10-02 23:45:00,1727912700000,0.3736,0.3739,0.3729,0.373,65042.9
2024-10-02 23:50:00,1727913000000,0.373,0.3735,0.3728,0.3735,36761.4
2024-10-02 23:55:00,1727913300000,0.3734,0.3739,0.3732,0.3734,118704.5
2024-10-03 00:00:00,1727913600000,0.3733,0.3739,0.3716,0.3716,457170.3
2024-10-03 00:05:00,1727913900000,0.3716,0.373,0.3715,0.3729,158561.1
2024-10-03 00:10:00,1727914200000,0.373,0.374,0.3728,0.3737,167712.9
2024-10-03 00:15:00,1727914500000,0.3737,0.3738,0.3722,0.3723,172054.9
2024-10-03 00:20:00,1727914800000,0.3722,0.3726,0.3711,0.3713,166114.2
2024-10-03 00:25:00,1727915100000,0.3714,0.3727,0.3706,0.3727,256543.7
2024-10-03 00:30:00,1727915400000,0.3728,0.3745,0.3726,0.3743,337773.9
2024-10-03 00:35:00,1727915700000,0.3743,0.3754,0.3736,0.3754,228186.9
2024-10-03 00:40:00,1727916000000,0.3753,0.3756,0.3735,0.3738,231784.1
2024-10-03 00:45:00,1727916300000,0.3738,0.3752,0.3737,0.3743,218128.0
2024-10-03 00:50:00,1727916600000,0.3744,0.3751,0.3741,0.3745,169307.0
2024-10-03 00:55:00,1727916900000,0.3745,0.375,0.3739,0.3746,182357.8
2024-10-03 01:00:00,1727917200000,0.3744,0.3764,0.3743,0.3763,189821.4
2024-10-03 01:05:00,1727917500000,0.3762,0.3764,0.375,0.375,119903.2
2024-10-03 01:10:00,1727917800000,0.3751,0.3765,0.3747,0.3762,216091.7
2024-10-03 01:15:00,1727918100000,0.3761,0.3766,0.3754,0.3754,207376.5
2024-10-03 01:20:00,1727918400000,0.3755,0.3767,0.3755,0.3767,136099.2
2024-10-03 01:25:00,1727918700000,0.3766,0.377,0.3759,0.3769,158508.4
2024-10-03 01:30:00,1727919000000,0.3769,0.3771,0.3763,0.3765,97077.1
2024-10-03 01:35:00,1727919300000,0.3766,0.3767,0.3759,0.3767,74853.6
2024-10-03 01:40:00,1727919600000,0.3767,0.377,0.3762,0.3764,114472.7
2024-10-03 01:45:00,1727919900000,0.3764,0.3766,0.376,0.3765,67289.7
2024-10-03 01:50:00,1727920200000,0.3764,0.3775,0.3764,0.3775,134961.9
2024-10-03 01:55:00,1727920500000,0.3775,0.3777,0.3766,0.3767,128794.9
2024-10-03 02:00:00,1727920800000,0.3767,0.3772,0.3766,0.3767,122348.8
2024-10-03 02:05:00,1727921100000,0.3767,0.3784,0.3767,0.3783,132441.7
2024-10-03 02:10:00,1727921400000,0.3783,0.3788,0.3779,0.3787,163477.0
2024-10-03 02:15:00,1727921700000,0.3787,0.379,0.3783,0.3788,159555.5
2024-10-03 02:20:00,1727922000000,0.379,0.3791,0.3781,0.3782,56106.5
2024-10-03 02:25:00,1727922300000,0.3781,0.3785,0.3779,0.3783,88635.2
2024-10-03 02:30:00,1727922600000,0.3784,0.3785,0.3781,0.3781,64032.0
2024-10-03 02:35:00,1727922900000,0.3782,0.3782,0.3772,0.3772,75371.3
2024-10-03 02:40:00,1727923200000,0.3773,0.3775,0.377,0.3774,89376.0
2024-10-03 02:45:00,1727923500000,0.3774,0.3786,0.3774,0.3782,104747.8
2024-10-03 02:50:00,1727923800000,0.3782,0.3786,0.3779,0.3783,102009.4
2024-10-03 02:55:00,1727924100000,0.3783,0.3786,0.3778,0.3781,104251.0
2024-10-03 03:00:00,1727924400000,0.3781,0.3782,0.3775,0.3777,103919.2
2024-10-03 03:05:00,1727924700000,0.3776,0.3781,0.3771,0.3773,143129.1
2024-10-03 03:10:00,1727925000000,0.3774,0.3775,0.3767,0.3769,79024.9
2024-10-03 03:15:00,1727925300000,0.3769,0.3778,0.3765,0.3778,116440.2
2024-10-03 03:20:00,1727925600000,0.3779,0.3784,0.3774,0.378,273009.1
2024-10-03 03:25:00,1727925900000,0.378,0.3784,0.3778,0.3778,87774.7
2024-10-03 03:30:00,1727926200000,0.3779,0.3788,0.3779,0.3784,87505.7
2024-10-03 03:35:00,1727926500000,0.3782,0.3784,0.3768,0.3769,90349.2
2024-10-03 03:40:00,1727926800000,0.377,0.3775,0.3768,0.3775,31276.5
2024-10-03 03:45:00,1727927100000,0.3775,0.3778,0.3771,0.3773,117582.4
2024-10-03 03:50:00,1727927400000,0.3773,0.3775,0.3768,0.3774,154718.7
2024-10-03 03:55:00,1727927700000,0.3775,0.3788,0.3775,0.3788,89330.6
2024-10-03 04:00:00,1727928000000,0.3788,0.3788,0.378,0.3788,69209.2
2024-10-03 04:05:00,1727928300000,0.3789,0.3789,0.378,0.3783,65291.4
2024-10-03 04:10:00,1727928600000,0.3783,0.3786,0.3778,0.3779,52177.3
2024-10-03 04:15:00,1727928900000,0.3778,0.3782,0.3774,0.3774,54731.4
2024-10-03 04:20:00,1727929200000,0.3774,0.3775,0.3769,0.377,45133.1
2024-10-03 04:25:00,1727929500000,0.377,0.3773,0.3767,0.3772,62527.0
2024-10-03 04:30:00,1727929800000,0.3773,0.3781,0.3771,0.3779,64453.3
2024-10-03 04:35:00,1727930100000,0.378,0.3783,0.3779,0.3783,38091.1
2024-10-03 04:40:00,1727930400000,0.3784,0.3787,0.3783,0.3786,20000.7
2024-10-03 04:45:00,1727930700000,0.3788,0.3791,0.3785,0.3785,75879.0
2024-10-03 04:50:00,1727931000000,0.3785,0.3785,0.378,0.378,36177.8
2024-10-03 04:55:00,1727931300000,0.3781,0.3781,0.3773,0.3776,65576.3
2024-10-03 05:00:00,1727931600000,0.3775,0.378,0.377,0.3771,139621.3
2024-10-03 05:05:00,1727931900000,0.3771,0.3776,0.3769,0.3776,60663.3
2024-10-03 05:10:00,1727932200000,0.3775,0.3777,0.3773,0.3773,81710.4
2024-10-03 05:15:00,1727932500000,0.3773,0.3779,0.3773,0.3778,55524.4
2024-10-03 05:20:00,1727932800000,0.3777,0.3779,0.3773,0.3777,63612.8
2024-10-03 05:25:00,1727933100000,0.3776,0.3778,0.3771,0.3771,56036.4
2024-10-03 05:30:00,1727933400000,0.377,0.3772,0.3763,0.3763,142158.5
2024-10-03 05:35:00,1727933700000,0.3763,0.3764,0.3754,0.3754,67359.6
2024-10-03 05:40:00,1727934000000,0.3754,0.3762,0.3751,0.3761,108783.0
2024-10-03 05:45:00,1727934300000,0.376,0.3761,0.3754,0.3754,43473.6
2024-10-03 05:50:00,1727934600000,0.3754,0.3757,0.3747,0.3755,142033.7
2024-10-03 05:55:00,1727934900000,0.3755,0.3756,0.375,0.3752,101296.1
2024-10-03 06:00:00,1727935200000,0.3751,0.3752,0.3744,0.3748,376765.1
2024-10-03 06:05:00,1727935500000,0.3747,0.3759,0.3746,0.3758,161908.9
2024-10-03 06:10:00,1727935800000,0.3759,0.3763,0.3753,0.3755,524002.1
2024-10-03 06:15:00,1727936100000,0.3755,0.3762,0.3754,0.376,421946.8
2024-10-03 06:20:00,1727936400000,0.376,0.3762,0.3754,0.3756,300467.2
2024-10-03 06:25:00,1727936700000,0.3757,0.3758,0.3749,0.3751,214217.8
2024-10-03 06:30:00,1727937000000,0.3751,0.3752,0.3746,0.3751,320712.4
2024-10-03 06:35:00,1727937300000,0.375,0.3755,0.3746,0.3746,459420.6
2024-10-03 06:40:00,1727937600000,0.3746,0.3756,0.3743,0.3755,76497.9
2024-10-03 06:45:00,1727937900000,0.3756,0.376,0.3754,0.3759,36892.4
2024-10-03 06:50:00,1727938200000,0.376,0.376,0.3751,0.3752,35146.0
2024-10-03 06:55:00,1727938500000,0.3753,0.3755,0.3752,0.3754,12446.4
2024-10-03 07:00:00,1727938800000,0.3753,0.3757,0.3751,0.3755,73581.1
2024-10-03 07:05:00,1727939100000,0.3756,0.3764,0.375,0.3751,54863.3
2024-10-03 07:10:00,1727939400000,0.3751,0.3754,0.3745,0.3747,53999.5
2024-10-03 07:15:00,1727939700000,0.3748,0.375,0.3739,0.374,105121.5
2024-10-03 07:20:00,1727940000000,0.3741,0.375,0.3735,0.375,120778.6
2024-10-03 07:25:00,1727940300000,0.3749,0.375,0.3737,0.3742,79941.9
2024-10-03 07:30:00,1727940600000,0.3744,0.375,0.3738,0.3747,138808.0
2024-10-03 07:35:00,1727940900000,0.3748,0.375,0.3745,0.375,107138.4
2024-10-03 07:40:00,1727941200000,0.375,0.375,0.3739,0.3739,124360.9
2024-10-03 07:45:00,1727941500000,0.3738,0.3741,0.373,0.3732,86494.2
2024-10-03 07:50:00,1727941800000,0.3733,0.3733,0.3711,0.372,359092.3
2024-10-03 07:55:00,1727942100000,0.3721,0.3722,0.371,0.3711,98260.4
2024-10-03 08:00:00,1727942400000,0.3711,0.3717,0.3707,0.3715,175217.7
2024-10-03 08:05:00,1727942700000,0.3716,0.3716,0.3707,0.3707,642993.7
2024-10-03 08:10:00,1727943000000,0.3706,0.371,0.3686,0.3687,411853.7
2024-10-03 08:15:00,1727943300000,0.3687,0.3704,0.3681,0.3687,345760.4
2024-10-03 08:20:00,1727943600000,0.3687,0.3697,0.3674,0.3697,340776.8
2024-10-03 08:25:00,1727943900000,0.3697,0.3703,0.3687,0.3689,253684.7
2024-10-03 08:30:00,1727944200000,0.369,0.3698,0.3683,0.3697,159069.9
2024-10-03 08:35:00,1727944500000,0.3696,0.37,0.3686,0.3696,234899.4
2024-10-03 08:40:00,1727944800000,0.3697,0.3708,0.3693,0.3699,240708.9
2024-10-03 08:45:00,1727945100000,0.37,0.3702,0.3684,0.369,219795.6
2024-10-03 08:50:00,1727945400000,0.3689,0.3689,0.3669,0.3681,275989.2
2024-10-03 08:55:00,1727945700000,0.368,0.369,0.3674,0.3688,169858.2
2024-10-03 09:00:00,1727946000000,0.3688,0.3688,0.365,0.3655,778236.8
2024-10-03 09:05:00,1727946300000,0.3655,0.3684,0.3655,0.367,657925.5
2024-10-03 09:10:00,1727946600000,0.3669,0.3686,0.3669,0.3676,374951.6
2024-10-03 09:15:00,1727946900000,0.3677,0.3685,0.3663,0.3682,291238.9
2024-10-03 09:20:00,1727947200000,0.3681,0.3695,0.3678,0.3695,185214.3
2024-10-03 09:25:00,1727947500000,0.3696,0.3702,0.3694,0.3701,172804.4
2024-10-03 09:30:00,1727947800000,0.3701,0.3712,0.3698,0.3704,319762.9
2024-10-03 09:35:00,1727948100000,0.3704,0.3709,0.3699,0.3707,144635.1
2024-10-03 09:40:00,1727948400000,0.3706,0.3706,0.3695,0.3705,142131.4
2024-10-03 09:45:00,1727948700000,0.3705,0.3713,0.3705,0.3708,433792.5
2024-10-03 09:50:00,1727949000000,0.3709,0.3715,0.3704,0.371,119503.5
2024-10-03 09:55:00,1727949300000,0.3711,0.372,0.3711,0.372,70493.0
2024-10-03 10:00:00,1727949600000,0.3719,0.3731,0.3718,0.3719,340617.0
2024-10-03 10:05:00,1727949900000,0.3718,0.3719,0.371,0.3717,219172.3
2024-10-03 10:10:00,1727950200000,0.3716,0.3717,0.3711,0.3714,91216.2
2024-10-03 10:15:00,1727950500000,0.3714,0.3715,0.371,0.371,96391.3
2024-10-03 10:20:00,1727950800000,0.3709,0.3719,0.3709,0.3717,85920.2
2024-10-03 10:25:00,1727951100000,0.3717,0.3719,0.3711,0.3719,81714.5
2024-10-03 10:30:00,1727951400000,0.372,0.3728,0.3719,0.3721,229794.4
2024-10-03 10:35:00,1727951700000,0.372,0.372,0.3715,0.3718,112204.3
2024-10-03 10:40:00,1727952000000,0.3718,0.3727,0.3715,0.3722,83683.9
2024-10-03 10:45:00,1727952300000,0.3721,0.3726,0.3715,0.3717,78957.6
2024-10-03 10:50:00,1727952600000,0.3718,0.372,0.3712,0.3715,98771.2
2024-10-03 10:55:00,1727952900000,0.3714,0.3726,0.3713,0.3726,168973.7
2024-10-03 11:00:00,1727953200000,0.3726,0.3728,0.3724,0.3725,240447.6
2024-10-03 11:05:00,1727953500000,0.3724,0.3726,0.3721,0.3726,79007.9
2024-10-03 11:10:00,1727953800000,0.3727,0.3727,0.3721,0.3722,110302.9
2024-10-03 11:15:00,1727954100000,0.3722,0.3725,0.3719,0.372,58357.9
2024-10-03 11:20:00,1727954400000,0.3721,0.3723,0.371,0.371,105202.8
2024-10-03 11:25:00,1727954700000,0.371,0.3713,0.3705,0.3705,204565.1
2024-10-03 11:30:00,1727955000000,0.3707,0.3713,0.3696,0.3706,305519.7
2024-10-03 11:35:00,1727955300000,0.3705,0.3723,0.3705,0.3717,254905.6
2024-10-03 11:40:00,1727955600000,0.3718,0.372,0.3714,0.372,85178.5
2024-10-03 11:45:00,1727955900000,0.372,0.372,0.371,0.3712,58153.9
2024-10-03 11:50:00,1727956200000,0.3711,0.3713,0.3707,0.3711,153382.5
2024-10-03 11:55:00,1727956500000,0.371,0.371,0.3703,0.3704,35577.7
2024-10-03 12:00:00,1727956800000,0.3704,0.3706,0.3688,0.3689,131144.5
2024-10-03 12:05:00,1727957100000,0.3689,0.3692,0.3678,0.3686,262892.9
2024-10-03 12:10:00,1727957400000,0.3687,0.3697,0.3687,0.3693,231639.8
2024-10-03 12:15:00,1727957700000,0.3693,0.3702,0.3689,0.3698,119266.9
2024-10-03 12:20:00,1727958000000,0.3698,0.3702,0.369,0.3698,154410.9
2024-10-03 12:25:00,1727958300000,0.3697,0.3702,0.3695,0.3695,79226.6
2024-10-03 12:30:00,1727958600000,0.3696,0.3711,0.3695,0.3697,323048.6
2024-10-03 12:35:00,1727958900000,0.3697,0.3708,0.3695,0.3698,286189.0
2024-10-03 12:40:00,1727959200000,0.3698,0.3703,0.3692,0.3698,147934.1
2024-10-03 12:45:00,1727959500000,0.3698,0.3707,0.3698,0.3702,121802.3
2024-10-03 12:50:00,1727959800000,0.3701,0.3706,0.3696,0.3702,141942.6
2024-10-03 12:55:00,1727960100000,0.3703,0.3717,0.3703,0.3714,483074.2
2024-10-03 13:00:00,1727960400000,0.3714,0.3731,0.371,0.3726,543021.3
2024-10-03 13:05:00,1727960700000,0.3726,0.3733,0.3708,0.3711,532717.8
2024-10-03 13:10:00,1727961000000,0.371,0.371,0.3686,0.3692,283528.1
2024-10-03 13:15:00,1727961300000,0.3691,0.372,0.3691,0.3708,2256346.0
2024-10-03 13:20:00,1727961600000,0.3708,0.3722,0.3707,0.3712,548552.0
2024-10-03 13:25:00,1727961900000,0.3712,0.3725,0.3706,0.3712,602568.2
2024-10-03 13:30:00,1727962200000,0.3713,0.3715,0.3691,0.37,575132.1
2024-10-03 13:35:00,1727962500000,0.37,0.3701,0.3682,0.3685,312269.6
2024-10-03 13:40:00,1727962800000,0.3686,0.3698,0.3678,0.369,441309.2
2024-10-03 13:45:00,1727963100000,0.369,0.3701,0.3688,0.3698,390579.7
2024-10-03 13:50:00,1727963400000,0.3698,0.3707,0.3686,0.3701,590834.9
2024-10-03 13:55:00,1727963700000,0.3701,0.3719,0.37,0.3714,310381.3
2024-10-03 14:00:00,1727964000000,0.3715,0.3729,0.3714,0.3719,289936.8
2024-10-03 14:05:00,1727964300000,0.3718,0.3736,0.3718,0.3732,473947.7
2024-10-03 14:10:00,1727964600000,0.3732,0.3749,0.3721,0.3722,654464.3
2024-10-03 14:15:00,1727964900000,0.3722,0.3739,0.3722,0.3729,446080.7
2024-10-03 14:20:00,1727965200000,0.3729,0.373,0.3708,0.371,481601.3
2024-10-03 14:25:00,1727965500000,0.371,0.371,0.3693,0.3701,629234.0
2024-10-03 14:30:00,1727965800000,0.3702,0.3717,0.3697,0.3715,324677.5
2024-10-03 14:35:00,1727966100000,0.3714,0.3728,0.3713,0.3724,419700.3
2024-10-03 14:40:00,1727966400000,0.3725,0.3726,0.3703,0.3709,141921.4
2024-10-03 14:45:00,1727966700000,0.3708,0.3714,0.3701,0.3702,304500.6
2024-10-03 14:50:00,1727967000000,0.3703,0.3706,0.369,0.369,431866.7
2024-10-03 14:55:00,1727967300000,0.3691,0.3693,0.3681,0.3683,279426.7
2024-10-03 15:00:00,1727967600000,0.3683,0.3684,0.3675,0.3683,266300.6
2024-10-03 15:05:00,1727967900000,0.3684,0.3691,0.3675,0.3678,229052.4
2024-10-03 15:10:00,1727968200000,0.3677,0.3679,0.3669,0.3676,148021.3
2024-10-03 15:15:00,1727968500000,0.3677,0.3686,0.3669,0.3671,301009.2
2024-10-03 15:20:00,1727968800000,0.3671,0.3683,0.3659,0.3678,381573.6
2024-10-03 15:25:00,1727969100000,0.3678,0.3678,0.3654,0.3666,398373.1
2024-10-03 15:30:00,1727969400000,0.3666,0.367,0.3661,0.3665,235372.9
2024-10-03 15:35:00,1727969700000,0.3665,0.3677,0.3656,0.366,330728.4
2024-10-03 15:40:00,1727970000000,0.366,0.3667,0.3655,0.3663,239449.6
2024-10-03 15:45:00,1727970300000,0.3663,0.3695,0.3661,0.3686,391967.6
2024-10-03 15:50:00,1727970600000,0.3686,0.371,0.3686,0.3708,280034.9
2024-10-03 15:55:00,1727970900000,0.3708,0.3712,0.3701,0.3704,167833.3
2024-10-03 16:00:00,1727971200000,0.3704,0.3705,0.3696,0.3698,168422.5
2024-10-03 16:05:00,1727971500000,0.3697,0.3716,0.3686,0.3714,590885.1
2024-10-03 16:10:00,1727971800000,0.3713,0.3723,0.3708,0.3709,534460.4
2024-10-03 16:15:00,1727972100000,0.3708,0.3718,0.37,0.3703,253082.2
2024-10-03 16:20:00,1727972400000,0.3703,0.3703,0.3687,0.3693,190461.2
2024-10-03 16:25:00,1727972700000,0.3693,0.3694,0.368,0.3681,207727.5
2024-10-03 16:30:00,1727973000000,0.3682,0.3685,0.3672,0.3683,243675.1
2024-10-03 16:35:00,1727973300000,0.3683,0.369,0.3683,0.3688,172107.1
2024-10-03 16:40:00,1727973600000,0.3687,0.3687,0.3677,0.3682,195554.0
2024-10-03 16:45:00,1727973900000,0.3682,0.3691,0.3682,0.3687,463350.4
2024-10-03 16:50:00,1727974200000,0.3686,0.3693,0.3684,0.3689,205947.3
2024-10-03 16:55:00,1727974500000,0.3689,0.3696,0.3687,0.3689,120014.3
2024-10-03 17:00:00,1727974800000,0.3688,0.3688,0.3667,0.3679,439930.0
2024-10-03 17:05:00,1727975100000,0.3678,0.3695,0.3678,0.3694,222791.2
2024-10-03 17:10:00,1727975400000,0.3693,0.3709,0.3693,0.3707,328007.6
2024-10-03 17:15:00,1727975700000,0.3707,0.3712,0.3705,0.3711,395131.8
2024-10-03 17:20:00,1727976000000,0.3711,0.3724,0.3711,0.3722,283599.2
2024-10-03 17:25:00,1727976300000,0.3723,0.3727,0.372,0.3724,190250.9
2024-10-03 17:30:00,1727976600000,0.3724,0.3731,0.3719,0.372,247429.6
2024-10-03 17:35:00,1727976900000,0.3721,0.3721,0.3703,0.3705,131884.4
2024-10-03 17:40:00,1727977200000,0.3705,0.3721,0.3701,0.372,121591.9
2024-10-03 17:45:00,1727977500000,0.372,0.3725,0.3716,0.3722,94060.1
2024-10-03 17:50:00,1727977800000,0.3721,0.3742,0.3719,0.3741,556479.7
2024-10-03 17:55:00,1727978100000,0.3742,0.3745,0.3737,0.3744,107608.8
2024-10-03 18:00:00,1727978400000,0.3743,0.3748,0.3742,0.3744,114855.2
2024-10-03 18:05:00,1727978700000,0.3746,0.3748,0.3739,0.3739,48875.5
2024-10-03 18:10:00,1727979000000,0.3739,0.3741,0.3737,0.374,50241.0
2024-10-03 18:15:00,1727979300000,0.3741,0.3746,0.3738,0.3746,71914.5
2024-10-03 18:20:00,1727979600000,0.3747,0.3754,0.3745,0.3746,280867.7
2024-10-03 18:25:00,1727979900000,0.3746,0.3751,0.3743,0.3743,74357.0
2024-10-03 18:30:00,1727980200000,0.3744,0.3744,0.3732,0.3732,53138.8
2024-10-03 18:35:00,1727980500000,0.3733,0.374,0.3732,0.3736,119632.1
2024-10-03 18:40:00,1727980800000,0.3736,0.3746,0.3735,0.3743,94483.3
2024-10-03 18:45:00,1727981100000,0.3743,0.375,0.3736,0.3743,69521.3
2024-10-03 18:50:00,1727981400000,0.3743,0.375,0.3742,0.3743,84081.0
2024-10-03 18:55:00,1727981700000,0.3743,0.375,0.3741,0.3742,97654.7
2024-10-03 19:00:00,1727982000000,0.3741,0.3753,0.3739,0.3752,157709.9
2024-10-03 19:05:00,1727982300000,0.3752,0.3754,0.3744,0.3752,168073.8
2024-10-03 19:10:00,1727982600000,0.3751,0.3752,0.3743,0.3748,96689.3
2024-10-03 19:15:00,1727982900000,0.3747,0.375,0.3746,0.3749,36801.3
2024-10-03 19:20:00,1727983200000,0.3749,0.3754,0.3745,0.3752,78658.5
2024-10-03 19:25:00,1727983500000,0.375,0.3756,0.375,0.3754,89225.0
2024-10-03 19:30:00,1727983800000,0.3755,0.376,0.3752,0.3758,235540.4
2024-10-03 19:35:00,1727984100000,0.3758,0.3761,0.3755,0.376,139603.0
2024-10-03 19:40:00,1727984400000,0.376,0.376,0.3754,0.3757,94975.3
2024-10-03 19:45:00,1727984700000,0.3757,0.3772,0.3757,0.377,210222.3
2024-10-03 19:50:00,1727985000000,0.3771,0.3775,0.3766,0.3774,171954.6
2024-10-03 19:55:00,1727985300000,0.3773,0.3775,0.3771,0.3775,124437.1
2024-10-03 20:00:00,1727985600000,0.3775,0.3778,0.3769,0.3778,197206.9
2024-10-03 20:05:00,1727985900000,0.3779,0.3783,0.3773,0.3777,167700.5
2024-10-03 20:10:00,1727986200000,0.3778,0.3778,0.3768,0.3772,83788.2
2024-10-03 20:15:00,1727986500000,0.3771,0.3777,0.3769,0.3769,120317.8
2024-10-03 20:20:00,1727986800000,0.3769,0.3771,0.3758,0.3762,119490.8
2024-10-03 20:25:00,1727987100000,0.3762,0.3762,0.3759,0.3762,32781.6
2024-10-03 20:30:00,1727987400000,0.3762,0.3762,0.3748,0.375,117672.8
2024-10-03 20:35:00,1727987700000,0.3749,0.3759,0.3749,0.3758,79602.1
2024-10-03 20:40:00,1727988000000,0.3757,0.3758,0.3752,0.3754,78610.8
2024-10-03 20:45:00,1727988300000,0.3755,0.3755,0.3745,0.3747,223854.9
2024-10-03 20:50:00,1727988600000,0.3747,0.3751,0.3745,0.3751,87183.2
2024-10-03 20:55:00,1727988900000,0.375,0.3753,0.3747,0.3752,92477.0
2024-10-03 21:00:00,1727989200000,0.3752,0.3757,0.3736,0.3738,207756.9
2024-10-03 21:05:00,1727989500000,0.3737,0.3743,0.373,0.3743,130822.5
2024-10-03 21:10:00,1727989800000,0.3742,0.3755,0.3742,0.3755,133575.5
2024-10-03 21:15:00,1727990100000,0.3755,0.3756,0.375,0.3755,80896.1
2024-10-03 21:20:00,1727990400000,0.3755,0.3757,0.3753,0.3756,42184.8
2024-10-03 21:25:00,1727990700000,0.3757,0.3758,0.3751,0.3756,45101.9
2024-10-03 21:30:00,1727991000000,0.3756,0.3757,0.3749,0.3752,33282.1
2024-10-03 21:35:00,1727991300000,0.3753,0.3756,0.3752,0.3752,22418.2
2024-10-03 21:40:00,1727991600000,0.3751,0.3753,0.3747,0.3747,42344.4
2024-10-03 21:45:00,1727991900000,0.3748,0.3748,0.3746,0.3746,17260.8
2024-10-03 21:50:00,1727992200000,0.3747,0.3757,0.3747,0.3756,140886.3
2024-10-03 21:55:00,1727992500000,0.3756,0.3758,0.3755,0.3755,67428.3
2024-10-03 22:00:00,1727992800000,0.3755,0.3756,0.3748,0.3756,41956.6
2024-10-03 22:05:00,1727993100000,0.3755,0.376,0.375,0.376,101451.7
2024-10-03 22:10:00,1727993400000,0.3759,0.3763,0.3754,0.3761,76667.1
2024-10-03 22:15:00,1727993700000,0.3761,0.3764,0.3751,0.3755,83331.7
2024-10-03 22:20:00,1727994000000,0.3756,0.3764,0.3754,0.3762,80959.2
2024-10-03 22:25:00,1727994300000,0.3762,0.3767,0.3761,0.3767,73996.4
2024-10-03 22:30:00,1727994600000,0.3767,0.3775,0.3764,0.3771,170479.8
2024-10-03 22:35:00,1727994900000,0.3769,0.3769,0.3757,0.3758,91996.9
2024-10-03 22:40:00,1727995200000,0.3757,0.3763,0.3756,0.3759,59459.4
2024-10-03 22:45:00,1727995500000,0.3759,0.3761,0.3758,0.3758,24818.2
2024-10-03 22:50:00,1727995800000,0.3758,0.3768,0.3758,0.3768,27746.3
2024-10-03 22:55:00,1727996100000,0.3768,0.3769,0.3765,0.3769,25909.9
2024-10-03 23:00:00,1727996400000,0.3769,0.3778,0.3769,0.3771,211399.2
2024-10-03 23:05:00,1727996700000,0.3771,0.3777,0.3765,0.3765,135011.4
2024-10-03 23:10:00,1727997000000,0.3765,0.377,0.3765,0.3766,46860.2
2024-10-03 23:15:00,1727997300000,0.3766,0.3767,0.3757,0.3762,135628.5
2024-10-03 23:20:00,1727997600000,0.3761,0.3761,0.3753,0.3756,52509.6
2024-10-03 23:25:00,1727997900000,0.3756,0.3761,0.3755,0.376,48582.4
2024-10-03 23:30:00,1727998200000,0.3759,0.3765,0.3759,0.3762,71758.2
2024-10-03 23:35:00,1727998500000,0.3762,0.3764,0.3758,0.3763,86768.4
2024-10-03 23:40:00,1727998800000,0.3763,0.3766,0.3762,0.3766,62856.5
2024-10-03 23:45:00,1727999100000,0.3766,0.3768,0.3757,0.3758,535606.4
2024-10-03 23:50:00,1727999400000,0.3757,0.376,0.3745,0.3754,749869.7
2024-10-03 23:55:00,1727999700000,0.3754,0.376,0.3751,0.3757,49150.4
2024-10-04 00:00:00,1728000000000,0.3758,0.3766,0.3757,0.3765,86338.4
2024-10-04 00:05:00,1728000300000,0.3767,0.3772,0.3763,0.3771,171815.7
2024-10-04 00:10:00,1728000600000,0.3771,0.3776,0.3764,0.3765,124935.4
2024-10-04 00:15:00,1728000900000,0.3763,0.3773,0.3759,0.3768,132104.5
2024-10-04 00:20:00,1728001200000,0.3767,0.3768,0.3761,0.3762,91538.0
2024-10-04 00:25:00,1728001500000,0.3763,0.3773,0.3758,0.3768,116319.0
2024-10-04 00:30:00,1728001800000,0.3769,0.377,0.3761,0.3764,99750.7
2024-10-04 00:35:00,1728002100000,0.3765,0.3765,0.3752,0.3754,144454.8
2024-10-04 00:40:00,1728002400000,0.3753,0.3758,0.3751,0.3758,81414.2
2024-10-04 00:45:00,1728002700000,0.3759,0.3763,0.3758,0.3758,73391.5
2024-10-04 00:50:00,1728003000000,0.3758,0.3761,0.3754,0.3756,185194.8
2024-10-04 00:55:00,1728003300000,0.3756,0.3757,0.3749,0.3751,117223.5
2024-10-04 01:00:00,1728003600000,0.3752,0.3759,0.3752,0.3759,60108.6
2024-10-04 01:05:00,1728003900000,0.3758,0.3761,0.3753,0.376,57780.3
2024-10-04 01:10:00,1728004200000,0.376,0.3769,0.3759,0.3767,126198.8
2024-10-04 01:15:00,1728004500000,0.3766,0.3777,0.3766,0.3775,82619.4
2024-10-04 01:20:00,1728004800000,0.3774,0.3793,0.3772,0.3793,385652.7
2024-10-04 01:25:00,1728005100000,0.3793,0.38,0.3774,0.3788,648063.3
2024-10-04 01:30:00,1728005400000,0.379,0.3803,0.379,0.3791,301493.9
2024-10-04 01:35:00,1728005700000,0.379,0.379,0.3774,0.3779,461647.1
2024-10-04 01:40:00,1728006000000,0.3778,0.379,0.3778,0.3787,131374.1
2024-10-04 01:45:00,1728006300000,0.3787,0.3797,0.3784,0.3797,96935.3
2024-10-04 01:50:00,1728006600000,0.3794,0.38,0.3794,0.3798,118610.1
2024-10-04 01:55:00,1728006900000,0.3798,0.3802,0.3795,0.3799,81849.0
2024-10-04 02:00:00,1728007200000,0.38,0.3806,0.3797,0.3797,54519.5
2024-10-04 02:05:00,1728007500000,0.3797,0.3805,0.3796,0.3801,96920.5
2024-10-04 02:10:00,1728007800000,0.3801,0.3806,0.3792,0.3794,133073.4
2024-10-04 02:15:00,1728008100000,0.3794,0.3799,0.3792,0.3792,89127.3
2024-10-04 02:20:00,1728008400000,0.3792,0.3793,0.3786,0.3786,43162.3
2024-10-04 02:25:00,1728008700000,0.3786,0.379,0.3783,0.3787,61863.0
2024-10-04 02:30:00,1728009000000,0.3788,0.3795,0.3787,0.3792,70885.6
2024-10-04 02:35:00,1728009300000,0.3791,0.3793,0.3785,0.3791,90026.4
2024-10-04 02:40:00,1728009600000,0.3791,0.3795,0.3789,0.3792,70503.1
2024-10-04 02:45:00,1728009900000,0.3792,0.3796,0.3788,0.3794,34763.9
2024-10-04 02:50:00,1728010200000,0.3797,0.3797,0.3787,0.3789,85074.2
2024-10-04 02:55:00,1728010500000,0.3789,0.3792,0.3787,0.3787,64403.2
2024-10-04 03:00:00,1728010800000,0.3788,0.3788,0.3781,0.3781,244644.3
2024-10-04 03:05:00,1728011100000,0.3782,0.3782,0.377,0.3773,146077.9
2024-10-04 03:10:00,1728011400000,0.3773,0.3775,0.3771,0.3772,42959.5
2024-10-04 03:15:00,1728011700000,0.3772,0.3773,0.3769,0.3769,47774.5
2024-10-04 03:20:00,1728012000000,0.377,0.3776,0.377,0.3772,135478.1
2024-10-04 03:25:00,1728012300000,0.3771,0.3771,0.3763,0.3765,123668.3
2024-10-04 03:30:00,1728012600000,0.3764,0.3769,0.376,0.3764,74929.7
2024-10-04 03:35:00,1728012900000,0.3765,0.3767,0.3761,0.3766,115418.8
2024-10-04 03:40:00,1728013200000,0.3766,0.3767,0.3762,0.3767,32270.4
2024-10-04 03:45:00,1728013500000,0.3767,0.3767,0.3763,0.3763,66295.4
2024-10-04 03:50:00,1728013800000,0.3763,0.3769,0.3762,0.3763,36664.5
2024-10-04 03:55:00,1728014100000,0.3764,0.3764,0.376,0.3763,116847.5
2024-10-04 04:00:00,1728014400000,0.3764,0.3768,0.3763,0.3768,24008.6
2024-10-04 04:05:00,1728014700000,0.3768,0.3775,0.3768,0.377,44189.2
2024-10-04 04:10:00,1728015000000,0.3771,0.3772,0.3767,0.377,109000.6
2024-10-04 04:15:00,1728015300000,0.3771,0.3777,0.3767,0.3776,37044.8
2024-10-04 04:20:00,1728015600000,0.3776,0.3783,0.3774,0.3782,55576.5
2024-10-04 04:25:00,1728015900000,0.3782,0.3789,0.3781,0.3789,64310.8
2024-10-04 04:30:00,1728016200000,0.3789,0.3797,0.3788,0.3795,99435.0
2024-10-04 04:35:00,1728016500000,0.3795,0.3796,0.3785,0.3785,60515.5
2024-10-04 04:40:00,1728016800000,0.3786,0.3787,0.3781,0.3782,66112.3
2024-10-04 04:45:00,1728017100000,0.3783,0.3783,0.3771,0.3771,64266.1
2024-10-04 04:50:00,1728017400000,0.3772,0.3776,0.3768,0.3769,100640.2
2024-10-04 04:55:00,1728017700000,0.3769,0.3773,0.3768,0.3772,41858.4
2024-10-04 05:00:00,1728018000000,0.3772,0.3776,0.3768,0.3775,76647.0
2024-10-04 05:05:00,1728018300000,0.3775,0.3782,0.3771,0.3782,57610.3
2024-10-04 05:10:00,1728018600000,0.3783,0.3785,0.378,0.3785,43897.1
2024-10-04 05:15:00,1728018900000,0.3784,0.3789,0.3784,0.3784,27475.1
2024-10-04 05:20:00,1728019200000,0.3785,0.3789,0.3784,0.3787,67144.5
2024-10-04 05:25:00,1728019500000,0.3786,0.3789,0.3781,0.3786,84390.7
2024-10-04 05:30:00,1728019800000,0.3787,0.3787,0.3783,0.3785,31342.3
2024-10-04 05:35:00,1728020100000,0.3785,0.3792,0.3785,0.3792,30193.8
2024-10-04 05:40:00,1728020400000,0.3791,0.3795,0.3791,0.3793,59037.5
2024-10-04 05:45:00,1728020700000,0.3791,0.3797,0.3789,0.3796,52791.4
2024-10-04 05:50:00,1728021000000,0.3797,0.3798,0.3793,0.3797,54189.7
2024-10-04 05:55:00,1728021300000,0.3798,0.38,0.3798,0.3799,32606.0
2024-10-04 06:00:00,1728021600000,0.38,0.38,0.3787,0.3787,92785.4
2024-10-04 06:05:00,1728021900000,0.3788,0.379,0.3785,0.3788,44061.9
2024-10-04 06:10:00,1728022200000,0.3788,0.3792,0.3787,0.3788,88123.9
2024-10-04 06:15:00,1728022500000,0.3787,0.3796,0.3787,0.3794,247745.2
2024-10-04 06:20:00,1728022800000,0.3794,0.38,0.3792,0.3798,67800.2
2024-10-04 06:25:00,1728023100000,0.3796,0.3798,0.3787,0.3787,112664.3
2024-10-04 06:30:00,1728023400000,0.3787,0.3799,0.3787,0.3796,55846.4
2024-10-04 06:35:00,1728023700000,0.3797,0.3797,0.3787,0.3788,52079.0
2024-10-04 06:40:00,1728024000000,0.3788,0.379,0.3783,0.3788,61236.3
2024-10-04 06:45:00,1728024300000,0.3787,0.3788,0.3781,0.3786,128358.1
2024-10-04 06:50:00,1728024600000,0.3786,0.3787,0.3777,0.3778,46153.1
2024-10-04 06:55:00,1728024900000,0.3778,0.3778,0.3775,0.3776,58525.2
2024-10-04 07:00:00,1728025200000,0.3776,0.3779,0.3772,0.3777,84303.5
2024-10-04 07:05:00,1728025500000,0.3776,0.3778,0.3774,0.3775,24582.9
2024-10-04 07:10:00,1728025800000,0.3775,0.3775,0.3767,0.3775,110427.8
2024-10-04 07:15:00,1728026100000,0.3775,0.378,0.3775,0.3777,61792.1
2024-10-04 07:20:00,1728026400000,0.3777,0.3787,0.3775,0.3786,110344.9
2024-10-04 07:25:00,1728026700000,0.3785,0.379,0.3785,0.3787,43007.5
2024-10-04 07:30:00,1728027000000,0.3787,0.3794,0.3787,0.3792,74357.0
2024-10-04 07:35:00,1728027300000,0.3792,0.3792,0.3789,0.379,42086.1
2024-10-04 07:40:00,1728027600000,0.3789,0.379,0.378,0.3783,214665.6
2024-10-04 07:45:00,1728027900000,0.3784,0.3788,0.3782,0.3784,84175.2
2024-10-04 07:50:00,1728028200000,0.3783,0.3792,0.3783,0.3792,88234.7
2024-10-04 07:55:00,1728028500000,0.3792,0.3792,0.3789,0.3791,28128.9
2024-10-04 08:00:00,1728028800000,0.3791,0.3791,0.3785,0.3787,84959.6
2024-10-04 08:05:00,1728029100000,0.3786,0.379,0.3784,0.3789,66971.2
2024-10-04 08:10:00,1728029400000,0.3789,0.3796,0.3789,0.3795,102971.3
2024-10-04 08:15:00,1728029700000,0.3795,0.3803,0.3792,0.3802,205764.7
2024-10-04 08:20:00,1728030000000,0.3802,0.3805,0.3798,0.38,215530.3
2024-10-04 08:25:00,1728030300000,0.3801,0.3803,0.3797,0.3798,230767.1
2024-10-04 08:30:00,1728030600000,0.3799,0.38,0.3795,0.38,61641.7
2024-10-04 08:35:00,1728030900000,0.38,0.3807,0.38,0.3802,96566.9
2024-10-04 08:40:00,1728031200000,0.3802,0.3805,0.3801,0.3801,44129.5
2024-10-04 08:45:00,1728031500000,0.3801,0.3801,0.3795,0.3796,119470.0
2024-10-04 08:50:00,1728031800000,0.3796,0.3798,0.379,0.3791,48276.0
2024-10-04 08:55:00,1728032100000,0.379,0.379,0.3784,0.3784,39090.8
2024-10-04 09:00:00,1728032400000,0.3784,0.3791,0.3782,0.3791,122809.7
2024-10-04 09:05:00,1728032700000,0.3791,0.3797,0.3791,0.3793,110232.9
2024-10-04 09:10:00,1728033000000,0.3793,0.3799,0.3793,0.3797,54186.2
2024-10-04 09:15:00,1728033300000,0.3797,0.3802,0.3793,0.3794,139518.8
2024-10-04 09:20:00,1728033600000,0.3794,0.3794,0.3788,0.3792,176331.2
2024-10-04 09:25:00,1728033900000,0.3792,0.3798,0.379,0.3798,58244.3
2024-10-04 09:30:00,1728034200000,0.3798,0.3798,0.379,0.3791,40320.1
2024-10-04 09:35:00,1728034500000,0.379,0.3791,0.3786,0.3791,45803.3
2024-10-04 09:40:00,1728034800000,0.3792,0.3794,0.3786,0.3786,46713.0
2024-10-04 09:45:00,1728035100000,0.3786,0.3791,0.3782,0.3784,55747.8
2024-10-04 09:50:00,1728035400000,0.3784,0.3785,0.3779,0.378,64323.9
2024-10-04 09:55:00,1728035700000,0.3779,0.3784,0.3779,0.3781,55975.1
2024-10-04 10:00:00,1728036000000,0.3781,0.3788,0.378,0.3783,112841.1
2024-10-04 10:05:00,1728036300000,0.3782,0.3786,0.3779,0.3781,108062.7
2024-10-04 10:10:00,1728036600000,0.378,0.3785,0.3778,0.3783,75453.7
2024-10-04 10:15:00,1728036900000,0.3784,0.3787,0.378,0.378,88211.2
2024-10-04 10:20:00,1728037200000,0.3779,0.3785,0.3779,0.3783,151855.4
2024-10-04 10:25:00,1728037500000,0.3783,0.3785,0.378,0.3781,39731.3
2024-10-04 10:30:00,1728037800000,0.3781,0.3787,0.378,0.3787,80635.5
2024-10-04 10:35:00,1728038100000,0.3787,0.3788,0.3785,0.3787,41958.4
2024-10-04 10:40:00,1728038400000,0.3787,0.3788,0.3785,0.3786,40292.2
2024-10-04 10:45:00,1728038700000,0.3787,0.3788,0.3781,0.3781,45542.0
2024-10-04 10:50:00,1728039000000,0.3781,0.3782,0.3775,0.3776,74612.9
2024-10-04 10:55:00,1728039300000,0.3776,0.3777,0.3773,0.3775,82090.1
2024-10-04 11:00:00,1728039600000,0.3775,0.3775,0.3771,0.3774,51212.2
2024-10-04 11:05:00,1728039900000,0.3773,0.3778,0.3772,0.3778,84074.6
2024-10-04 11:10:00,1728040200000,0.3778,0.3783,0.3777,0.3783,46895.5
2024-10-04 11:15:00,1728040500000,0.3783,0.3785,0.378,0.3784,42765.7
2024-10-04 11:20:00,1728040800000,0.3784,0.3786,0.3776,0.3779,37176.5
2024-10-04 11:25:00,1728041100000,0.3778,0.3782,0.3777,0.3779,121265.6
2024-10-04 11:30:00,1728041400000,0.3779,0.3781,0.3777,0.3777,21556.1
2024-10-04 11:35:00,1728041700000,0.3778,0.3785,0.3777,0.3782,42149.0
2024-10-04 11:40:00,1728042000000,0.3782,0.3786,0.3782,0.3782,69514.1
2024-10-04 11:45:00,1728042300000,0.3782,0.3789,0.3782,0.3788,75078.4
2024-10-04 11:50:00,1728042600000,0.3789,0.3795,0.3788,0.3794,71571.4
2024-10-04 11:55:00,1728042900000,0.3793,0.3794,0.3789,0.3792,50857.8
2024-10-04 12:00:00,1728043200000,0.3792,0.3796,0.379,0.3793,105524.3
2024-10-04 12:05:00,1728043500000,0.3793,0.3793,0.3788,0.3788,39882.3
2024-10-04 12:10:00,1728043800000,0.3787,0.3794,0.3787,0.3787,71221.6
2024-10-04 12:15:00,1728044100000,0.3788,0.3794,0.3787,0.3791,100930.9
2024-10-04 12:20:00,1728044400000,0.3791,0.3793,0.3787,0.3791,202690.7
2024-10-04 12:25:00,1728044700000,0.379,0.3793,0.3787,0.3793,114618.6
2024-10-04 12:30:00,1728045000000,0.3792,0.38,0.3765,0.3779,733134.6
2024-10-04 12:35:00,1728045300000,0.378,0.3794,0.3779,0.379,409994.3
2024-10-04 12:40:00,1728045600000,0.379,0.3792,0.3775,0.3775,153690.7
2024-10-04 12:45:00,1728045900000,0.3777,0.3793,0.3776,0.3792,325992.8
2024-10-04 12:50:00,1728046200000,0.3792,0.38,0.3788,0.3797,242609.9
2024-10-04 12:55:00,1728046500000,0.3797,0.3811,0.3796,0.3811,347968.3
2024-10-04 13:00:00,1728046800000,0.381,0.3816,0.3799,0.3799,315245.4
2024-10-04 13:05:00,1728047100000,0.3799,0.3803,0.3793,0.3798,218564.9
2024-10-04 13:10:00,1728047400000,0.3798,0.3808,0.3796,0.3802,100118.2
2024-10-04 13:15:00,1728047700000,0.3802,0.3812,0.38,0.3803,303082.4
2024-10-04 13:20:00,1728048000000,0.3803,0.3808,0.3801,0.3801,92695.5
2024-10-04 13:25:00,1728048300000,0.3801,0.381,0.38,0.3808,167950.3
2024-10-04 13:30:00,1728048600000,0.3808,0.3818,0.3804,0.3816,271077.8
2024-10-04 13:35:00,1728048900000,0.3817,0.3824,0.3815,0.3821,434708.7
2024-10-04 13:40:00,1728049200000,0.3824,0.3827,0.3817,0.382,118169.5
2024-10-04 13:45:00,1728049500000,0.382,0.3821,0.3806,0.3806,187824.4
2024-10-04 13:50:00,1728049800000,0.3807,0.3814,0.38,0.3803,303692.2
2024-10-04 13:55:00,1728050100000,0.3803,0.3803,0.3795,0.38,151998.2
2024-10-04 14:00:00,1728050400000,0.3798,0.3808,0.3796,0.3796,230883.1
2024-10-04 14:05:00,1728050700000,0.3797,0.3812,0.3793,0.3796,253533.2
2024-10-04 14:10:00,1728051000000,0.3795,0.3805,0.3785,0.3799,711599.0
2024-10-04 14:15:00,1728051300000,0.3798,0.3806,0.3796,0.3804,244764.0
2024-10-04 14:20:00,1728051600000,0.3805,0.3805,0.3783,0.3785,147482.9
2024-10-04 14:25:00,1728051900000,0.3785,0.379,0.3771,0.3781,294023.7
2024-10-04 14:30:00,1728052200000,0.3781,0.3782,0.3773,0.3781,318697.4
2024-10-04 14:35:00,1728052500000,0.3781,0.3796,0.3781,0.3786,217268.4
2024-10-04 14:40:00,1728052800000,0.3787,0.3801,0.3787,0.3799,214969.8
2024-10-04 14:45:00,1728053100000,0.3799,0.3801,0.3791,0.3799,81397.1
2024-10-04 14:50:00,1728053400000,0.3798,0.3805,0.3798,0.38,122845.8
2024-10-04 14:55:00,1728053700000,0.38,0.3803,0.3792,0.38,117870.3
2024-10-04 15:00:00,1728054000000,0.3801,0.3815,0.38,0.3813,170126.6
2024-10-04 15:05:00,1728054300000,0.3813,0.3819,0.3811,0.3814,134297.3
2024-10-04 15:10:00,1728054600000,0.3815,0.382,0.3811,0.3813,128434.5
2024-10-04 15:15:00,1728054900000,0.3814,0.382,0.3812,0.3816,53727.8
2024-10-04 15:20:00,1728055200000,0.3815,0.382,0.381,0.3819,89742.2
2024-10-04 15:25:00,1728055500000,0.382,0.3827,0.3814,0.3822,555207.5
2024-10-04 15:30:00,1728055800000,0.3822,0.3822,0.3815,0.3817,119916.8
2024-10-04 15:35:00,1728056100000,0.3818,0.3818,0.3809,0.3812,71352.4
2024-10-04 15:40:00,1728056400000,0.3814,0.3822,0.3811,0.382,119886.2
2024-10-04 15:45:00,1728056700000,0.3819,0.382,0.3811,0.3813,188404.2
2024-10-04 15:50:00,1728057000000,0.3813,0.3819,0.3808,0.3818,142219.6
2024-10-04 15:55:00,1728057300000,0.3818,0.3837,0.3818,0.3837,478857.0
2024-10-04 16:00:00,1728057600000,0.3836,0.3843,0.3835,0.3836,253839.5
2024-10-04 16:05:00,1728057900000,0.3836,0.3844,0.3832,0.3832,122659.7
2024-10-04 16:10:00,1728058200000,0.3833,0.3842,0.3832,0.3833,136192.0
2024-10-04 16:15:00,1728058500000,0.3834,0.3849,0.3834,0.3849,163544.7
2024-10-04 16:20:00,1728058800000,0.3848,0.385,0.3843,0.3848,245718.7
2024-10-04 16:25:00,1728059100000,0.3847,0.385,0.3844,0.3849,151517.8
2024-10-04 16:30:00,1728059400000,0.3849,0.3861,0.3847,0.3857,807651.5
2024-10-04 16:35:00,1728059700000,0.3858,0.3859,0.3852,0.3857,223613.1
2024-10-04 16:40:00,1728060000000,0.3857,0.3858,0.3851,0.3852,242567.8
2024-10-04 16:45:00,1728060300000,0.3851,0.3854,0.3844,0.3852,200190.0
2024-10-04 16:50:00,1728060600000,0.3852,0.3854,0.3846,0.3847,161162.8
2024-10-04 16:55:00,1728060900000,0.3847,0.3849,0.3843,0.3845,116130.7
2024-10-04 17:00:00,1728061200000,0.3846,0.3847,0.3842,0.3847,87862.7
2024-10-04 17:05:00,1728061500000,0.3846,0.3856,0.3846,0.3852,82452.6
2024-10-04 17:10:00,1728061800000,0.3852,0.3854,0.3846,0.3846,118828.7
2024-10-04 17:15:00,1728062100000,0.3847,0.3852,0.3843,0.3843,76590.9
2024-10-04 17:20:00,1728062400000,0.3845,0.3847,0.3843,0.3844,58968.8
2024-10-04 17:25:00,1728062700000,0.3844,0.3844,0.3835,0.3835,489423.8
2024-10-04 17:30:00,1728063000000,0.3836,0.3845,0.3834,0.3841,262894.3
2024-10-04 17:35:00,1728063300000,0.384,0.384,0.3831,0.3835,357549.1
2024-10-04 17:40:00,1728063600000,0.3834,0.3843,0.3831,0.3841,192154.5
2024-10-04 17:45:00,1728063900000,0.384,0.3841,0.3835,0.3835,95742.9
2024-10-04 17:50:00,1728064200000,0.3835,0.3836,0.3832,0.3836,98026.1
2024-10-04 17:55:00,1728064500000,0.3836,0.3839,0.3833,0.3834,228741.9
2024-10-04 18:00:00,1728064800000,0.3834,0.3837,0.3828,0.3828,125673.8
2024-10-04 18:05:00,1728065100000,0.3828,0.3833,0.3824,0.3831,62964.4
2024-10-04 18:10:00,1728065400000,0.383,0.3831,0.3826,0.383,25501.2
2024-10-04 18:15:00,1728065700000,0.383,0.3839,0.3829,0.3836,59010.7
2024-10-04 18:20:00,1728066000000,0.3835,0.3843,0.3835,0.3841,84753.6
2024-10-04 18:25:00,1728066300000,0.3841,0.3844,0.3841,0.3844,36232.5
2024-10-04 18:30:00,1728066600000,0.3845,0.385,0.3844,0.3847,63007.3
2024-10-04 18:35:00,1728066900000,0.3848,0.3854,0.3848,0.385,88916.6
2024-10-04 18:40:00,1728067200000,0.385,0.3855,0.3847,0.3847,88182.2
2024-10-04 18:45:00,1728067500000,0.3848,0.385,0.3843,0.3844,98187.1
2024-10-04 18:50:00,1728067800000,0.3845,0.3852,0.3844,0.3851,25611.4
2024-10-04 18:55:00,1728068100000,0.385,0.3858,0.3847,0.3858,113791.1
2024-10-04 19:00:00,1728068400000,0.3858,0.3861,0.3853,0.3854,125777.0
2024-10-04 19:05:00,1728068700000,0.3854,0.3857,0.3853,0.3854,52104.8
2024-10-04 19:10:00,1728069000000,0.3855,0.3857,0.3854,0.3857,22539.8
2024-10-04 19:15:00,1728069300000,0.3857,0.3859,0.3857,0.3858,59705.9
2024-10-04 19:20:00,1728069600000,0.3857,0.3862,0.3856,0.3856,48599.6
2024-10-04 19:25:00,1728069900000,0.3857,0.386,0.3855,0.3857,103855.7
2024-10-04 19:30:00,1728070200000,0.3857,0.3857,0.3854,0.3855,33551.0
2024-10-04 19:35:00,1728070500000,0.3854,0.3855,0.3848,0.3848,106889.9
2024-10-04 19:40:00,1728070800000,0.3849,0.3852,0.3848,0.3849,57934.0
2024-10-04 19:45:00,1728071100000,0.3849,0.3861,0.3849,0.386,144721.7
2024-10-04 19:50:00,1728071400000,0.386,0.3863,0.3856,0.3858,161096.9
2024-10-04 19:55:00,1728071700000,0.3858,0.3862,0.3856,0.3858,52514.3
2024-10-04 20:00:00,1728072000000,0.3859,0.3859,0.3852,0.3857,45029.6
2024-10-04 20:05:00,1728072300000,0.3856,0.3858,0.385,0.3851,71931.9
2024-10-04 20:10:00,1728072600000,0.3851,0.3852,0.3844,0.385,155570.6
2024-10-04 20:15:00,1728072900000,0.3851,0.3851,0.3845,0.3846,83827.4
2024-10-04 20:20:00,1728073200000,0.3846,0.3851,0.3843,0.3847,78424.9
2024-10-04 20:25:00,1728073500000,0.3847,0.3848,0.3841,0.3844,44668.1
2024-10-04 20:30:00,1728073800000,0.3845,0.3845,0.384,0.3844,51540.0
2024-10-04 20:35:00,1728074100000,0.3843,0.385,0.3843,0.3847,48086.8
2024-10-04 20:40:00,1728074400000,0.3847,0.3854,0.3847,0.3854,93820.4
2024-10-04 20:45:00,1728074700000,0.3855,0.3856,0.3853,0.3856,30142.8
2024-10-04 20:50:00,1728075000000,0.3855,0.3859,0.3855,0.3858,16692.0
2024-10-04 20:55:00,1728075300000,0.3858,0.386,0.3853,0.3855,56988.4
2024-10-04 21:00:00,1728075600000,0.3853,0.3862,0.3853,0.3854,88407.5
2024-10-04 21:05:00,1728075900000,0.3854,0.3857,0.3853,0.3856,33353.0
2024-10-04 21:10:00,1728076200000,0.3856,0.3857,0.3855,0.3855,18121.4
2024-10-04 21:15:00,1728076500000,0.3855,0.3855,0.3853,0.3855,14934.5
2024-10-04 21:20:00,1728076800000,0.3856,0.3856,0.3852,0.3852,40855.3
2024-10-04 21:25:00,1728077100000,0.3852,0.3853,0.3848,0.3848,116727.3
2024-10-04 21:30:00,1728077400000,0.3849,0.3849,0.3847,0.3847,46953.2
2024-10-04 21:35:00,1728077700000,0.3847,0.3848,0.3846,0.3847,32625.5
2024-10-04 21:40:00,1728078000000,0.3848,0.3852,0.3848,0.385,51116.1
2024-10-04 21:45:00,1728078300000,0.3849,0.385,0.3846,0.3849,112130.8
2024-10-04 21:50:00,1728078600000,0.3848,0.385,0.3846,0.3846,46351.8
2024-10-04 21:55:00,1728078900000,0.3846,0.3849,0.3844,0.3844,64094.0
2024-10-04 22:00:00,1728079200000,0.3845,0.385,0.3844,0.3848,29977.2
2024-10-04 22:05:00,1728079500000,0.3848,0.3849,0.3839,0.3844,86018.2
2024-10-04 22:10:00,1728079800000,0.3844,0.3845,0.384,0.3842,56944.4
2024-10-04 22:15:00,1728080100000,0.3842,0.3848,0.384,0.3847,37529.1
2024-10-04 22:20:00,1728080400000,0.3847,0.385,0.3845,0.3848,41574.0
2024-10-04 22:25:00,1728080700000,0.3848,0.3848,0.3843,0.3844,70048.2
2024-10-04 22:30:00,1728081000000,0.3844,0.3844,0.3839,0.3842,94663.6
2024-10-04 22:35:00,1728081300000,0.3842,0.3843,0.3841,0.3843,60065.2
2024-10-04 22:40:00,1728081600000,0.3842,0.3843,0.3837,0.3838,38280.1
2024-10-04 22:45:00,1728081900000,0.3838,0.384,0.3837,0.3838,59381.9
2024-10-04 22:50:00,1728082200000,0.3838,0.3841,0.3837,0.3841,17496.8
2024-10-04 22:55:00,1728082500000,0.384,0.3845,0.384,0.3842,29278.4
2024-10-04 23:00:00,1728082800000,0.3842,0.3842,0.3837,0.3839,53905.1
2024-10-04 23:05:00,1728083100000,0.3838,0.3842,0.3832,0.3835,86051.0
2024-10-04 23:10:00,1728083400000,0.3835,0.3838,0.3835,0.3837,18059.4
2024-10-04 23:15:00,1728083700000,0.3836,0.3839,0.3833,0.3835,70942.7
2024-10-04 23:20:00,1728084000000,0.3835,0.3836,0.3833,0.3836,18966.2
2024-10-04 23:25:00,1728084300000,0.3835,0.3836,0.3832,0.3832,48745.8
2024-10-04 23:30:00,1728084600000,0.3833,0.3835,0.3831,0.3834,127163.1
2024-10-04 23:35:00,1728084900000,0.3834,0.3836,0.3833,0.3833,133804.8
2024-10-04 23:40:00,1728085200000,0.3833,0.3836,0.3831,0.3835,102711.0
2024-10-04 23:45:00,1728085500000,0.3836,0.3838,0.3835,0.3836,63863.3
2024-10-04 23:50:00,1728085800000,0.3836,0.3844,0.3836,0.3843,56884.2
2024-10-04 23:55:00,1728086100000,0.3843,0.3843,0.3837,0.3838,61798.2
2024-10-05 00:00:00,1728086400000,0.3839,0.3845,0.3838,0.3845,73554.6
2024-10-05 00:05:00,1728086700000,0.3846,0.3846,0.3842,0.3845,55809.7
2024-10-05 00:10:00,1728087000000,0.3845,0.3848,0.3843,0.3845,93378.0
2024-10-05 00:15:00,1728087300000,0.3846,0.3849,0.3845,0.3846,22218.4
2024-10-05 00:20:00,1728087600000,0.3845,0.3846,0.3842,0.3843,16981.8
2024-10-05 00:25:00,1728087900000,0.3842,0.3846,0.3842,0.3844,45389.8
2024-10-05 00:30:00,1728088200000,0.3845,0.3849,0.3845,0.3848,68472.4
2024-10-05 00:35:00,1728088500000,0.3848,0.385,0.3847,0.385,45210.8
2024-10-05 00:40:00,1728088800000,0.3849,0.3852,0.3849,0.385,99750.5
2024-10-05 00:45:00,1728089100000,0.385,0.3852,0.3848,0.385,40828.1
2024-10-05 00:50:00,1728089400000,0.3852,0.3852,0.3851,0.3852,199407.2
2024-10-05 00:55:00,1728089700000,0.3851,0.3857,0.3851,0.3856,77189.5
2024-10-05 01:00:00,1728090000000,0.3856,0.3859,0.385,0.3851,179153.5
2024-10-05 01:05:00,1728090300000,0.3851,0.3854,0.3849,0.3851,67660.9
2024-10-05 01:10:00,1728090600000,0.3851,0.3858,0.385,0.385,191922.4
2024-10-05 01:15:00,1728090900000,0.385,0.3851,0.3843,0.3844,77843.6
2024-10-05 01:20:00,1728091200000,0.3844,0.3845,0.3838,0.3842,115329.3
2024-10-05 01:25:00,1728091500000,0.384,0.3841,0.3833,0.3833,157332.7
2024-10-05 01:30:00,1728091800000,0.3833,0.3834,0.3829,0.383,103357.1
2024-10-05 01:35:00,1728092100000,0.3829,0.3832,0.3827,0.3832,64210.8
2024-10-05 01:40:00,1728092400000,0.3832,0.3836,0.3831,0.3835,18632.3
2024-10-05 01:45:00,1728092700000,0.3835,0.3841,0.3835,0.3837,56227.3
2024-10-05 01:50:00,1728093000000,0.3837,0.3838,0.3834,0.3835,17009.9
2024-10-05 01:55:00,1728093300000,0.3834,0.3836,0.3833,0.3835,31450.2
2024-10-05 02:00:00,1728093600000,0.3835,0.3835,0.3829,0.383,48747.6
2024-10-05 02:05:00,1728093900000,0.383,0.3831,0.3825,0.3827,55407.0
2024-10-05 02:10:00,1728094200000,0.3827,0.3827,0.3823,0.3825,90035.4
2024-10-05 02:15:00,1728094500000,0.3824,0.3832,0.3824,0.3832,47778.3
2024-10-05 02:20:00,1728094800000,0.3832,0.3833,0.3828,0.383,17485.6
2024-10-05 02:25:00,1728095100000,0.383,0.383,0.3827,0.3829,18049.3
2024-10-05 02:30:00,1728095400000,0.3829,0.3829,0.3826,0.3826,30422.3
2024-10-05 02:35:00,1728095700000,0.3827,0.3828,0.3825,0.3826,13549.7
2024-10-05 02:40:00,1728096000000,0.3826,0.3827,0.3824,0.3825,9611.3
2024-10-05 02:45:00,1728096300000,0.3823,0.3824,0.3816,0.3816,57495.4
2024-10-05 02:50:00,1728096600000,0.3817,0.3817,0.3808,0.3808,72127.5
2024-10-05 02:55:00,1728096900000,0.3809,0.3809,0.3804,0.3805,73343.2
2024-10-05 03:00:00,1728097200000,0.3805,0.3808,0.3794,0.3807,399200.9
2024-10-05 03:05:00,1728097500000,0.3808,0.381,0.3803,0.381,127540.2
2024-10-05 03:10:00,1728097800000,0.3809,0.3812,0.3807,0.3809,67533.5
2024-10-05 03:15:00,1728098100000,0.3807,0.3813,0.3804,0.3812,44987.3
2024-10-05 03:20:00,1728098400000,0.3812,0.3812,0.3808,0.3811,65055.2
2024-10-05 03:25:00,1728098700000,0.381,0.381,0.3807,0.3809,27497.9
2024-10-05 03:30:00,1728099000000,0.381,0.3814,0.3807,0.3807,30875.0
2024-10-05 03:35:00,1728099300000,0.3807,0.3809,0.3805,0.3808,33071.0
2024-10-05 03:40:00,1728099600000,0.3809,0.3812,0.3807,0.3809,91114.9
2024-10-05 03:45:00,1728099900000,0.3808,0.381,0.3806,0.3807,47411.7
2024-10-05 03:50:00,1728100200000,0.3808,0.3813,0.3808,0.3811,46984.6
2024-10-05 03:55:00,1728100500000,0.3811,0.3811,0.3805,0.3806,18294.7
2024-10-05 04:00:00,1728100800000,0.3807,0.3812,0.3804,0.3804,73305.6
2024-10-05 04:05:00,1728101100000,0.3803,0.3803,0.3799,0.3801,93980.3
2024-10-05 04:10:00,1728101400000,0.3801,0.3805,0.3798,0.3802,48193.9
2024-10-05 04:15:00,1728101700000,0.3802,0.3806,0.38,0.3804,59236.3
2024-10-05 04:20:00,1728102000000,0.3805,0.3811,0.3805,0.3809,58610.2
2024-10-05 04:25:00,1728102300000,0.3809,0.3825,0.3808,0.3824,142221.8
2024-10-05 04:30:00,1728102600000,0.3824,0.3827,0.3824,0.3824,123168.7
2024-10-05 04:35:00,1728102900000,0.3825,0.383,0.3823,0.3829,37136.9
2024-10-05 04:40:00,1728103200000,0.383,0.3832,0.3829,0.3831,53048.8
2024-10-05 04:45:00,1728103500000,0.3832,0.3833,0.3825,0.3825,85725.1
2024-10-05 04:50:00,1728103800000,0.3825,0.383,0.3823,0.3828,219259.1
2024-10-05 04:55:00,1728104100000,0.3828,0.383,0.3827,0.3829,54537.2
2024-10-05 05:00:00,1728104400000,0.3828,0.3832,0.3828,0.383,42683.7
2024-10-05 05:05:00,1728104700000,0.3829,0.3835,0.3829,0.3832,119060.2
2024-10-05 05:10:00,1728105000000,0.3833,0.3839,0.3833,0.3835,95522.2
2024-10-05 05:15:00,1728105300000,0.3835,0.3836,0.3833,0.3835,51303.4
2024-10-05 05:20:00,1728105600000,0.3835,0.3839,0.3835,0.3837,40363.5
2024-10-05 05:25:00,1728105900000,0.3836,0.3836,0.3834,0.3834,19380.3
2024-10-05 05:30:00,1728106200000,0.3834,0.3841,0.3833,0.384,48519.4
2024-10-05 05:35:00,1728106500000,0.384,0.3841,0.3836,0.3837,46204.3
2024-10-05 05:40:00,1728106800000,0.3837,0.3844,0.3835,0.3844,112842.0
2024-10-05 05:45:00,1728107100000,0.3843,0.3845,0.3841,0.3843,34259.8
2024-10-05 05:50:00,1728107400000,0.3842,0.3843,0.3839,0.3842,17951.8
2024-10-05 05:55:00,1728107700000,0.3841,0.3842,0.384,0.3842,17603.0
2024-10-05 06:00:00,1728108000000,0.3841,0.3842,0.3833,0.3834,31471.4
2024-10-05 06:05:00,1728108300000,0.3833,0.3836,0.3831,0.3832,79385.8
2024-10-05 06:10:00,1728108600000,0.3834,0.3835,0.3831,0.3832,35286.2
2024-10-05 06:15:00,1728108900000,0.3831,0.3838,0.3831,0.3837,37371.0
2024-10-05 06:20:00,1728109200000,0.3838,0.3844,0.3837,0.3844,20560.2
2024-10-05 06:25:00,1728109500000,0.3844,0.3853,0.3844,0.3848,144626.3
2024-10-05 06:30:00,1728109800000,0.3847,0.3847,0.3843,0.3843,16925.8
2024-10-05 06:35:00,1728110100000,0.3844,0.385,0.3844,0.3848,64828.4
2024-10-05 06:40:00,1728110400000,0.3848,0.3849,0.3847,0.3849,27232.0
2024-10-05 06:45:00,1728110700000,0.385,0.3853,0.3849,0.385,52118.8
2024-10-05 06:50:00,1728111000000,0.3849,0.3855,0.3849,0.3854,78135.7
2024-10-05 06:55:00,1728111300000,0.3854,0.3855,0.385,0.3851,23401.4
2024-10-05 07:00:00,1728111600000,0.3852,0.3854,0.3849,0.3849,98605.4
2024-10-05 07:05:00,1728111900000,0.3849,0.385,0.3848,0.3849,23504.2
2024-10-05 07:10:00,1728112200000,0.3849,0.3849,0.3847,0.3848,6739.9
2024-10-05 07:15:00,1728112500000,0.3847,0.3852,0.3847,0.3852,61978.8
2024-10-05 07:20:00,1728112800000,0.3853,0.3853,0.3849,0.385,26259.4
2024-10-05 07:25:00,1728113100000,0.385,0.385,0.3841,0.3841,28568.2
2024-10-05 07:30:00,1728113400000,0.3841,0.3847,0.3839,0.3847,37490.9
2024-10-05 07:35:00,1728113700000,0.3847,0.3852,0.3847,0.385,84433.6
2024-10-05 07:40:00,1728114000000,0.3851,0.3857,0.3844,0.3846,269147.8
2024-10-05 07:45:00,1728114300000,0.3844,0.3847,0.3844,0.3845,27984.6
2024-10-05 07:50:00,1728114600000,0.3844,0.3846,0.3842,0.3843,34047.5
2024-10-05 07:55:00,1728114900000,0.3843,0.3844,0.3838,0.3839,24261.3
2024-10-05 08:00:00,1728115200000,0.3839,0.3843,0.3835,0.3842,70441.6
2024-10-05 08:05:00,1728115500000,0.3842,0.3844,0.384,0.3843,13862.4
2024-10-05 08:10:00,1728115800000,0.3844,0.3845,0.384,0.3844,20060.4
2024-10-05 08:15:00,1728116100000,0.3843,0.3844,0.384,0.3843,18814.2
2024-10-05 08:20:00,1728116400000,0.3843,0.3845,0.3843,0.3844,19168.8
2024-10-05 08:25:00,1728116700000,0.3844,0.3845,0.3842,0.3844,39581.6
2024-10-05 08:30:00,1728117000000,0.3843,0.3847,0.3842,0.3843,26514.2
2024-10-05 08:35:00,1728117300000,0.3843,0.3844,0.3833,0.3834,126467.5
2024-10-05 08:40:00,1728117600000,0.3834,0.3835,0.3831,0.3833,58186.4
2024-10-05 08:45:00,1728117900000,0.3833,0.3834,0.383,0.3833,63910.8
2024-10-05 08:50:00,1728118200000,0.3832,0.3834,0.3831,0.3832,54172.1
2024-10-05 08:55:00,1728118500000,0.3832,0.3834,0.383,0.3834,43398.0
2024-10-05 09:00:00,1728118800000,0.3833,0.3833,0.3828,0.3829,49167.2
2024-10-05 09:05:00,1728119100000,0.3829,0.3834,0.3829,0.3834,32235.9
2024-10-05 09:10:00,1728119400000,0.3833,0.3838,0.3832,0.3837,65782.8
2024-10-05 09:15:00,1728119700000,0.3837,0.3838,0.3831,0.3831,45730.4
2024-10-05 09:20:00,1728120000000,0.3832,0.3837,0.3829,0.3833,35292.7
2024-10-05 09:25:00,1728120300000,0.3833,0.3836,0.3833,0.3836,20651.4
2024-10-05 09:30:00,1728120600000,0.3836,0.3837,0.3833,0.3834,10995.1
2024-10-05 09:35:00,1728120900000,0.3833,0.384,0.3832,0.384,37167.8
2024-10-05 09:40:00,1728121200000,0.3839,0.3843,0.3839,0.3842,26663.6
2024-10-05 09:45:00,1728121500000,0.3841,0.3845,0.3841,0.3843,19673.4
2024-10-05 09:50:00,1728121800000,0.3845,0.3847,0.3841,0.3843,42894.9
2024-10-05 09:55:00,1728122100000,0.3842,0.3847,0.3842,0.3845,16270.4
2024-10-05 10:00:00,1728122400000,0.3845,0.3847,0.3842,0.3843,25318.8
2024-10-05 10:05:00,1728122700000,0.3844,0.3846,0.3842,0.3846,11312.8
2024-10-05 10:10:00,1728123000000,0.3846,0.3848,0.3845,0.3846,29517.2
2024-10-05 10:15:00,1728123300000,0.3846,0.3849,0.3845,0.3848,30334.8
2024-10-05 10:20:00,1728123600000,0.3849,0.3849,0.3837,0.3838,57917.5
2024-10-05 10:25:00,1728123900000,0.3838,0.3842,0.3834,0.3842,143236.6
2024-10-05 10:30:00,1728124200000,0.3841,0.3844,0.3838,0.3843,52289.3
2024-10-05 10:35:00,1728124500000,0.3843,0.3844,0.384,0.3843,69524.2
2024-10-05 10:40:00,1728124800000,0.3843,0.3843,0.3838,0.3841,56202.6
2024-10-05 10:45:00,1728125100000,0.3842,0.3843,0.3839,0.3841,44920.3
2024-10-05 10:50:00,1728125400000,0.384,0.3841,0.3837,0.384,42265.2
2024-10-05 10:55:00,1728125700000,0.3839,0.384,0.3838,0.3838,21217.5
2024-10-05 11:00:00,1728126000000,0.3838,0.3842,0.3836,0.3841,50038.1
2024-10-05 11:05:00,1728126300000,0.3841,0.3845,0.3839,0.3844,44284.5
2024-10-05 11:10:00,1728126600000,0.3845,0.3846,0.3844,0.3846,26153.3
2024-10-05 11:15:00,1728126900000,0.3846,0.3846,0.3838,0.384,58867.4
2024-10-05 11:20:00,1728127200000,0.3839,0.3842,0.3839,0.384,62975.2
2024-10-05 11:25:00,1728127500000,0.384,0.3841,0.3839,0.3841,32971.5
2024-10-05 11:30:00,1728127800000,0.3841,0.3844,0.3839,0.3844,53591.3
2024-10-05 11:35:00,1728128100000,0.3843,0.3845,0.3843,0.3844,5828.9
2024-10-05 11:40:00,1728128400000,0.3844,0.3845,0.384,0.384,25409.3
2024-10-05 11:45:00,1728128700000,0.384,0.3841,0.3839,0.3841,16336.4
2024-10-05 11:50:00,1728129000000,0.384,0.3842,0.3839,0.3841,64860.4
2024-10-05 11:55:00,1728129300000,0.3841,0.3842,0.3839,0.384,28729.7
2024-10-05 12:00:00,1728129600000,0.3841,0.3845,0.384,0.3845,42468.7
2024-10-05 12:05:00,1728129900000,0.3844,0.385,0.3842,0.3842,68508.8
2024-10-05 12:10:00,1728130200000,0.3842,0.3845,0.3837,0.3839,123458.7
2024-10-05 12:15:00,1728130500000,0.3838,0.3841,0.3838,0.384,15450.0
2024-10-05 12:20:00,1728130800000,0.3841,0.3844,0.3841,0.3842,34438.9
2024-10-05 12:25:00,1728131100000,0.3842,0.3843,0.3841,0.3843,2613.0
2024-10-05 12:30:00,1728131400000,0.3843,0.3847,0.3841,0.3846,136946.2
2024-10-05 12:35:00,1728131700000,0.3846,0.3848,0.3845,0.3845,50962.3
2024-10-05 12:40:00,1728132000000,0.3845,0.3845,0.3841,0.3842,49206.6
2024-10-05 12:45:00,1728132300000,0.3843,0.3845,0.3842,0.3845,22069.5
2024-10-05 12:50:00,1728132600000,0.3845,0.3848,0.3845,0.3846,7372.2
2024-10-05 12:55:00,1728132900000,0.3846,0.3849,0.3844,0.3849,29422.4
2024-10-05 13:00:00,1728133200000,0.3848,0.3852,0.3842,0.3843,208702.2
2024-10-05 13:05:00,1728133500000,0.3843,0.3843,0.3837,0.384,127055.8
2024-10-05 13:10:00,1728133800000,0.384,0.3845,0.3839,0.3842,56283.4
2024-10-05 13:15:00,1728134100000,0.3843,0.3847,0.3843,0.3845,27082.3
2024-10-05 13:20:00,1728134400000,0.3845,0.3846,0.384,0.3841,38264.9
2024-10-05 13:25:00,1728134700000,0.3841,0.3841,0.3838,0.3838,36296.3
2024-10-05 13:30:00,1728135000000,0.3838,0.3841,0.3837,0.3838,86907.1
2024-10-05 13:35:00,1728135300000,0.3838,0.3842,0.3838,0.3842,77662.9
2024-10-05 13:40:00,1728135600000,0.3842,0.3842,0.3827,0.3828,96820.7
2024-10-05 13:45:00,1728135900000,0.3828,0.3828,0.3822,0.3824,76845.7
2024-10-05 13:50:00,1728136200000,0.3823,0.3825,0.3822,0.3824,27527.0
2024-10-05 13:55:00,1728136500000,0.3824,0.3824,0.3819,0.3821,79991.9
2024-10-05 14:00:00,1728136800000,0.3821,0.3827,0.3821,0.3827,91760.4
2024-10-05 14:05:00,1728137100000,0.3827,0.3828,0.3819,0.3819,46647.7
2024-10-05 14:10:00,1728137400000,0.382,0.382,0.3811,0.3813,71973.3
2024-10-05 14:15:00,1728137700000,0.3813,0.3818,0.3804,0.3815,276807.0
2024-10-05 14:20:00,1728138000000,0.3815,0.3823,0.3815,0.3817,41879.5
2024-10-05 14:25:00,1728138300000,0.3817,0.3823,0.3817,0.3819,52509.9
2024-10-05 14:30:00,1728138600000,0.382,0.3822,0.381,0.381,178604.7
2024-10-05 14:35:00,1728138900000,0.3811,0.3816,0.3811,0.3815,81976.2
2024-10-05 14:40:00,1728139200000,0.3813,0.382,0.3813,0.3819,48568.6
2024-10-05 14:45:00,1728139500000,0.3819,0.3825,0.3819,0.3822,67057.3
2024-10-05 14:50:00,1728139800000,0.3822,0.3823,0.3817,0.3817,24957.4
2024-10-05 14:55:00,1728140100000,0.3817,0.3818,0.3813,0.3814,46007.4
2024-10-05 15:00:00,1728140400000,0.3814,0.382,0.3813,0.3815,84765.3
2024-10-05 15:05:00,1728140700000,0.3815,0.3816,0.381,0.381,40063.2
2024-10-05 15:10:00,1728141000000,0.381,0.3811,0.3804,0.3805,70076.5
2024-10-05 15:15:00,1728141300000,0.3805,0.3812,0.3805,0.3809,85100.9
2024-10-05 15:20:00,1728141600000,0.3811,0.3817,0.3811,0.3817,19778.9
2024-10-05 15:25:00,1728141900000,0.3817,0.3818,0.3812,0.3815,141569.4
2024-10-05 15:30:00,1728142200000,0.3816,0.3818,0.3814,0.3816,32233.7
2024-10-05 15:35:00,1728142500000,0.3816,0.3817,0.3815,0.3816,9043.5
2024-10-05 15:40:00,1728142800000,0.3816,0.3818,0.3814,0.3818,12896.5
2024-10-05 15:45:00,1728143100000,0.3817,0.3819,0.3813,0.3819,67433.7
2024-10-05 15:50:00,1728143400000,0.3818,0.3824,0.3817,0.3822,25058.3
2024-10-05 15:55:00,1728143700000,0.3822,0.3823,0.382,0.3821,45808.9
2024-10-05 16:00:00,1728144000000,0.382,0.3827,0.3818,0.3819,58536.4
2024-10-05 16:05:00,1728144300000,0.382,0.3821,0.381,0.3811,36859.3
2024-10-05 16:10:00,1728144600000,0.3811,0.3814,0.3807,0.3808,35588.3
2024-10-05 16:15:00,1728144900000,0.3808,0.3813,0.3802,0.3811,142462.9
2024-10-05 16:20:00,1728145200000,0.381,0.3817,0.381,0.3817,39410.0
2024-10-05 16:25:00,1728145500000,0.3817,0.382,0.3815,0.3815,19160.0
2024-10-05 16:30:00,1728145800000,0.3815,0.3818,0.3803,0.3806,108610.3
2024-10-05 16:35:00,1728146100000,0.3806,0.3807,0.3798,0.3802,189725.3
2024-10-05 16:40:00,1728146400000,0.3802,0.3803,0.3798,0.3802,72569.6
2024-10-05 16:45:00,1728146700000,0.3802,0.3807,0.3799,0.3799,41038.2
2024-10-05 16:50:00,1728147000000,0.3799,0.3804,0.3795,0.3796,80784.8
2024-10-05 16:55:00,1728147300000,0.3796,0.3798,0.3792,0.3795,94746.3
2024-10-05 17:00:00,1728147600000,0.3795,0.3797,0.3775,0.3791,605888.4
2024-10-05 17:05:00,1728147900000,0.3791,0.3791,0.3784,0.3785,71100.5
2024-10-05 17:10:00,1728148200000,0.3784,0.3789,0.3784,0.3788,39181.0
2024-10-05 17:15:00,1728148500000,0.3787,0.3791,0.3787,0.3789,27189.9
2024-10-05 17:20:00,1728148800000,0.379,0.3796,0.379,0.3793,72482.4
2024-10-05 17:25:00,1728149100000,0.3793,0.3794,0.3789,0.379,28385.9
2024-10-05 17:30:00,1728149400000,0.3791,0.3798,0.379,0.3798,47918.6
2024-10-05 17:35:00,1728149700000,0.3798,0.38,0.3795,0.3797,64789.7
2024-10-05 17:40:00,1728150000000,0.3796,0.3797,0.3784,0.3784,128717.9
2024-10-05 17:45:00,1728150300000,0.3785,0.3785,0.3779,0.3782,192120.3
2024-10-05 17:50:00,1728150600000,0.3781,0.3783,0.3778,0.3783,43348.5
2024-10-05 17:55:00,1728150900000,0.3782,0.3784,0.3781,0.3784,15302.6
2024-10-05 18:00:00,1728151200000,0.3784,0.3802,0.3784,0.3798,401076.3
2024-10-05 18:05:00,1728151500000,0.3798,0.3798,0.3792,0.3793,87834.6
2024-10-05 18:10:00,1728151800000,0.3792,0.3793,0.3789,0.3792,52682.6
2024-10-05 18:15:00,1728152100000,0.3791,0.3795,0.3791,0.3793,23359.6
2024-10-05 18:20:00,1728152400000,0.3793,0.3797,0.3792,0.3794,37654.2
2024-10-05 18:25:00,1728152700000,0.3793,0.3793,0.379,0.3791,34266.4
2024-10-05 18:30:00,1728153000000,0.3791,0.3793,0.3787,0.3788,12845.6
2024-10-05 18:35:00,1728153300000,0.3789,0.379,0.3785,0.3785,31820.7
2024-10-05 18:40:00,1728153600000,0.3785,0.3785,0.378,0.378,57532.3
2024-10-05 18:45:00,1728153900000,0.3779,0.378,0.3773,0.3774,68564.4
2024-10-05 18:50:00,1728154200000,0.3773,0.3776,0.3773,0.3775,28761.2
2024-10-05 18:55:00,1728154500000,0.3776,0.3779,0.3772,0.3772,247364.0
2024-10-05 19:00:00,1728154800000,0.3772,0.3772,0.3763,0.3764,156330.0
2024-10-05 19:05:00,1728155100000,0.3764,0.3774,0.3762,0.3769,86225.5
2024-10-05 19:10:00,1728155400000,0.377,0.3773,0.3767,0.377,30112.0
2024-10-05 19:15:00,1728155700000,0.377,0.3772,0.3761,0.3762,115035.3
2024-10-05 19:20:00,1728156000000,0.3762,0.3767,0.3759,0.3761,110083.0
2024-10-05 19:25:00,1728156300000,0.3761,0.3772,0.3761,0.377,46432.4
2024-10-05 19:30:00,1728156600000,0.3772,0.3772,0.3765,0.3766,41990.8
2024-10-05 19:35:00,1728156900000,0.3765,0.3769,0.3765,0.3767,51885.2
2024-10-05 19:40:00,1728157200000,0.3768,0.3769,0.3766,0.3766,12361.3
2024-10-05 19:45:00,1728157500000,0.3763,0.3766,0.3762,0.3763,59068.5
2024-10-05 19:50:00,1728157800000,0.3764,0.3766,0.3763,0.3766,36921.0
2024-10-05 19:55:00,1728158100000,0.3765,0.377,0.3765,0.377,47647.3
2024-10-05 20:00:00,1728158400000,0.377,0.3778,0.3768,0.3768,191681.5
2024-10-05 20:05:00,1728158700000,0.3769,0.3769,0.376,0.3762,81400.1
2024-10-05 20:10:00,1728159000000,0.3762,0.3777,0.3762,0.3776,189275.4
2024-10-05 20:15:00,1728159300000,0.3776,0.3779,0.3769,0.3774,90047.7
2024-10-05 20:20:00,1728159600000,0.3775,0.3777,0.3772,0.3773,54069.8
2024-10-05 20:25:00,1728159900000,0.3773,0.3782,0.3773,0.3781,36310.9
2024-10-05 20:30:00,1728160200000,0.3781,0.3785,0.3778,0.378,50092.6
2024-10-05 20:35:00,1728160500000,0.378,0.378,0.3771,0.3773,210491.6
2024-10-05 20:40:00,1728160800000,0.3773,0.3775,0.3771,0.3774,76542.7
2024-10-05 20:45:00,1728161100000,0.3775,0.3775,0.3765,0.3769,33105.9
2024-10-05 20:50:00,1728161400000,0.3768,0.3769,0.3765,0.3766,58928.1
2024-10-05 20:55:00,1728161700000,0.3766,0.3767,0.3764,0.3765,16406.7
2024-10-05 21:00:00,1728162000000,0.3765,0.3768,0.3762,0.3767,35061.7
2024-10-05 21:05:00,1728162300000,0.3767,0.3773,0.3764,0.3773,78833.2
2024-10-05 21:10:00,1728162600000,0.3773,0.3781,0.3772,0.3781,51805.4
2024-10-05 21:15:00,1728162900000,0.378,0.3784,0.3779,0.3784,140342.0
2024-10-05 21:20:00,1728163200000,0.3784,0.3788,0.3782,0.3786,112416.8
2024-10-05 21:25:00,1728163500000,0.3786,0.3787,0.3785,0.3786,16305.7
2024-10-05 21:30:00,1728163800000,0.3786,0.3792,0.3785,0.3791,58708.8
2024-10-05 21:35:00,1728164100000,0.3792,0.3792,0.3789,0.3791,29248.2
2024-10-05 21:40:00,1728164400000,0.3791,0.3793,0.3788,0.3789,18997.0
2024-10-05 21:45:00,1728164700000,0.3788,0.3788,0.3785,0.3786,52716.1
2024-10-05 21:50:00,1728165000000,0.3786,0.3788,0.3786,0.3787,11915.3
2024-10-05 21:55:00,1728165300000,0.3786,0.3787,0.3782,0.3782,39938.5
2024-10-05 22:00:00,1728165600000,0.3783,0.3791,0.3782,0.3791,35947.0
2024-10-05 22:05:00,1728165900000,0.3791,0.3793,0.379,0.3791,28095.8
2024-10-05 22:10:00,1728166200000,0.3791,0.3792,0.3789,0.379,26833.6
2024-10-05 22:15:00,1728166500000,0.3788,0.3792,0.3787,0.3791,77879.1
2024-10-05 22:20:00,1728166800000,0.3791,0.3793,0.379,0.3793,22626.2
2024-10-05 22:25:00,1728167100000,0.3792,0.3795,0.3792,0.3794,39884.2
2024-10-05 22:30:00,1728167400000,0.3795,0.3796,0.3793,0.3795,25483.2
2024-10-05 22:35:00,1728167700000,0.3796,0.3801,0.3796,0.3799,80694.6
2024-10-05 22:40:00,1728168000000,0.3798,0.3798,0.3795,0.3798,56179.9
2024-10-05 22:45:00,1728168300000,0.3798,0.3799,0.3797,0.3799,8692.4
2024-10-05 22:50:00,1728168600000,0.3798,0.38,0.3798,0.38,40778.9
2024-10-05 22:55:00,1728168900000,0.38,0.3801,0.3799,0.3799,15889.4
2024-10-05 23:00:00,1728169200000,0.38,0.38,0.3794,0.3796,40480.3
2024-10-05 23:05:00,1728169500000,0.3796,0.3796,0.3791,0.3793,42729.7
2024-10-05 23:10:00,1728169800000,0.3793,0.3795,0.3793,0.3793,28001.2
2024-10-05 23:15:00,1728170100000,0.3794,0.3794,0.379,0.3793,37461.9
2024-10-05 23:20:00,1728170400000,0.3791,0.3792,0.3789,0.3791,21246.4
2024-10-05 23:25:00,1728170700000,0.3792,0.3792,0.379,0.3792,11769.3
2024-10-05 23:30:00,1728171000000,0.3792,0.3793,0.3791,0.3792,13009.8
2024-10-05 23:35:00,1728171300000,0.3791,0.3793,0.379,0.3792,15595.8
2024-10-05 23:40:00,1728171600000,0.3793,0.3794,0.3792,0.3793,25521.0
2024-10-05 23:45:00,1728171900000,0.3794,0.3795,0.3794,0.3794,14412.7
2024-10-05 23:50:00,1728172200000,0.3794,0.3794,0.3793,0.3794,8702.2
2024-10-05 23:55:00,1728172500000,0.3794,0.3795,0.3793,0.3794,24714.2
2024-10-06 00:00:00,1728172800000,0.3794,0.3798,0.3791,0.3792,143673.2
2024-10-06 00:05:00,1728173100000,0.3793,0.3794,0.3789,0.379,43809.4
2024-10-06 00:10:00,1728173400000,0.3789,0.3792,0.3789,0.3792,28429.3
2024-10-06 00:15:00,1728173700000,0.3792,0.3795,0.3791,0.3793,84557.6
2024-10-06 00:20:00,1728174000000,0.3794,0.3797,0.3792,0.3795,112140.6
2024-10-06 00:25:00,1728174300000,0.3796,0.3797,0.3795,0.3795,51111.1
2024-10-06 00:30:00,1728174600000,0.3795,0.3795,0.3792,0.3792,23420.7
2024-10-06 00:35:00,1728174900000,0.3793,0.3793,0.3788,0.3789,79636.2
2024-10-06 00:40:00,1728175200000,0.3788,0.3788,0.3786,0.3788,29924.9
2024-10-06 00:45:00,1728175500000,0.3788,0.3789,0.3785,0.3787,51472.3
2024-10-06 00:50:00,1728175800000,0.3787,0.3788,0.3781,0.3786,47442.7
2024-10-06 00:55:00,1728176100000,0.3786,0.3788,0.3785,0.3788,23663.9
2024-10-06 01:00:00,1728176400000,0.3788,0.3794,0.3787,0.3793,45065.5
2024-10-06 01:05:00,1728176700000,0.3793,0.3794,0.379,0.3792,38368.2
2024-10-06 01:10:00,1728177000000,0.3791,0.3799,0.3791,0.3798,62960.8
2024-10-06 01:15:00,1728177300000,0.3799,0.3799,0.3794,0.3794,19667.6
2024-10-06 01:20:00,1728177600000,0.3794,0.3803,0.3794,0.3802,98550.5
2024-10-06 01:25:00,1728177900000,0.3802,0.3812,0.3802,0.3809,88738.3
2024-10-06 01:30:00,1728178200000,0.3809,0.381,0.3805,0.381,86296.6
2024-10-06 01:35:00,1728178500000,0.3809,0.3809,0.3804,0.3806,71409.7
2024-10-06 01:40:00,1728178800000,0.3806,0.3806,0.3803,0.3804,73409.9
2024-10-06 01:45:00,1728179100000,0.3804,0.3804,0.3793,0.3795,74233.4
2024-10-06 01:50:00,1728179400000,0.3795,0.3799,0.3795,0.3799,24210.9
2024-10-06 01:55:00,1728179700000,0.3799,0.3812,0.3799,0.3808,97602.8
2024-10-06 02:00:00,1728180000000,0.3809,0.3812,0.3805,0.3805,64693.0
2024-10-06 02:05:00,1728180300000,0.3805,0.3806,0.3802,0.3802,18270.1
2024-10-06 02:10:00,1728180600000,0.3802,0.3806,0.3801,0.3804,26579.2
2024-10-06 02:15:00,1728180900000,0.3804,0.3808,0.3804,0.3806,43640.9
2024-10-06 02:20:00,1728181200000,0.3807,0.3808,0.3804,0.3806,39984.5
2024-10-06 02:25:00,1728181500000,0.3806,0.3808,0.3806,0.3806,8500.5
2024-10-06 02:30:00,1728181800000,0.3806,0.3808,0.3803,0.3803,21946.5
2024-10-06 02:35:00,1728182100000,0.3803,0.3803,0.3793,0.3796,108860.6
2024-10-06 02:40:00,1728182400000,0.3795,0.3798,0.3795,0.3797,25066.1
2024-10-06 02:45:00,1728182700000,0.3799,0.3799,0.3796,0.3799,28134.5
2024-10-06 02:50:00,1728183000000,0.3799,0.3799,0.3795,0.3795,22621.5
2024-10-06 02:55:00,1728183300000,0.3793,0.3799,0.3793,0.3798,25851.4
2024-10-06 03:00:00,1728183600000,0.3798,0.3798,0.3794,0.3794,19675.4
2024-10-06 03:05:00,1728183900000,0.3793,0.3798,0.3793,0.3795,29339.0
2024-10-06 03:10:00,1728184200000,0.3793,0.3799,0.3792,0.3796,34285.9
2024-10-06 03:15:00,1728184500000,0.3797,0.3802,0.3795,0.3802,25961.2
2024-10-06 03:20:00,1728184800000,0.3802,0.3802,0.3799,0.3799,31226.7
2024-10-06 03:25:00,1728185100000,0.3799,0.3799,0.3792,0.3795,35173.9
2024-10-06 03:30:00,1728185400000,0.3794,0.3797,0.3794,0.3797,10189.6
2024-10-06 03:35:00,1728185700000,0.3797,0.3797,0.3789,0.3789,35494.1
2024-10-06 03:40:00,1728186000000,0.3788,0.3788,0.3785,0.3786,44450.1
2024-10-06 03:45:00,1728186300000,0.3786,0.3787,0.3783,0.3785,53208.7
2024-10-06 03:50:00,1728186600000,0.3785,0.3786,0.378,0.378,21355.6
2024-10-06 03:55:00,1728186900000,0.3779,0.3782,0.3778,0.378,61378.5
2024-10-06 04:00:00,1728187200000,0.3781,0.3787,0.378,0.3787,44734.1
2024-10-06 04:05:00,1728187500000,0.3788,0.3788,0.3786,0.3787,27501.3
2024-10-06 04:10:00,1728187800000,0.3786,0.3787,0.3782,0.3784,36115.5
2024-10-06 04:15:00,1728188100000,0.3784,0.3792,0.3783,0.3791,25184.7
2024-10-06 04:20:00,1728188400000,0.379,0.379,0.3784,0.3785,54407.5
2024-10-06 04:25:00,1728188700000,0.3785,0.3788,0.3785,0.3787,13288.1
2024-10-06 04:30:00,1728189000000,0.3786,0.3786,0.3782,0.3783,46614.9
2024-10-06 04:35:00,1728189300000,0.3782,0.3784,0.378,0.378,29049.2
2024-10-06 04:40:00,1728189600000,0.378,0.3781,0.3772,0.3775,50171.6
2024-10-06 04:45:00,1728189900000,0.3775,0.3776,0.3773,0.3776,19431.3
2024-10-06 04:50:00,1728190200000,0.3776,0.3779,0.3776,0.3778,47019.5
2024-10-06 04:55:00,1728190500000,0.3778,0.3782,0.3778,0.3782,14013.0
2024-10-06 05:00:00,1728190800000,0.3781,0.3784,0.3781,0.3781,15687.9
2024-10-06 05:05:00,1728191100000,0.3781,0.3783,0.3779,0.3779,15055.5
2024-10-06 05:10:00,1728191400000,0.3779,0.378,0.3779,0.378,7941.2
2024-10-06 05:15:00,1728191700000,0.3779,0.378,0.3775,0.3778,59615.0
2024-10-06 05:20:00,1728192000000,0.3779,0.3786,0.3779,0.3783,40674.5
2024-10-06 05:25:00,1728192300000,0.3783,0.3786,0.3781,0.3782,29348.7
2024-10-06 05:30:00,1728192600000,0.3783,0.3785,0.3779,0.3779,26696.7
2024-10-06 05:35:00,1728192900000,0.3779,0.378,0.3778,0.378,6904.9
2024-10-06 05:40:00,1728193200000,0.378,0.3782,0.3778,0.3781,21058.8
2024-10-06 05:45:00,1728193500000,0.3781,0.3784,0.3779,0.3783,16509.1
2024-10-06 05:50:00,1728193800000,0.3783,0.3783,0.378,0.3782,32130.7
2024-10-06 05:55:00,1728194100000,0.3781,0.3783,0.3781,0.3781,43153.8
2024-10-06 06:00:00,1728194400000,0.3781,0.3784,0.3781,0.3784,22074.0
2024-10-06 06:05:00,1728194700000,0.3784,0.3788,0.3783,0.3787,16937.8
2024-10-06 06:10:00,1728195000000,0.3787,0.3787,0.3781,0.3783,19352.8
2024-10-06 06:15:00,1728195300000,0.3783,0.3786,0.3782,0.3785,28243.9
2024-10-06 06:20:00,1728195600000,0.3785,0.379,0.3785,0.379,54988.5
2024-10-06 06:25:00,1728195900000,0.379,0.3793,0.379,0.3791,31550.8
2024-10-06 06:30:00,1728196200000,0.3791,0.3791,0.3789,0.3789,10782.8
2024-10-06 06:35:00,1728196500000,0.3789,0.379,0.3789,0.3789,4785.3
2024-10-06 06:40:00,1728196800000,0.379,0.379,0.3788,0.3789,9299.2
2024-10-06 06:45:00,1728197100000,0.3789,0.3789,0.3779,0.3779,71087.8
2024-10-06 06:50:00,1728197400000,0.378,0.3784,0.3779,0.3781,47519.2
2024-10-06 06:55:00,1728197700000,0.3781,0.3783,0.3781,0.3783,33993.7
2024-10-06 07:00:00,1728198000000,0.3783,0.3786,0.3781,0.3784,84613.3
2024-10-06 07:05:00,1728198300000,0.3783,0.3784,0.3782,0.3782,22028.3
2024-10-06 07:10:00,1728198600000,0.3782,0.3785,0.3782,0.3784,28707.4
2024-10-06 07:15:00,1728198900000,0.3783,0.3786,0.3783,0.3785,17197.1
2024-10-06 07:20:00,1728199200000,0.3785,0.3786,0.3782,0.3782,14199.3
2024-10-06 07:25:00,1728199500000,0.3781,0.3783,0.378,0.3781,3511.5
2024-10-06 07:30:00,1728199800000,0.3781,0.3784,0.3781,0.3784,7832.4
2024-10-06 07:35:00,1728200100000,0.3783,0.3784,0.3782,0.3784,15889.6
2024-10-06 07:40:00,1728200400000,0.3784,0.3784,0.378,0.378,14568.9
2024-10-06 07:45:00,1728200700000,0.378,0.3784,0.378,0.3782,26575.9
2024-10-06 07:50:00,1728201000000,0.3783,0.3785,0.3782,0.3782,57896.5
2024-10-06 07:55:00,1728201300000,0.3783,0.3783,0.378,0.3781,19815.3
2024-10-06 08:00:00,1728201600000,0.3781,0.3783,0.3779,0.378,44871.7
2024-10-06 08:05:00,1728201900000,0.378,0.3781,0.3776,0.3776,52905.7
2024-10-06 08:10:00,1728202200000,0.3776,0.3777,0.3775,0.3775,4223.1
2024-10-06 08:15:00,1728202500000,0.3776,0.3784,0.3775,0.3783,51307.6
2024-10-06 08:20:00,1728202800000,0.3783,0.379,0.3782,0.379,33276.5
2024-10-06 08:25:00,1728203100000,0.379,0.3792,0.3786,0.3786,28527.9
2024-10-06 08:30:00,1728203400000,0.3787,0.3793,0.3785,0.3786,88383.7
2024-10-06 08:35:00,1728203700000,0.3785,0.3786,0.3781,0.3782,17823.1
2024-10-06 08:40:00,1728204000000,0.3782,0.3785,0.3782,0.3783,25538.2
2024-10-06 08:45:00,1728204300000,0.3782,0.3784,0.3781,0.3784,29347.0
2024-10-06 08:50:00,1728204600000,0.3783,0.3789,0.3782,0.3789,44336.5
2024-10-06 08:55:00,1728204900000,0.3788,0.3788,0.3786,0.3786,16673.3
2024-10-06 09:00:00,1728205200000,0.3787,0.3787,0.3786,0.3786,23196.9
2024-10-06 09:05:00,1728205500000,0.3787,0.3791,0.3785,0.379,62342.4
2024-10-06 09:10:00,1728205800000,0.3791,0.3791,0.3786,0.379,21121.9
2024-10-06 09:15:00,1728206100000,0.379,0.3794,0.3789,0.3792,32159.0
2024-10-06 09:20:00,1728206400000,0.3793,0.3795,0.3791,0.3794,15941.3
2024-10-06 09:25:00,1728206700000,0.3795,0.3796,0.3794,0.3795,38539.1
2024-10-06 09:30:00,1728207000000,0.3795,0.3798,0.3793,0.3797,86522.1
2024-10-06 09:35:00,1728207300000,0.3796,0.3796,0.3794,0.3795,35239.4
2024-10-06 09:40:00,1728207600000,0.3795,0.3799,0.3795,0.3799,7623.0
2024-10-06 09:45:00,1728207900000,0.3798,0.3805,0.3798,0.3804,126978.5
2024-10-06 09:50:00,1728208200000,0.3803,0.3804,0.3797,0.3797,7405.9
2024-10-06 09:55:00,1728208500000,0.3796,0.3805,0.3796,0.3804,224199.0
2024-10-06 10:00:00,1728208800000,0.3804,0.3807,0.3804,0.3804,43087.6
2024-10-06 10:05:00,1728209100000,0.3805,0.3805,0.3799,0.3799,110864.8
2024-10-06 10:10:00,1728209400000,0.3799,0.3799,0.3798,0.3799,10517.3
2024-10-06 10:15:00,1728209700000,0.3798,0.3802,0.3797,0.3799,94656.9
2024-10-06 10:20:00,1728210000000,0.3798,0.3804,0.3798,0.3804,115214.2
2024-10-06 10:25:00,1728210300000,0.3804,0.3807,0.3803,0.3804,65281.8
2024-10-06 10:30:00,1728210600000,0.3806,0.3806,0.3801,0.3803,31733.5
2024-10-06 10:35:00,1728210900000,0.3802,0.3804,0.3801,0.3803,29201.1
2024-10-06 10:40:00,1728211200000,0.3803,0.3804,0.38,0.3801,16788.6
2024-10-06 10:45:00,1728211500000,0.3801,0.3802,0.38,0.3802,14453.8
2024-10-06 10:50:00,1728211800000,0.3801,0.3801,0.3799,0.3799,10605.5
2024-10-06 10:55:00,1728212100000,0.38,0.3802,0.3798,0.3799,16963.4
2024-10-06 11:00:00,1728212400000,0.3799,0.3805,0.3798,0.3804,67143.3
2024-10-06 11:05:00,1728212700000,0.3803,0.3805,0.3801,0.3805,18495.0
2024-10-06 11:10:00,1728213000000,0.3805,0.3806,0.3802,0.3803,32132.1
2024-10-06 11:15:00,1728213300000,0.3804,0.3805,0.3802,0.3804,14187.3
2024-10-06 11:20:00,1728213600000,0.3804,0.3806,0.3802,0.3805,20599.8
2024-10-06 11:25:00,1728213900000,0.3805,0.3805,0.3803,0.3804,19894.8
2024-10-06 11:30:00,1728214200000,0.3803,0.3805,0.3802,0.3804,39705.9
2024-10-06 11:35:00,1728214500000,0.3805,0.3813,0.3805,0.3813,62291.4
2024-10-06 11:40:00,1728214800000,0.3812,0.3814,0.3811,0.3812,73468.8
2024-10-06 11:45:00,1728215100000,0.3813,0.3814,0.3811,0.3811,50795.0
2024-10-06 11:50:00,1728215400000,0.3811,0.3814,0.381,0.3812,39502.3
2024-10-06 11:55:00,1728215700000,0.3813,0.3814,0.381,0.3811,17700.9
2024-10-06 12:00:00,1728216000000,0.3812,0.3815,0.381,0.3812,40615.8
2024-10-06 12:05:00,1728216300000,0.3813,0.3824,0.3813,0.3817,151208.8
2024-10-06 12:10:00,1728216600000,0.3818,0.382,0.3815,0.3818,25007.5
2024-10-06 12:15:00,1728216900000,0.3818,0.3818,0.3817,0.3817,9030.9
2024-10-06 12:20:00,1728217200000,0.3818,0.3821,0.3816,0.3821,18974.6
2024-10-06 12:25:00,1728217500000,0.3821,0.3823,0.3817,0.3817,38974.5
2024-10-06 12:30:00,1728217800000,0.3818,0.3821,0.3818,0.3821,27149.1
2024-10-06 12:35:00,1728218100000,0.3821,0.3822,0.3819,0.3821,17895.4
2024-10-06 12:40:00,1728218400000,0.3822,0.3822,0.3818,0.3819,38367.6
2024-10-06 12:45:00,1728218700000,0.3818,0.382,0.3816,0.382,24284.2
2024-10-06 12:50:00,1728219000000,0.3819,0.3821,0.3819,0.382,29207.1
2024-10-06 12:55:00,1728219300000,0.382,0.3825,0.3818,0.3823,207317.9
2024-10-06 13:00:00,1728219600000,0.3824,0.3829,0.3824,0.3829,52419.9
2024-10-06 13:05:00,1728219900000,0.3829,0.383,0.3825,0.3826,73153.0
2024-10-06 13:10:00,1728220200000,0.3827,0.3827,0.382,0.3821,14165.2
2024-10-06 13:15:00,1728220500000,0.3821,0.3825,0.382,0.3825,66076.1
2024-10-06 13:20:00,1728220800000,0.3825,0.3825,0.382,0.3822,31235.1
2024-10-06 13:25:00,1728221100000,0.3822,0.3822,0.3817,0.3818,38603.2
2024-10-06 13:30:00,1728221400000,0.3818,0.382,0.3817,0.3819,16038.8
2024-10-06 13:35:00,1728221700000,0.3819,0.3821,0.3817,0.3817,36031.9
2024-10-06 13:40:00,1728222000000,0.3817,0.3819,0.3816,0.3816,43517.8
2024-10-06 13:45:00,1728222300000,0.3817,0.3818,0.3814,0.3818,27131.3
2024-10-06 13:50:00,1728222600000,0.3818,0.3819,0.3814,0.3814,85225.0
2024-10-06 13:55:00,1728222900000,0.3814,0.3815,0.3812,0.3814,54497.5
2024-10-06 14:00:00,1728223200000,0.3814,0.3814,0.3807,0.3807,58597.2
2024-10-06 14:05:00,1728223500000,0.3807,0.3815,0.3807,0.3812,96931.5
2024-10-06 14:10:00,1728223800000,0.3812,0.382,0.3812,0.382,113035.6
2024-10-06 14:15:00,1728224100000,0.3819,0.3823,0.3819,0.382,17085.1
2024-10-06 14:20:00,1728224400000,0.382,0.3825,0.382,0.3823,46924.2
2024-10-06 14:25:00,1728224700000,0.3824,0.3829,0.3822,0.3823,78677.4
2024-10-06 14:30:00,1728225000000,0.3826,0.3829,0.3823,0.3823,50442.3
2024-10-06 14:35:00,1728225300000,0.3823,0.3835,0.3822,0.3835,150622.6
2024-10-06 14:40:00,1728225600000,0.3835,0.3839,0.3834,0.3835,82829.2
2024-10-06 14:45:00,1728225900000,0.3837,0.3839,0.3834,0.3835,46404.8
2024-10-06 14:50:00,1728226200000,0.3836,0.3839,0.3835,0.3835,53949.3
2024-10-06 14:55:00,1728226500000,0.3836,0.384,0.3835,0.3838,267629.7
2024-10-06 15:00:00,1728226800000,0.3838,0.384,0.383,0.383,183368.2
2024-10-06 15:05:00,1728227100000,0.3829,0.3833,0.3826,0.383,118551.8
2024-10-06 15:10:00,1728227400000,0.3829,0.3835,0.3829,0.3829,86822.5
2024-10-06 15:15:00,1728227700000,0.3829,0.3832,0.3828,0.383,120397.8
2024-10-06 15:20:00,1728228000000,0.383,0.383,0.3827,0.383,157014.2
2024-10-06 15:25:00,1728228300000,0.383,0.383,0.3824,0.3825,73032.3
2024-10-06 15:30:00,1728228600000,0.3826,0.383,0.3826,0.3829,79641.9
2024-10-06 15:35:00,1728228900000,0.383,0.3837,0.3829,0.3837,44072.6
2024-10-06 15:40:00,1728229200000,0.3836,0.3837,0.3832,0.3832,34615.8
2024-10-06 15:45:00,1728229500000,0.3832,0.3834,0.3829,0.3833,48796.7
2024-10-06 15:50:00,1728229800000,0.3833,0.3841,0.3832,0.384,83692.2
2024-10-06 15:55:00,1728230100000,0.384,0.3845,0.3838,0.3841,133652.9
2024-10-06 16:00:00,1728230400000,0.384,0.385,0.384,0.3847,210349.7
2024-10-06 16:05:00,1728230700000,0.3847,0.3853,0.3845,0.3847,349174.0
2024-10-06 16:10:00,1728231000000,0.3847,0.3847,0.3842,0.3846,173330.0
2024-10-06 16:15:00,1728231300000,0.3845,0.3849,0.3844,0.3844,86586.8
2024-10-06 16:20:00,1728231600000,0.3844,0.3845,0.3838,0.3838,131783.5
2024-10-06 16:25:00,1728231900000,0.3838,0.3839,0.3831,0.3834,167498.7
2024-10-06 16:30:00,1728232200000,0.3834,0.3841,0.3833,0.3837,96035.3
2024-10-06 16:35:00,1728232500000,0.3837,0.3839,0.3836,0.3837,24199.7
2024-10-06 16:40:00,1728232800000,0.3837,0.3839,0.3832,0.3835,50753.9
2024-10-06 16:45:00,1728233100000,0.3834,0.3844,0.3831,0.384,98128.4
2024-10-06 16:50:00,1728233400000,0.384,0.3845,0.384,0.384,63073.1
2024-10-06 16:55:00,1728233700000,0.384,0.3842,0.3829,0.3832,95248.2
2024-10-06 17:00:00,1728234000000,0.3831,0.3844,0.3831,0.3843,154689.9
2024-10-06 17:05:00,1728234300000,0.3842,0.3842,0.3836,0.3838,36576.8
2024-10-06 17:10:00,1728234600000,0.3837,0.3839,0.3833,0.3837,74617.4
2024-10-06 17:15:00,1728234900000,0.3837,0.3838,0.3833,0.3833,169846.5
2024-10-06 17:20:00,1728235200000,0.3834,0.3834,0.3829,0.3833,92112.2
2024-10-06 17:25:00,1728235500000,0.3832,0.3832,0.383,0.3832,28009.9
2024-10-06 17:30:00,1728235800000,0.3832,0.3832,0.3824,0.3826,122576.3
2024-10-06 17:35:00,1728236100000,0.3826,0.3831,0.3826,0.3828,127524.1
2024-10-06 17:40:00,1728236400000,0.3828,0.3833,0.3827,0.3829,134568.0
2024-10-06 17:45:00,1728236700000,0.3829,0.383,0.3822,0.3826,49574.6
2024-10-06 17:50:00,1728237000000,0.3827,0.383,0.3827,0.3829,30963.8
2024-10-06 17:55:00,1728237300000,0.3829,0.3831,0.3826,0.3826,47349.9
2024-10-06 18:00:00,1728237600000,0.3827,0.3832,0.3827,0.383,63633.7
2024-10-06 18:05:00,1728237900000,0.383,0.3833,0.3829,0.3832,29263.1
2024-10-06 18:10:00,1728238200000,0.3831,0.3833,0.3831,0.3833,16900.5
2024-10-06 18:15:00,1728238500000,0.3833,0.3834,0.3827,0.3828,52191.9
2024-10-06 18:20:00,1728238800000,0.3828,0.3831,0.3826,0.3831,37198.7
2024-10-06 18:25:00,1728239100000,0.383,0.3832,0.3825,0.3828,33391.7
2024-10-06 18:30:00,1728239400000,0.3827,0.3829,0.3825,0.3826,23468.8
2024-10-06 18:35:00,1728239700000,0.3825,0.3829,0.3825,0.3828,21229.8
2024-10-06 18:40:00,1728240000000,0.3827,0.383,0.3827,0.3828,49012.6
2024-10-06 18:45:00,1728240300000,0.3828,0.3832,0.3827,0.3832,15167.8
2024-10-06 18:50:00,1728240600000,0.3832,0.3833,0.383,0.383,16976.4
2024-10-06 18:55:00,1728240900000,0.3831,0.3833,0.383,0.3832,20528.4
2024-10-06 19:00:00,1728241200000,0.3831,0.3834,0.383,0.3834,59604.0
2024-10-06 19:05:00,1728241500000,0.3835,0.3836,0.3833,0.3833,119769.1
2024-10-06 19:10:00,1728241800000,0.3834,0.3835,0.3832,0.3833,45788.2
2024-10-06 19:15:00,1728242100000,0.3833,0.3834,0.383,0.383,90870.3
2024-10-06 19:20:00,1728242400000,0.383,0.3832,0.3829,0.3831,59303.8
2024-10-06 19:25:00,1728242700000,0.3832,0.3834,0.3831,0.3833,141882.5
2024-10-06 19:30:00,1728243000000,0.3832,0.3835,0.3825,0.3826,164795.5
2024-10-06 19:35:00,1728243300000,0.3826,0.3834,0.3826,0.3829,85354.6
2024-10-06 19:40:00,1728243600000,0.3829,0.383,0.3824,0.3824,69905.9
2024-10-06 19:45:00,1728243900000,0.3825,0.3828,0.3823,0.3823,35845.7
2024-10-06 19:50:00,1728244200000,0.3823,0.3827,0.3822,0.3822,35503.1
2024-10-06 19:55:00,1728244500000,0.3822,0.3823,0.3817,0.3817,91885.5
2024-10-06 20:00:00,1728244800000,0.3817,0.3824,0.3817,0.3823,43003.8
2024-10-06 20:05:00,1728245100000,0.3824,0.3825,0.3821,0.3823,37895.7
2024-10-06 20:10:00,1728245400000,0.3822,0.3828,0.3822,0.3827,42721.7
2024-10-06 20:15:00,1728245700000,0.3827,0.3831,0.3827,0.3828,27694.9
2024-10-06 20:20:00,1728246000000,0.3827,0.3827,0.3823,0.3824,27525.0
2024-10-06 20:25:00,1728246300000,0.3823,0.3824,0.3821,0.3822,13569.0
2024-10-06 20:30:00,1728246600000,0.3822,0.3825,0.382,0.3822,31673.5
2024-10-06 20:35:00,1728246900000,0.3821,0.3823,0.3821,0.3822,27057.4
2024-10-06 20:40:00,1728247200000,0.3821,0.3825,0.3821,0.3824,62973.3
2024-10-06 20:45:00,1728247500000,0.3823,0.3825,0.3821,0.3824,41062.7
2024-10-06 20:50:00,1728247800000,0.3823,0.3823,0.3814,0.3815,84151.7
2024-10-06 20:55:00,1728248100000,0.3815,0.3819,0.3814,0.3818,46651.5
2024-10-06 21:00:00,1728248400000,0.3817,0.3822,0.3816,0.3821,52949.8
2024-10-06 21:05:00,1728248700000,0.3822,0.3824,0.3818,0.3818,36378.4
2024-10-06 21:10:00,1728249000000,0.3818,0.3819,0.3814,0.3817,18751.0
2024-10-06 21:15:00,1728249300000,0.3816,0.3818,0.3813,0.3814,43049.2
2024-10-06 21:20:00,1728249600000,0.3813,0.3814,0.3805,0.3808,151053.7
2024-10-06 21:25:00,1728249900000,0.3808,0.3816,0.3808,0.3815,73419.0
2024-10-06 21:30:00,1728250200000,0.3814,0.3823,0.3812,0.3821,80970.2
2024-10-06 21:35:00,1728250500000,0.3821,0.3821,0.3817,0.3817,35636.3
2024-10-06 21:40:00,1728250800000,0.3816,0.3817,0.3812,0.3814,43434.8
2024-10-06 21:45:00,1728251100000,0.3813,0.3814,0.3802,0.3802,119672.3
2024-10-06 21:50:00,1728251400000,0.3801,0.3804,0.3801,0.3803,37301.4
2024-10-06 21:55:00,1728251700000,0.3803,0.3803,0.3799,0.3799,368245.9
2024-10-06 22:00:00,1728252000000,0.38,0.3805,0.3799,0.3804,41254.1
2024-10-06 22:05:00,1728252300000,0.3804,0.381,0.3804,0.3808,30358.1
2024-10-06 22:10:00,1728252600000,0.3808,0.3813,0.3808,0.3811,111603.7
2024-10-06 22:15:00,1728252900000,0.3811,0.3818,0.381,0.3818,50105.9
2024-10-06 22:20:00,1728253200000,0.3817,0.3819,0.3809,0.3811,108459.3
2024-10-06 22:25:00,1728253500000,0.3811,0.3812,0.381,0.3811,20288.6
2024-10-06 22:30:00,1728253800000,0.3811,0.3812,0.3808,0.3809,30691.2
2024-10-06 22:35:00,1728254100000,0.3807,0.3814,0.3807,0.3814,33135.1
2024-10-06 22:40:00,1728254400000,0.3811,0.382,0.3811,0.3819,78305.1
2024-10-06 22:45:00,1728254700000,0.3819,0.3819,0.3812,0.3813,27604.6
2024-10-06 22:50:00,1728255000000,0.3813,0.3817,0.3812,0.3816,45049.1
2024-10-06 22:55:00,1728255300000,0.3816,0.3819,0.3814,0.3819,28670.2
2024-10-06 23:00:00,1728255600000,0.3818,0.3835,0.3818,0.3825,436801.7
2024-10-06 23:05:00,1728255900000,0.3825,0.3825,0.3817,0.3825,94446.5
2024-10-06 23:10:00,1728256200000,0.3826,0.3826,0.3817,0.3819,74627.6
2024-10-06 23:15:00,1728256500000,0.382,0.3826,0.3818,0.3826,86105.8
2024-10-06 23:20:00,1728256800000,0.3826,0.3834,0.3825,0.3831,96698.8
2024-10-06 23:25:00,1728257100000,0.3831,0.3831,0.3828,0.3829,17022.2
2024-10-06 23:30:00,1728257400000,0.383,0.3832,0.3827,0.3829,69464.3
2024-10-06 23:35:00,1728257700000,0.3829,0.3833,0.3825,0.3829,279264.4
2024-10-06 23:40:00,1728258000000,0.383,0.3835,0.3828,0.3833,152712.0
2024-10-06 23:45:00,1728258300000,0.3833,0.3833,0.3824,0.3827,41283.0
2024-10-06 23:50:00,1728258600000,0.3826,0.3828,0.3824,0.3825,35744.3
2024-10-06 23:55:00,1728258900000,0.3824,0.3829,0.3821,0.3829,64143.1
2024-10-07 00:00:00,1728259200000,0.3828,0.3828,0.3818,0.3826,170938.4
2024-10-07 00:05:00,1728259500000,0.3825,0.383,0.3823,0.3823,105044.0
2024-10-07 00:10:00,1728259800000,0.3823,0.3825,0.3813,0.3825,249309.0
2024-10-07 00:15:00,1728260100000,0.3824,0.3834,0.3819,0.3834,190855.3
2024-10-07 00:20:00,1728260400000,0.3835,0.3842,0.3833,0.3837,222484.3
2024-10-07 00:25:00,1728260700000,0.3837,0.3837,0.3825,0.383,171050.7
2024-10-07 00:30:00,1728261000000,0.3831,0.3834,0.3823,0.3834,160892.1
2024-10-07 00:35:00,1728261300000,0.3834,0.3859,0.3834,0.3857,1203168.6
2024-10-07 00:40:00,1728261600000,0.3858,0.3865,0.3855,0.3861,303963.8
2024-10-07 00:45:00,1728261900000,0.3861,0.3871,0.3856,0.387,409000.3
2024-10-07 00:50:00,1728262200000,0.387,0.3875,0.3867,0.3867,261663.6
2024-10-07 00:55:00,1728262500000,0.3867,0.3874,0.3866,0.3874,109174.8
2024-10-07 01:00:00,1728262800000,0.3875,0.3881,0.3874,0.3881,212875.0
2024-10-07 01:05:00,1728263100000,0.3881,0.3884,0.3876,0.3882,133101.4
2024-10-07 01:10:00,1728263400000,0.3882,0.3886,0.3877,0.3878,195607.9
2024-10-07 01:15:00,1728263700000,0.3879,0.3884,0.3875,0.3881,170562.1
2024-10-07 01:20:00,1728264000000,0.3881,0.3883,0.3877,0.3881,59057.6
2024-10-07 01:25:00,1728264300000,0.3881,0.3887,0.3881,0.3884,110978.9
2024-10-07 01:30:00,1728264600000,0.3885,0.3889,0.3883,0.3888,140704.4
2024-10-07 01:35:00,1728264900000,0.3888,0.3889,0.3884,0.3884,63065.0
2024-10-07 01:40:00,1728265200000,0.3885,0.3889,0.3885,0.3885,51880.2
2024-10-07 01:45:00,1728265500000,0.3886,0.3891,0.3886,0.3889,94009.9
2024-10-07 01:50:00,1728265800000,0.389,0.3894,0.3889,0.3893,57370.1
2024-10-07 01:55:00,1728266100000,0.3894,0.3898,0.3893,0.3897,169337.8
2024-10-07 02:00:00,1728266400000,0.3898,0.39,0.3895,0.3896,318419.6
2024-10-07 02:05:00,1728266700000,0.3897,0.3897,0.3894,0.3897,59593.6
2024-10-07 02:10:00,1728267000000,0.3896,0.3897,0.3894,0.3894,68540.7
2024-10-07 02:15:00,1728267300000,0.3894,0.3895,0.3882,0.3889,257982.3
2024-10-07 02:20:00,1728267600000,0.3888,0.3895,0.3886,0.3893,101209.4
2024-10-07 02:25:00,1728267900000,0.3893,0.3894,0.3887,0.3888,74391.4
2024-10-07 02:30:00,1728268200000,0.3887,0.3892,0.3882,0.389,93802.9
2024-10-07 02:35:00,1728268500000,0.389,0.3891,0.3884,0.3884,120530.7
2024-10-07 02:40:00,1728268800000,0.3884,0.3885,0.3873,0.3876,138426.9
2024-10-07 02:45:00,1728269100000,0.3876,0.3888,0.3876,0.3884,174146.4
2024-10-07 02:50:00,1728269400000,0.3885,0.3894,0.3885,0.3889,136254.7
2024-10-07 02:55:00,1728269700000,0.389,0.389,0.3882,0.3884,46094.3
2024-10-07 03:00:00,1728270000000,0.3884,0.3889,0.3882,0.3889,69743.0
2024-10-07 03:05:00,1728270300000,0.3888,0.3888,0.3883,0.3887,62542.5
2024-10-07 03:10:00,1728270600000,0.3887,0.3889,0.3884,0.3886,31155.8
2024-10-07 03:15:00,1728270900000,0.3885,0.3885,0.388,0.3881,56526.4
2024-10-07 03:20:00,1728271200000,0.3881,0.3881,0.3877,0.3878,104496.6
2024-10-07 03:25:00,1728271500000,0.3878,0.3881,0.3877,0.388,26966.7
2024-10-07 03:30:00,1728271800000,0.3881,0.3884,0.3869,0.3872,246967.4
2024-10-07 03:35:00,1728272100000,0.3872,0.3872,0.3864,0.3869,115757.0
2024-10-07 03:40:00,1728272400000,0.387,0.3877,0.387,0.3875,63577.9
2024-10-07 03:45:00,1728272700000,0.3876,0.3881,0.3874,0.3878,28213.5
2024-10-07 03:50:00,1728273000000,0.3877,0.3879,0.3874,0.3874,44966.8
2024-10-07 03:55:00,1728273300000,0.3876,0.388,0.3875,0.3879,49022.3
2024-10-07 04:00:00,1728273600000,0.3879,0.3882,0.3879,0.3882,52386.3
2024-10-07 04:05:00,1728273900000,0.3882,0.3883,0.3879,0.3882,49004.6
2024-10-07 04:10:00,1728274200000,0.3883,0.3885,0.388,0.3885,40510.1
2024-10-07 04:15:00,1728274500000,0.3885,0.3886,0.3883,0.3883,53092.3
2024-10-07 04:20:00,1728274800000,0.3884,0.3887,0.3881,0.3883,40444.4
2024-10-07 04:25:00,1728275100000,0.3883,0.3886,0.3882,0.3884,23953.8
2024-10-07 04:30:00,1728275400000,0.3885,0.3885,0.3879,0.3879,46910.8
2024-10-07 04:35:00,1728275700000,0.3879,0.3879,0.3876,0.3877,39550.2
2024-10-07 04:40:00,1728276000000,0.3877,0.3877,0.3871,0.3873,36000.1
2024-10-07 04:45:00,1728276300000,0.3872,0.3874,0.3871,0.3872,23075.0
2024-10-07 04:50:00,1728276600000,0.3872,0.3872,0.3864,0.3867,119782.4
2024-10-07 04:55:00,1728276900000,0.3867,0.387,0.3866,0.3868,108711.6
2024-10-07 05:00:00,1728277200000,0.3868,0.3872,0.3865,0.387,53532.4
2024-10-07 05:05:00,1728277500000,0.387,0.3876,0.3869,0.3876,44663.4
2024-10-07 05:10:00,1728277800000,0.3874,0.3879,0.3874,0.3878,34755.9
2024-10-07 05:15:00,1728278100000,0.3877,0.388,0.3877,0.3878,27038.1
2024-10-07 05:20:00,1728278400000,0.3878,0.3878,0.3868,0.3868,64290.7
2024-10-07 05:25:00,1728278700000,0.3868,0.387,0.3866,0.3867,18912.1
2024-10-07 05:30:00,1728279000000,0.3867,0.3868,0.3859,0.3865,75970.9
2024-10-07 05:35:00,1728279300000,0.3864,0.3866,0.3859,0.3861,117569.1
2024-10-07 05:40:00,1728279600000,0.3862,0.3862,0.3858,0.3858,41202.6
2024-10-07 05:45:00,1728279900000,0.3859,0.3862,0.3859,0.3859,35412.5
2024-10-07 05:50:00,1728280200000,0.3859,0.386,0.3857,0.3859,40230.3
2024-10-07 05:55:00,1728280500000,0.3859,0.3861,0.3858,0.3861,31604.1
2024-10-07 06:00:00,1728280800000,0.386,0.3861,0.3856,0.386,47291.4
2024-10-07 06:05:00,1728281100000,0.3861,0.3869,0.3861,0.3867,39633.0
2024-10-07 06:10:00,1728281400000,0.3867,0.3868,0.3862,0.3863,65518.3
2024-10-07 06:15:00,1728281700000,0.3862,0.3866,0.3861,0.3864,75084.2
2024-10-07 06:20:00,1728282000000,0.3864,0.3866,0.3861,0.3863,38822.1
2024-10-07 06:25:00,1728282300000,0.3864,0.3866,0.3862,0.3865,40771.2
2024-10-07 06:30:00,1728282600000,0.3865,0.3867,0.3863,0.3867,38015.1
2024-10-07 06:35:00,1728282900000,0.3867,0.3873,0.3865,0.3865,78204.6
2024-10-07 06:40:00,1728283200000,0.3864,0.3868,0.3863,0.3868,69923.9
2024-10-07 06:45:00,1728283500000,0.3869,0.3872,0.3867,0.3871,31781.2
2024-10-07 06:50:00,1728283800000,0.3871,0.3875,0.3871,0.3874,26133.4
2024-10-07 06:55:00,1728284100000,0.3874,0.3876,0.3872,0.3875,54795.8
2024-10-07 07:00:00,1728284400000,0.3875,0.3877,0.3873,0.3875,24497.4
2024-10-07 07:05:00,1728284700000,0.3872,0.3875,0.3869,0.387,44481.9
2024-10-07 07:10:00,1728285000000,0.3869,0.387,0.3866,0.3867,52459.0
2024-10-07 07:15:00,1728285300000,0.3868,0.3868,0.3865,0.3868,54405.2
2024-10-07 07:20:00,1728285600000,0.3866,0.3867,0.3859,0.386,60038.0
2024-10-07 07:25:00,1728285900000,0.386,0.3864,0.3859,0.3862,36695.8
2024-10-07 07:30:00,1728286200000,0.3862,0.3869,0.3861,0.3867,44743.9
2024-10-07 07:35:00,1728286500000,0.3866,0.3866,0.3859,0.3859,50524.2
2024-10-07 07:40:00,1728286800000,0.3859,0.3859,0.3853,0.3855,109586.3
2024-10-07 07:45:00,1728287100000,0.3855,0.386,0.3854,0.3854,111977.2
2024-10-07 07:50:00,1728287400000,0.3854,0.3858,0.3853,0.3858,55118.1
2024-10-07 07:55:00,1728287700000,0.3859,0.386,0.3856,0.3856,20226.2
2024-10-07 08:00:00,1728288000000,0.3856,0.3863,0.3855,0.3863,50854.4
2024-10-07 08:05:00,1728288300000,0.3862,0.3868,0.3861,0.3866,73152.3
2024-10-07 08:10:00,1728288600000,0.3863,0.3867,0.3862,0.3867,53482.5
2024-10-07 08:15:00,1728288900000,0.3866,0.3871,0.3864,0.387,96775.8
2024-10-07 08:20:00,1728289200000,0.3869,0.387,0.3867,0.3869,34145.8
2024-10-07 08:25:00,1728289500000,0.3868,0.3868,0.3862,0.3863,32621.1
2024-10-07 08:30:00,1728289800000,0.3863,0.3869,0.3863,0.3869,55800.0
2024-10-07 08:35:00,1728290100000,0.3868,0.3874,0.3867,0.3867,47663.7
2024-10-07 08:40:00,1728290400000,0.3867,0.3872,0.3865,0.3869,42178.2
2024-10-07 08:45:00,1728290700000,0.3869,0.3872,0.3866,0.3867,98343.1
2024-10-07 08:50:00,1728291000000,0.3868,0.3873,0.3865,0.387,96842.6
2024-10-07 08:55:00,1728291300000,0.3869,0.3871,0.3865,0.3866,39220.9
2024-10-07 09:00:00,1728291600000,0.3866,0.3867,0.3861,0.3861,98038.4
2024-10-07 09:05:00,1728291900000,0.3861,0.3861,0.3854,0.3856,131360.7
2024-10-07 09:10:00,1728292200000,0.3856,0.3856,0.385,0.3853,163399.9
2024-10-07 09:15:00,1728292500000,0.3853,0.3855,0.3838,0.3839,161738.6
2024-10-07 09:20:00,1728292800000,0.384,0.3841,0.3821,0.3831,347210.8
2024-10-07 09:25:00,1728293100000,0.3831,0.3832,0.382,0.3821,125747.7
2024-10-07 09:30:00,1728293400000,0.382,0.3836,0.382,0.3833,253669.4
2024-10-07 09:35:00,1728293700000,0.3831,0.3831,0.3815,0.3826,218428.8
2024-10-07 09:40:00,1728294000000,0.3826,0.383,0.3821,0.3829,343580.0
2024-10-07 09:45:00,1728294300000,0.3829,0.3834,0.3824,0.3825,146549.6
2024-10-07 09:50:00,1728294600000,0.3826,0.383,0.3823,0.3829,86521.2
2024-10-07 09:55:00,1728294900000,0.383,0.3834,0.3827,0.3833,29945.5
2024-10-07 10:00:00,1728295200000,0.3832,0.3832,0.382,0.3821,125340.0
2024-10-07 10:05:00,1728295500000,0.3823,0.3823,0.3816,0.3817,87873.4
2024-10-07 10:10:00,1728295800000,0.3818,0.3818,0.3808,0.381,191458.3
2024-10-07 10:15:00,1728296100000,0.381,0.3819,0.3808,0.3814,159529.0
2024-10-07 10:20:00,1728296400000,0.3815,0.3815,0.3794,0.38,344861.3
2024-10-07 10:25:00,1728296700000,0.3799,0.3809,0.3799,0.3806,148104.5
2024-10-07 10:30:00,1728297000000,0.3806,0.3813,0.3801,0.381,96836.8
2024-10-07 10:35:00,1728297300000,0.381,0.3817,0.381,0.3816,113029.7
2024-10-07 10:40:00,1728297600000,0.3815,0.382,0.3811,0.3818,166627.6
2024-10-07 10:45:00,1728297900000,0.3818,0.382,0.381,0.382,67291.1
2024-10-07 10:50:00,1728298200000,0.3819,0.3822,0.3816,0.3819,80920.4
2024-10-07 10:55:00,1728298500000,0.3818,0.3819,0.3815,0.3815,65776.5
2024-10-07 11:00:00,1728298800000,0.3815,0.3816,0.3806,0.3807,109898.0
2024-10-07 11:05:00,1728299100000,0.3806,0.3806,0.3789,0.3804,345809.8
2024-10-07 11:10:00,1728299400000,0.3806,0.3817,0.3804,0.3815,293643.7
2024-10-07 11:15:00,1728299700000,0.3815,0.3819,0.3809,0.3818,188899.1
2024-10-07 11:20:00,1728300000000,0.3818,0.3819,0.3813,0.3819,86468.2
2024-10-07 11:25:00,1728300300000,0.3818,0.382,0.3815,0.3815,90985.5
2024-10-07 11:30:00,1728300600000,0.3816,0.3819,0.3812,0.3816,77227.8
2024-10-07 11:35:00,1728300900000,0.3817,0.3823,0.3817,0.3823,166973.9
2024-10-07 11:40:00,1728301200000,0.3823,0.3826,0.3822,0.3826,26037.7
2024-10-07 11:45:00,1728301500000,0.3826,0.3828,0.3824,0.3825,71291.8
2024-10-07 11:50:00,1728301800000,0.3825,0.3826,0.3822,0.3824,30802.1
2024-10-07 11:55:00,1728302100000,0.3824,0.3839,0.3824,0.3839,338256.5
2024-10-07 12:00:00,1728302400000,0.3839,0.3839,0.3825,0.3826,77854.9
2024-10-07 12:05:00,1728302700000,0.3827,0.383,0.3822,0.3826,79155.6
2024-10-07 12:10:00,1728303000000,0.3824,0.3827,0.3822,0.3824,52047.5
2024-10-07 12:15:00,1728303300000,0.3826,0.3831,0.3822,0.3824,51763.1
2024-10-07 12:20:00,1728303600000,0.3824,0.3826,0.3819,0.3825,79721.4
2024-10-07 12:25:00,1728303900000,0.3824,0.3832,0.3824,0.3832,58706.7
2024-10-07 12:30:00,1728304200000,0.3832,0.3832,0.3822,0.3823,97177.2
2024-10-07 12:35:00,1728304500000,0.3822,0.3825,0.3817,0.3824,149302.0
2024-10-07 12:40:00,1728304800000,0.3824,0.3825,0.3822,0.3825,26556.1
2024-10-07 12:45:00,1728305100000,0.3824,0.3829,0.3822,0.3828,59531.5
2024-10-07 12:50:00,1728305400000,0.3828,0.383,0.3816,0.3816,64967.9
2024-10-07 12:55:00,1728305700000,0.3816,0.3818,0.3812,0.3818,35341.1
2024-10-07 13:00:00,1728306000000,0.3817,0.3823,0.3815,0.3821,58489.1
2024-10-07 13:05:00,1728306300000,0.3821,0.3825,0.382,0.3824,53989.4
2024-10-07 13:10:00,1728306600000,0.3823,0.3827,0.3822,0.3824,51565.9
2024-10-07 13:15:00,1728306900000,0.3825,0.3829,0.382,0.3829,48172.8
2024-10-07 13:20:00,1728307200000,0.3829,0.3835,0.3827,0.3835,95780.6
2024-10-07 13:25:00,1728307500000,0.3834,0.3834,0.3828,0.3831,73358.6
2024-10-07 13:30:00,1728307800000,0.3833,0.3836,0.3826,0.3829,126321.0
2024-10-07 13:35:00,1728308100000,0.3829,0.3833,0.3825,0.383,86391.1
2024-10-07 13:40:00,1728308400000,0.383,0.3841,0.383,0.3838,120103.1
2024-10-07 13:45:00,1728308700000,0.3837,0.3857,0.3835,0.3852,458183.4
2024-10-07 13:50:00,1728309000000,0.3852,0.3853,0.384,0.3844,354100.7
2024-10-07 13:55:00,1728309300000,0.3843,0.3849,0.3842,0.3847,164371.6
2024-10-07 14:00:00,1728309600000,0.3847,0.3859,0.3847,0.3857,365383.2
2024-10-07 14:05:00,1728309900000,0.3857,0.3861,0.3847,0.3853,182237.4
2024-10-07 14:10:00,1728310200000,0.3852,0.3858,0.3851,0.3855,194784.2
2024-10-07 14:15:00,1728310500000,0.3855,0.3869,0.3848,0.3867,421641.7
2024-10-07 14:20:00,1728310800000,0.3868,0.3886,0.3867,0.388,687181.8
2024-10-07 14:25:00,1728311100000,0.3879,0.3881,0.3861,0.3866,550759.3
2024-10-07 14:30:00,1728311400000,0.3867,0.3875,0.3857,0.3857,585216.8
2024-10-07 14:35:00,1728311700000,0.3857,0.3871,0.3856,0.3871,222917.2
2024-10-07 14:40:00,1728312000000,0.3869,0.3879,0.3863,0.3868,398044.9
2024-10-07 14:45:00,1728312300000,0.3869,0.3871,0.3855,0.3861,171644.6
2024-10-07 14:50:00,1728312600000,0.3861,0.3865,0.3844,0.3846,408030.6
2024-10-07 14:55:00,1728312900000,0.3846,0.3859,0.3846,0.385,121838.4
2024-10-07 15:00:00,1728313200000,0.385,0.3853,0.3827,0.3838,417655.7
2024-10-07 15:05:00,1728313500000,0.3838,0.3845,0.3833,0.3843,164395.5
2024-10-07 15:10:00,1728313800000,0.3842,0.3851,0.3838,0.3849,185129.4
2024-10-07 15:15:00,1728314100000,0.3848,0.3848,0.3834,0.3845,207460.7
2024-10-07 15:20:00,1728314400000,0.3846,0.3851,0.3846,0.3848,63805.6
2024-10-07 15:25:00,1728314700000,0.3848,0.3848,0.3841,0.3848,69010.5
2024-10-07 15:30:00,1728315000000,0.3849,0.386,0.3849,0.3856,215324.9
2024-10-07 15:35:00,1728315300000,0.3856,0.3858,0.3845,0.3845,79807.9
2024-10-07 15:40:00,1728315600000,0.3847,0.3851,0.3842,0.3843,73248.3
2024-10-07 15:45:00,1728315900000,0.3842,0.3843,0.3835,0.3841,111254.7
2024-10-07 15:50:00,1728316200000,0.3841,0.3844,0.3839,0.3842,54677.6
2024-10-07 15:55:00,1728316500000,0.3842,0.3844,0.3835,0.3842,139134.4
2024-10-07 16:00:00,1728316800000,0.3843,0.385,0.384,0.3845,98571.8
2024-10-07 16:05:00,1728317100000,0.3845,0.3851,0.3843,0.3851,122656.2
2024-10-07 16:10:00,1728317400000,0.385,0.385,0.3826,0.3834,271522.3
2024-10-07 16:15:00,1728317700000,0.3834,0.3844,0.3833,0.3844,156794.3
2024-10-07 16:20:00,1728318000000,0.3844,0.3848,0.3838,0.3843,149705.5
2024-10-07 16:25:00,1728318300000,0.3843,0.3843,0.3838,0.3841,123523.2
2024-10-07 16:30:00,1728318600000,0.3842,0.3846,0.3834,0.3842,170548.8
2024-10-07 16:35:00,1728318900000,0.3842,0.3849,0.3842,0.3845,159516.2
2024-10-07 16:40:00,1728319200000,0.3845,0.385,0.3842,0.3844,193447.8
2024-10-07 16:45:00,1728319500000,0.3843,0.3849,0.3839,0.3846,184402.9
2024-10-07 16:50:00,1728319800000,0.3848,0.3851,0.3844,0.385,59330.7
2024-10-07 16:55:00,1728320100000,0.3849,0.3857,0.3847,0.3852,348814.4
2024-10-07 17:00:00,1728320400000,0.3852,0.3855,0.3851,0.3853,45874.2
2024-10-07 17:05:00,1728320700000,0.3851,0.3855,0.3847,0.385,98171.4
2024-10-07 17:10:00,1728321000000,0.3851,0.3853,0.3846,0.3852,123748.8
2024-10-07 17:15:00,1728321300000,0.3851,0.3852,0.3846,0.3848,63768.3
